# This file uses centimeters as units for non-parametric coordinates.

mtllib stage led screen.mtl
g default
v -9.246817 4.737046 -12.329165
v -9.209649 4.721651 -12.329165
v -9.209649 4.737046 -12.291997
v -9.209649 4.774213 -12.276602
v -9.246817 4.774213 -12.291997
v -9.262212 4.774213 -12.329165
v 9.014756 4.737046 -12.329165
v 9.030151 4.774213 -12.329165
v 9.014756 4.774213 -12.291997
v 8.977589 4.774213 -12.276602
v 8.977589 4.737046 -12.291997
v 8.977589 4.721651 -12.329165
v -9.246817 4.916528 -12.329165
v -9.262212 4.879361 -12.329165
v -9.246817 4.879361 -12.291997
v -9.209649 4.879361 -12.276602
v -9.209649 4.916528 -12.291997
v -9.209649 4.931923 -12.329165
v 9.014756 4.916528 -12.329165
v 8.977589 4.931923 -12.329165
v 8.977589 4.916528 -12.291997
v 8.977589 4.879361 -12.276602
v 9.014756 4.879361 -12.291997
v 9.030151 4.879361 -12.329165
v -9.246817 4.879361 -13.623702
v -9.262212 4.879361 -13.586535
v -9.246817 4.916528 -13.586535
v -9.209649 4.931923 -13.586535
v -9.209649 4.916528 -13.623702
v -9.209649 4.879361 -13.639097
v 9.014756 4.879361 -13.623702
v 8.977589 4.879361 -13.639097
v 8.977589 4.916528 -13.623702
v 8.977589 4.931923 -13.586535
v 9.014756 4.916528 -13.586535
v 9.030151 4.879361 -13.586535
v -9.246817 4.737046 -13.586535
v -9.262212 4.774213 -13.586535
v -9.246817 4.774213 -13.623702
v -9.209649 4.774213 -13.639097
v -9.209649 4.737046 -13.623702
v -9.209649 4.721651 -13.586535
v 9.014756 4.737046 -13.586535
v 8.977589 4.721651 -13.586535
v 8.977589 4.737046 -13.623702
v 8.977589 4.774213 -13.639097
v 9.014756 4.774213 -13.623702
v 9.030151 4.774213 -13.586535
v -7.169740 2.884883 -12.329165
v -7.154345 2.922051 -12.329165
v -7.169740 2.922051 -12.291997
v -7.206907 2.922051 -12.276602
v -7.206907 2.884883 -12.291997
v -7.206907 2.869488 -12.329165
v -7.169740 14.967239 -12.329165
v -7.206907 14.982635 -12.329165
v -7.206907 14.967239 -12.291997
v -7.206907 14.930072 -12.276602
v -7.169740 14.930072 -12.291997
v -7.154345 14.930072 -12.329165
v -7.349222 2.884883 -12.329165
v -7.312055 2.869488 -12.329165
v -7.312055 2.884883 -12.291997
v -7.312055 2.922051 -12.276602
v -7.349222 2.922051 -12.291997
v -7.364617 2.922051 -12.329165
v -7.349222 14.967239 -12.329165
v -7.364617 14.930072 -12.329165
v -7.349222 14.930072 -12.291997
v -7.312055 14.930072 -12.276602
v -7.312055 14.967239 -12.291997
v -7.312055 14.982635 -12.329165
v -7.312055 2.884883 -13.623702
v -7.312055 2.869488 -13.586535
v -7.349222 2.884883 -13.586535
v -7.364617 2.922051 -13.586535
v -7.349222 2.922051 -13.623702
v -7.312055 2.922051 -13.639097
v -7.312055 14.967239 -13.623702
v -7.312055 14.930072 -13.639097
v -7.349222 14.930072 -13.623702
v -7.364617 14.930072 -13.586535
v -7.349222 14.967239 -13.586535
v -7.312055 14.982635 -13.586535
v -7.169740 2.884883 -13.586535
v -7.206907 2.869488 -13.586535
v -7.206907 2.884883 -13.623702
v -7.206907 2.922051 -13.639097
v -7.169740 2.922051 -13.623702
v -7.154345 2.922051 -13.586535
v -7.169740 14.967239 -13.586535
v -7.154345 14.930072 -13.586535
v -7.169740 14.930072 -13.623702
v -7.206907 14.930072 -13.639097
v -7.206907 14.967239 -13.623702
v -7.206907 14.982635 -13.586535
v -9.066621 2.836340 -12.329165
v -9.051226 2.873508 -12.329165
v -9.066621 2.873508 -12.291997
v -9.103788 2.873508 -12.276602
v -9.103788 2.836340 -12.291997
v -9.103788 2.820945 -12.329165
v -9.066621 14.967239 -12.329165
v -9.103788 14.982635 -12.329165
v -9.103788 14.967239 -12.291997
v -9.103788 14.930072 -12.276602
v -9.066621 14.930072 -12.291997
v -9.051226 14.930072 -12.329165
v -9.246104 2.836340 -12.329165
v -9.208937 2.820945 -12.329165
v -9.208937 2.836340 -12.291997
v -9.208937 2.873508 -12.276602
v -9.246104 2.873508 -12.291997
v -9.261499 2.873508 -12.329165
v -9.246104 14.967239 -12.329165
v -9.261499 14.930072 -12.329165
v -9.246104 14.930072 -12.291997
v -9.208937 14.930072 -12.276602
v -9.208937 14.967239 -12.291997
v -9.208937 14.982635 -12.329165
v -9.208937 2.836340 -13.623702
v -9.208937 2.820945 -13.586535
v -9.246104 2.836340 -13.586535
v -9.261499 2.873508 -13.586535
v -9.246104 2.873508 -13.623702
v -9.208937 2.873508 -13.639097
v -9.208937 14.967239 -13.623702
v -9.208937 14.930072 -13.639097
v -9.246104 14.930072 -13.623702
v -9.261499 14.930072 -13.586535
v -9.246104 14.967239 -13.586535
v -9.208937 14.982635 -13.586535
v -9.066621 2.836340 -13.586535
v -9.103788 2.820945 -13.586535
v -9.103788 2.836340 -13.623702
v -9.103788 2.873508 -13.639097
v -9.066621 2.873508 -13.623702
v -9.051226 2.873508 -13.586535
v -9.066621 14.967239 -13.586535
v -9.051226 14.930072 -13.586535
v -9.066621 14.930072 -13.623702
v -9.103788 14.930072 -13.639097
v -9.103788 14.967239 -13.623702
v -9.103788 14.982635 -13.586535
v -9.246817 2.919539 -12.329165
v -9.209649 2.904143 -12.329165
v -9.209649 2.919539 -12.291997
v -9.209649 2.956706 -12.276602
v -9.246817 2.956706 -12.291997
v -9.262212 2.956706 -12.329165
v 9.014756 2.919539 -12.329165
v 9.030151 2.956706 -12.329165
v 9.014756 2.956706 -12.291997
v 8.977589 2.956706 -12.276602
v 8.977589 2.919539 -12.291997
v 8.977589 2.904143 -12.329165
v -9.246817 3.099021 -12.329165
v -9.262212 3.061854 -12.329165
v -9.246817 3.061854 -12.291997
v -9.209649 3.061854 -12.276602
v -9.209649 3.099021 -12.291997
v -9.209649 3.114417 -12.329165
v 9.014756 3.099021 -12.329165
v 8.977589 3.114417 -12.329165
v 8.977589 3.099021 -12.291997
v 8.977589 3.061854 -12.276602
v 9.014756 3.061854 -12.291997
v 9.030151 3.061854 -12.329165
v -9.246817 3.061854 -13.623702
v -9.262212 3.061854 -13.586535
v -9.246817 3.099021 -13.586535
v -9.209649 3.114417 -13.586535
v -9.209649 3.099021 -13.623702
v -9.209649 3.061854 -13.639097
v 9.014756 3.061854 -13.623702
v 8.977589 3.061854 -13.639097
v 8.977589 3.099021 -13.623702
v 8.977589 3.114417 -13.586535
v 9.014756 3.099021 -13.586535
v 9.030151 3.061854 -13.586535
v -9.246817 2.919539 -13.586535
v -9.262212 2.956706 -13.586535
v -9.246817 2.956706 -13.623702
v -9.209649 2.956706 -13.639097
v -9.209649 2.919539 -13.623702
v -9.209649 2.904143 -13.586535
v 9.014756 2.919539 -13.586535
v 8.977589 2.904143 -13.586535
v 8.977589 2.919539 -13.623702
v 8.977589 2.956706 -13.639097
v 9.014756 2.956706 -13.623702
v 9.030151 2.956706 -13.586535
v 9.015145 2.884883 -12.329165
v 9.030540 2.922051 -12.329165
v 9.015145 2.922051 -12.291997
v 8.977978 2.922051 -12.276602
v 8.977978 2.884883 -12.291997
v 8.977978 2.869488 -12.329165
v 9.015145 14.967239 -12.329165
v 8.977978 14.982635 -12.329165
v 8.977978 14.967239 -12.291997
v 8.977978 14.930072 -12.276602
v 9.015145 14.930072 -12.291997
v 9.030540 14.930072 -12.329165
v 8.835662 2.884883 -12.329165
v 8.872829 2.869488 -12.329165
v 8.872829 2.884883 -12.291997
v 8.872829 2.922051 -12.276602
v 8.835662 2.922051 -12.291997
v 8.820267 2.922051 -12.329165
v 8.835662 14.967239 -12.329165
v 8.820267 14.930072 -12.329165
v 8.835662 14.930072 -12.291997
v 8.872829 14.930072 -12.276602
v 8.872829 14.967239 -12.291997
v 8.872829 14.982635 -12.329165
v 8.872829 2.884883 -13.623702
v 8.872829 2.869488 -13.586535
v 8.835662 2.884883 -13.586535
v 8.820267 2.922051 -13.586535
v 8.835662 2.922051 -13.623702
v 8.872829 2.922051 -13.639097
v 8.872829 14.967239 -13.623702
v 8.872829 14.930072 -13.639097
v 8.835662 14.930072 -13.623702
v 8.820267 14.930072 -13.586535
v 8.835662 14.967239 -13.586535
v 8.872829 14.982635 -13.586535
v 9.015145 2.884883 -13.586535
v 8.977978 2.869488 -13.586535
v 8.977978 2.884883 -13.623702
v 8.977978 2.922051 -13.639097
v 9.015145 2.922051 -13.623702
v 9.030540 2.922051 -13.586535
v 9.015145 14.967239 -13.586535
v 9.030540 14.930072 -13.586535
v 9.015145 14.930072 -13.623702
v 8.977978 14.930072 -13.639097
v 8.977978 14.967239 -13.623702
v 8.977978 14.982635 -13.586535
v -9.083941 13.113003 -12.329165
v -9.046773 13.097608 -12.329165
v -9.046773 13.113003 -12.291997
v -9.046773 13.150170 -12.276602
v -9.083941 13.150170 -12.291997
v -9.099336 13.150170 -12.329165
v 9.014756 13.113003 -12.329165
v 9.030151 13.150170 -12.329165
v 9.014756 13.150170 -12.291997
v 8.977589 13.150170 -12.276602
v 8.977589 13.113003 -12.291997
v 8.977589 13.097608 -12.329165
v -9.083941 13.292486 -12.329165
v -9.099336 13.255319 -12.329165
v -9.083941 13.255319 -12.291997
v -9.046773 13.255319 -12.276602
v -9.046773 13.292486 -12.291997
v -9.046773 13.307881 -12.329165
v 9.014756 13.292486 -12.329165
v 8.977589 13.307881 -12.329165
v 8.977589 13.292486 -12.291997
v 8.977589 13.255319 -12.276602
v 9.014756 13.255319 -12.291997
v 9.030151 13.255319 -12.329165
v -9.083941 13.255319 -13.623702
v -9.099336 13.255319 -13.586535
v -9.083941 13.292486 -13.586535
v -9.046773 13.307881 -13.586535
v -9.046773 13.292486 -13.623702
v -9.046773 13.255319 -13.639097
v 9.014756 13.255319 -13.623702
v 8.977589 13.255319 -13.639097
v 8.977589 13.292486 -13.623702
v 8.977589 13.307881 -13.586535
v 9.014756 13.292486 -13.586535
v 9.030151 13.255319 -13.586535
v -9.083941 13.113003 -13.586535
v -9.099336 13.150170 -13.586535
v -9.083941 13.150170 -13.623702
v -9.046773 13.150170 -13.639097
v -9.046773 13.113003 -13.623702
v -9.046773 13.097608 -13.586535
v 9.014756 13.113003 -13.586535
v 8.977589 13.097608 -13.586535
v 8.977589 13.113003 -13.623702
v 8.977589 13.150170 -13.639097
v 9.014756 13.150170 -13.623702
v 9.030151 13.150170 -13.586535
v 7.218765 2.836340 -12.329165
v 7.234160 2.873508 -12.329165
v 7.218765 2.873508 -12.291997
v 7.181598 2.873508 -12.276602
v 7.181598 2.836340 -12.291997
v 7.181598 2.820945 -12.329165
v 7.218765 14.967239 -12.329165
v 7.181598 14.982635 -12.329165
v 7.181598 14.967239 -12.291997
v 7.181598 14.930072 -12.276602
v 7.218765 14.930072 -12.291997
v 7.234160 14.930072 -12.329165
v 7.039283 2.836340 -12.329165
v 7.076450 2.820945 -12.329165
v 7.076450 2.836340 -12.291997
v 7.076450 2.873508 -12.276602
v 7.039283 2.873508 -12.291997
v 7.023888 2.873508 -12.329165
v 7.039283 14.967239 -12.329165
v 7.023888 14.930072 -12.329165
v 7.039283 14.930072 -12.291997
v 7.076450 14.930072 -12.276602
v 7.076450 14.967239 -12.291997
v 7.076450 14.982635 -12.329165
v 7.076450 2.836340 -13.623702
v 7.076450 2.820945 -13.586535
v 7.039283 2.836340 -13.586535
v 7.023888 2.873508 -13.586535
v 7.039283 2.873508 -13.623702
v 7.076450 2.873508 -13.639097
v 7.076450 14.967239 -13.623702
v 7.076450 14.930072 -13.639097
v 7.039283 14.930072 -13.623702
v 7.023888 14.930072 -13.586535
v 7.039283 14.967239 -13.586535
v 7.076450 14.982635 -13.586535
v 7.218765 2.836340 -13.586535
v 7.181598 2.820945 -13.586535
v 7.181598 2.836340 -13.623702
v 7.181598 2.873508 -13.639097
v 7.218765 2.873508 -13.623702
v 7.234160 2.873508 -13.586535
v 7.218765 14.967239 -13.586535
v 7.234160 14.930072 -13.586535
v 7.218765 14.930072 -13.623702
v 7.181598 14.930072 -13.639097
v 7.181598 14.967239 -13.623702
v 7.181598 14.982635 -13.586535
v -9.246817 14.902050 -12.329165
v -9.209649 14.886655 -12.329165
v -9.209649 14.902050 -12.291997
v -9.209649 14.939218 -12.276602
v -9.246817 14.939218 -12.291997
v -9.262212 14.939218 -12.329165
v 9.014756 14.902050 -12.329165
v 9.030151 14.939218 -12.329165
v 9.014756 14.939218 -12.291997
v 8.977589 14.939218 -12.276602
v 8.977589 14.902050 -12.291997
v 8.977589 14.886655 -12.329165
v -9.246817 15.081533 -12.329165
v -9.262212 15.044366 -12.329165
v -9.246817 15.044366 -12.291997
v -9.209649 15.044366 -12.276602
v -9.209649 15.081533 -12.291997
v -9.209649 15.096929 -12.329165
v 9.014756 15.081533 -12.329165
v 8.977589 15.096929 -12.329165
v 8.977589 15.081533 -12.291997
v 8.977589 15.044366 -12.276602
v 9.014756 15.044366 -12.291997
v 9.030151 15.044366 -12.329165
v -9.246817 15.044366 -13.623702
v -9.262212 15.044366 -13.586535
v -9.246817 15.081533 -13.586535
v -9.209649 15.096929 -13.586535
v -9.209649 15.081533 -13.623702
v -9.209649 15.044366 -13.639097
v 9.014756 15.044366 -13.623702
v 8.977589 15.044366 -13.639097
v 8.977589 15.081533 -13.623702
v 8.977589 15.096929 -13.586535
v 9.014756 15.081533 -13.586535
v 9.030151 15.044366 -13.586535
v -9.246817 14.902050 -13.586535
v -9.262212 14.939218 -13.586535
v -9.246817 14.939218 -13.623702
v -9.209649 14.939218 -13.639097
v -9.209649 14.902050 -13.623702
v -9.209649 14.886655 -13.586535
v 9.014756 14.902050 -13.586535
v 8.977589 14.886655 -13.586535
v 8.977589 14.902050 -13.623702
v 8.977589 14.939218 -13.639097
v 9.014756 14.939218 -13.623702
v 9.030151 14.939218 -13.586535
v -9.239985 4.743877 -12.298828
v 9.007925 4.743877 -12.298828
v -9.239985 4.909697 -12.298828
v 9.007925 4.909697 -12.298828
v -9.239985 4.909697 -13.616871
v 9.007925 4.909697 -13.616871
v -9.239985 4.743877 -13.616871
v 9.007925 4.743877 -13.616871
v -7.176571 2.891714 -12.298828
v -7.176571 14.960408 -12.298828
v -7.342391 2.891714 -12.298828
v -7.342391 14.960408 -12.298828
v -7.342391 2.891714 -13.616871
v -7.342391 14.960408 -13.616871
v -7.176571 2.891714 -13.616871
v -7.176571 14.960408 -13.616871
v -9.073452 2.843171 -12.298828
v -9.073452 14.960408 -12.298828
v -9.239273 2.843171 -12.298828
v -9.239273 14.960408 -12.298828
v -9.239273 2.843171 -13.616871
v -9.239273 14.960408 -13.616871
v -9.073452 2.843171 -13.616871
v -9.073452 14.960408 -13.616871
v -9.239985 2.926370 -12.298828
v 9.007925 2.926370 -12.298828
v -9.239985 3.092190 -12.298828
v 9.007925 3.092190 -12.298828
v -9.239985 3.092190 -13.616871
v 9.007925 3.092190 -13.616871
v -9.239985 2.926370 -13.616871
v 9.007925 2.926370 -13.616871
v 9.008314 2.891714 -12.298828
v 9.008314 14.960408 -12.298828
v 8.842493 2.891714 -12.298828
v 8.842493 14.960408 -12.298828
v 8.842493 2.891714 -13.616871
v 8.842493 14.960408 -13.616871
v 9.008314 2.891714 -13.616871
v 9.008314 14.960408 -13.616871
v -9.077109 13.119834 -12.298828
v 9.007925 13.119834 -12.298828
v -9.077109 13.285655 -12.298828
v 9.007925 13.285655 -12.298828
v -9.077109 13.285655 -13.616871
v 9.007925 13.285655 -13.616871
v -9.077109 13.119834 -13.616871
v 9.007925 13.119834 -13.616871
v 7.211934 2.843171 -12.298828
v 7.211934 14.960408 -12.298828
v 7.046114 2.843171 -12.298828
v 7.046114 14.960408 -12.298828
v 7.046114 2.843171 -13.616871
v 7.046114 14.960408 -13.616871
v 7.211934 2.843171 -13.616871
v 7.211934 14.960408 -13.616871
v -9.239985 14.908881 -12.298828
v 9.007925 14.908881 -12.298828
v -9.239985 15.074702 -12.298828
v 9.007925 15.074702 -12.298828
v -9.239985 15.074702 -13.616871
v 9.007925 15.074702 -13.616871
v -9.239985 14.908881 -13.616871
v 9.007925 14.908881 -13.616871
v 19.567245 2.939412 -12.211337
v 19.530079 2.954808 -12.211337
v 19.530079 2.939412 -12.174170
v 19.530079 2.902246 -12.158774
v 19.567245 2.902246 -12.174170
v 19.582642 2.902246 -12.211337
v 9.808924 2.939412 -12.211337
v 9.793529 2.902246 -12.211337
v 9.808924 2.902246 -12.174170
v 9.846091 2.902246 -12.158774
v 9.846091 2.939412 -12.174170
v 9.846091 2.954808 -12.211337
v 19.567245 2.759929 -12.211337
v 19.582642 2.797097 -12.211337
v 19.567245 2.797097 -12.174170
v 19.530079 2.797097 -12.158774
v 19.530079 2.759929 -12.174170
v 19.530079 2.744534 -12.211337
v 9.808924 2.759929 -12.211337
v 9.846091 2.744534 -12.211337
v 9.846091 2.759929 -12.174170
v 9.846091 2.797097 -12.158774
v 9.808924 2.797097 -12.174170
v 9.793529 2.797097 -12.211337
v 19.567245 2.797097 -12.515333
v 19.582642 2.797097 -12.478166
v 19.567245 2.759929 -12.478166
v 19.530079 2.744534 -12.478166
v 19.530079 2.759929 -12.515333
v 19.530079 2.797097 -12.530728
v 9.808924 2.797097 -12.515333
v 9.846091 2.797097 -12.530728
v 9.846091 2.759929 -12.515333
v 9.846091 2.744534 -12.478166
v 9.808924 2.759929 -12.478166
v 9.793529 2.797097 -12.478166
v 19.567245 2.939412 -12.478166
v 19.582642 2.902246 -12.478166
v 19.567245 2.902246 -12.515333
v 19.530079 2.902246 -12.530728
v 19.530079 2.939412 -12.515333
v 19.530079 2.954808 -12.478166
v 9.808924 2.939412 -12.478166
v 9.846091 2.954808 -12.478166
v 9.846091 2.939412 -12.515333
v 9.846091 2.902246 -12.530728
v 9.808924 2.902246 -12.515333
v 9.793529 2.902246 -12.478166
v 19.560415 2.932582 -12.181001
v 9.815755 2.932582 -12.181001
v 19.560415 2.766761 -12.181001
v 9.815755 2.766761 -12.181001
v 19.560415 2.766761 -12.508502
v 9.815755 2.766761 -12.508502
v 19.560415 2.932582 -12.508502
v 9.815755 2.932582 -12.508502
v 19.567245 4.828747 -12.211337
v 19.530079 4.844143 -12.211337
v 19.530079 4.828747 -12.174170
v 19.530079 4.791580 -12.158774
v 19.567245 4.791580 -12.174170
v 19.582642 4.791580 -12.211337
v 9.808924 4.828747 -12.211337
v 9.793529 4.791580 -12.211337
v 9.808924 4.791580 -12.174170
v 9.846091 4.791580 -12.158774
v 9.846091 4.828747 -12.174170
v 9.846091 4.844143 -12.211337
v 19.567245 4.649263 -12.211337
v 19.582642 4.686432 -12.211337
v 19.567245 4.686432 -12.174170
v 19.530079 4.686432 -12.158774
v 19.530079 4.649263 -12.174170
v 19.530079 4.633869 -12.211337
v 9.808924 4.649263 -12.211337
v 9.846091 4.633869 -12.211337
v 9.846091 4.649263 -12.174170
v 9.846091 4.686432 -12.158774
v 9.808924 4.686432 -12.174170
v 9.793529 4.686432 -12.211337
v 19.567245 4.686432 -12.515333
v 19.582642 4.686432 -12.478166
v 19.567245 4.649263 -12.478166
v 19.530079 4.633869 -12.478166
v 19.530079 4.649263 -12.515333
v 19.530079 4.686432 -12.530728
v 9.808924 4.686432 -12.515333
v 9.846091 4.686432 -12.530728
v 9.846091 4.649263 -12.515333
v 9.846091 4.633869 -12.478166
v 9.808924 4.649263 -12.478166
v 9.793529 4.686432 -12.478166
v 19.567245 4.828747 -12.478166
v 19.582642 4.791580 -12.478166
v 19.567245 4.791580 -12.515333
v 19.530079 4.791580 -12.530728
v 19.530079 4.828747 -12.515333
v 19.530079 4.844143 -12.478166
v 9.808924 4.828747 -12.478166
v 9.846091 4.844143 -12.478166
v 9.846091 4.828747 -12.515333
v 9.846091 4.791580 -12.530728
v 9.808924 4.791580 -12.515333
v 9.793529 4.791580 -12.478166
v 19.560415 4.821917 -12.181001
v 9.815755 4.821917 -12.181001
v 19.560415 4.656096 -12.181001
v 9.815755 4.656096 -12.181001
v 19.560415 4.656096 -12.508502
v 9.815755 4.656096 -12.508502
v 19.560415 4.821917 -12.508502
v 9.815755 4.821917 -12.508502
v 19.567245 6.718081 -12.211337
v 19.530079 6.733478 -12.211337
v 19.530079 6.718081 -12.174170
v 19.530079 6.680915 -12.158774
v 19.567245 6.680915 -12.174170
v 19.582642 6.680915 -12.211337
v 9.808924 6.718081 -12.211337
v 9.793529 6.680915 -12.211337
v 9.808924 6.680915 -12.174170
v 9.846091 6.680915 -12.158774
v 9.846091 6.718081 -12.174170
v 9.846091 6.733478 -12.211337
v 19.567245 6.538598 -12.211337
v 19.582642 6.575767 -12.211337
v 19.567245 6.575767 -12.174170
v 19.530079 6.575767 -12.158774
v 19.530079 6.538598 -12.174170
v 19.530079 6.523204 -12.211337
v 9.808924 6.538598 -12.211337
v 9.846091 6.523204 -12.211337
v 9.846091 6.538598 -12.174170
v 9.846091 6.575767 -12.158774
v 9.808924 6.575767 -12.174170
v 9.793529 6.575767 -12.211337
v 19.567245 6.575767 -12.515333
v 19.582642 6.575767 -12.478166
v 19.567245 6.538598 -12.478166
v 19.530079 6.523204 -12.478166
v 19.530079 6.538598 -12.515333
v 19.530079 6.575767 -12.530728
v 9.808924 6.575767 -12.515333
v 9.846091 6.575767 -12.530728
v 9.846091 6.538598 -12.515333
v 9.846091 6.523204 -12.478166
v 9.808924 6.538598 -12.478166
v 9.793529 6.575767 -12.478166
v 19.567245 6.718081 -12.478166
v 19.582642 6.680915 -12.478166
v 19.567245 6.680915 -12.515333
v 19.530079 6.680915 -12.530728
v 19.530079 6.718081 -12.515333
v 19.530079 6.733478 -12.478166
v 9.808924 6.718081 -12.478166
v 9.846091 6.733478 -12.478166
v 9.846091 6.718081 -12.515333
v 9.846091 6.680915 -12.530728
v 9.808924 6.680915 -12.515333
v 9.793529 6.680915 -12.478166
v 19.560415 6.711251 -12.181001
v 9.815755 6.711251 -12.181001
v 19.560415 6.545430 -12.181001
v 9.815755 6.545430 -12.181001
v 19.560415 6.545430 -12.508502
v 9.815755 6.545430 -12.508502
v 19.560415 6.711251 -12.508502
v 9.815755 6.711251 -12.508502
v 19.567245 8.607416 -12.211337
v 19.530079 8.622812 -12.211337
v 19.530079 8.607416 -12.174170
v 19.530079 8.570250 -12.158774
v 19.567245 8.570250 -12.174170
v 19.582642 8.570250 -12.211337
v 9.808924 8.607416 -12.211337
v 9.793529 8.570250 -12.211337
v 9.808924 8.570250 -12.174170
v 9.846091 8.570250 -12.158774
v 9.846091 8.607416 -12.174170
v 9.846091 8.622812 -12.211337
v 19.567245 8.427933 -12.211337
v 19.582642 8.465101 -12.211337
v 19.567245 8.465101 -12.174170
v 19.530079 8.465101 -12.158774
v 19.530079 8.427933 -12.174170
v 19.530079 8.412539 -12.211337
v 9.808924 8.427933 -12.211337
v 9.846091 8.412539 -12.211337
v 9.846091 8.427933 -12.174170
v 9.846091 8.465101 -12.158774
v 9.808924 8.465101 -12.174170
v 9.793529 8.465101 -12.211337
v 19.567245 8.465101 -12.515333
v 19.582642 8.465101 -12.478166
v 19.567245 8.427933 -12.478166
v 19.530079 8.412539 -12.478166
v 19.530079 8.427933 -12.515333
v 19.530079 8.465101 -12.530728
v 9.808924 8.465101 -12.515333
v 9.846091 8.465101 -12.530728
v 9.846091 8.427933 -12.515333
v 9.846091 8.412539 -12.478166
v 9.808924 8.427933 -12.478166
v 9.793529 8.465101 -12.478166
v 19.567245 8.607416 -12.478166
v 19.582642 8.570250 -12.478166
v 19.567245 8.570250 -12.515333
v 19.530079 8.570250 -12.530728
v 19.530079 8.607416 -12.515333
v 19.530079 8.622812 -12.478166
v 9.808924 8.607416 -12.478166
v 9.846091 8.622812 -12.478166
v 9.846091 8.607416 -12.515333
v 9.846091 8.570250 -12.530728
v 9.808924 8.570250 -12.515333
v 9.793529 8.570250 -12.478166
v 19.560415 8.600586 -12.181001
v 9.815755 8.600586 -12.181001
v 19.560415 8.434765 -12.181001
v 9.815755 8.434765 -12.181001
v 19.560415 8.434765 -12.508502
v 9.815755 8.434765 -12.508502
v 19.560415 8.600586 -12.508502
v 9.815755 8.600586 -12.508502
v 19.567245 10.496752 -12.211337
v 19.530079 10.512148 -12.211337
v 19.530079 10.496752 -12.174170
v 19.530079 10.459585 -12.158774
v 19.567245 10.459585 -12.174170
v 19.582642 10.459585 -12.211337
v 9.808924 10.496752 -12.211337
v 9.793529 10.459585 -12.211337
v 9.808924 10.459585 -12.174170
v 9.846091 10.459585 -12.158774
v 9.846091 10.496752 -12.174170
v 9.846091 10.512148 -12.211337
v 19.567245 10.317268 -12.211337
v 19.582642 10.354437 -12.211337
v 19.567245 10.354437 -12.174170
v 19.530079 10.354437 -12.158774
v 19.530079 10.317268 -12.174170
v 19.530079 10.301874 -12.211337
v 9.808924 10.317268 -12.211337
v 9.846091 10.301874 -12.211337
v 9.846091 10.317268 -12.174170
v 9.846091 10.354437 -12.158774
v 9.808924 10.354437 -12.174170
v 9.793529 10.354437 -12.211337
v 19.567245 10.354437 -12.515333
v 19.582642 10.354437 -12.478166
v 19.567245 10.317268 -12.478166
v 19.530079 10.301874 -12.478166
v 19.530079 10.317268 -12.515333
v 19.530079 10.354437 -12.530728
v 9.808924 10.354437 -12.515333
v 9.846091 10.354437 -12.530728
v 9.846091 10.317268 -12.515333
v 9.846091 10.301874 -12.478166
v 9.808924 10.317268 -12.478166
v 9.793529 10.354437 -12.478166
v 19.567245 10.496752 -12.478166
v 19.582642 10.459585 -12.478166
v 19.567245 10.459585 -12.515333
v 19.530079 10.459585 -12.530728
v 19.530079 10.496752 -12.515333
v 19.530079 10.512148 -12.478166
v 9.808924 10.496752 -12.478166
v 9.846091 10.512148 -12.478166
v 9.846091 10.496752 -12.515333
v 9.846091 10.459585 -12.530728
v 9.808924 10.459585 -12.515333
v 9.793529 10.459585 -12.478166
v 19.560415 10.489922 -12.181001
v 9.815755 10.489922 -12.181001
v 19.560415 10.324100 -12.181001
v 9.815755 10.324100 -12.181001
v 19.560415 10.324100 -12.508502
v 9.815755 10.324100 -12.508502
v 19.560415 10.489922 -12.508502
v 9.815755 10.489922 -12.508502
v 11.914779 2.755282 -12.211337
v 11.930175 2.792449 -12.211337
v 11.914779 2.792449 -12.174170
v 11.877612 2.792449 -12.158774
v 11.877612 2.755282 -12.174170
v 11.877612 2.739886 -12.211337
v 11.914779 12.395369 -12.211337
v 11.877612 12.410764 -12.211337
v 11.877612 12.395369 -12.174170
v 11.877612 12.358201 -12.158774
v 11.914779 12.358201 -12.174170
v 11.930175 12.358201 -12.211337
v 11.735295 2.755282 -12.211337
v 11.772464 2.739886 -12.211337
v 11.772464 2.755282 -12.174170
v 11.772464 2.792449 -12.158774
v 11.735295 2.792449 -12.174170
v 11.719901 2.792449 -12.211337
v 11.735295 12.395369 -12.211337
v 11.719901 12.358201 -12.211337
v 11.735295 12.358201 -12.174170
v 11.772464 12.358201 -12.158774
v 11.772464 12.395369 -12.174170
v 11.772464 12.410764 -12.211337
v 11.772464 2.755282 -12.515333
v 11.772464 2.739886 -12.478166
v 11.735295 2.755282 -12.478166
v 11.719901 2.792449 -12.478166
v 11.735295 2.792449 -12.515333
v 11.772464 2.792449 -12.530728
v 11.772464 12.395369 -12.515333
v 11.772464 12.358201 -12.530728
v 11.735295 12.358201 -12.515333
v 11.719901 12.358201 -12.478166
v 11.735295 12.395369 -12.478166
v 11.772464 12.410764 -12.478166
v 11.914779 2.755282 -12.478166
v 11.877612 2.739886 -12.478166
v 11.877612 2.755282 -12.515333
v 11.877612 2.792449 -12.530728
v 11.914779 2.792449 -12.515333
v 11.930175 2.792449 -12.478166
v 11.914779 12.395369 -12.478166
v 11.930175 12.358201 -12.478166
v 11.914779 12.358201 -12.515333
v 11.877612 12.358201 -12.530728
v 11.877612 12.395369 -12.515333
v 11.877612 12.410764 -12.478166
v 11.907948 2.762113 -12.181001
v 11.907948 12.388537 -12.181001
v 11.742127 2.762113 -12.181001
v 11.742127 12.388537 -12.181001
v 11.742127 2.762113 -12.508502
v 11.742127 12.388537 -12.508502
v 11.907948 2.762113 -12.508502
v 11.907948 12.388537 -12.508502
v 13.807897 2.755282 -12.211337
v 13.823293 2.792449 -12.211337
v 13.807897 2.792449 -12.174170
v 13.770730 2.792449 -12.158774
v 13.770730 2.755282 -12.174170
v 13.770730 2.739886 -12.211337
v 13.807897 12.395369 -12.211337
v 13.770730 12.410764 -12.211337
v 13.770730 12.395369 -12.174170
v 13.770730 12.358201 -12.158774
v 13.807897 12.358201 -12.174170
v 13.823293 12.358201 -12.211337
v 13.628413 2.755282 -12.211337
v 13.665582 2.739886 -12.211337
v 13.665582 2.755282 -12.174170
v 13.665582 2.792449 -12.158774
v 13.628413 2.792449 -12.174170
v 13.613019 2.792449 -12.211337
v 13.628413 12.395369 -12.211337
v 13.613019 12.358201 -12.211337
v 13.628413 12.358201 -12.174170
v 13.665582 12.358201 -12.158774
v 13.665582 12.395369 -12.174170
v 13.665582 12.410764 -12.211337
v 13.665582 2.755282 -12.515333
v 13.665582 2.739886 -12.478166
v 13.628413 2.755282 -12.478166
v 13.613019 2.792449 -12.478166
v 13.628413 2.792449 -12.515333
v 13.665582 2.792449 -12.530728
v 13.665582 12.395369 -12.515333
v 13.665582 12.358201 -12.530728
v 13.628413 12.358201 -12.515333
v 13.613019 12.358201 -12.478166
v 13.628413 12.395369 -12.478166
v 13.665582 12.410764 -12.478166
v 13.807897 2.755282 -12.478166
v 13.770730 2.739886 -12.478166
v 13.770730 2.755282 -12.515333
v 13.770730 2.792449 -12.530728
v 13.807897 2.792449 -12.515333
v 13.823293 2.792449 -12.478166
v 13.807897 12.395369 -12.478166
v 13.823293 12.358201 -12.478166
v 13.807897 12.358201 -12.515333
v 13.770730 12.358201 -12.530728
v 13.770730 12.395369 -12.515333
v 13.770730 12.410764 -12.478166
v 13.801066 2.762113 -12.181001
v 13.801066 12.388537 -12.181001
v 13.635245 2.762113 -12.181001
v 13.635245 12.388537 -12.181001
v 13.635245 2.762113 -12.508502
v 13.635245 12.388537 -12.508502
v 13.801066 2.762113 -12.508502
v 13.801066 12.388537 -12.508502
v 15.728555 2.755282 -12.211337
v 15.743951 2.792449 -12.211337
v 15.728555 2.792449 -12.174170
v 15.691388 2.792449 -12.158774
v 15.691388 2.755282 -12.174170
v 15.691388 2.739886 -12.211337
v 15.728555 12.395369 -12.211337
v 15.691388 12.410764 -12.211337
v 15.691388 12.395369 -12.174170
v 15.691388 12.358201 -12.158774
v 15.728555 12.358201 -12.174170
v 15.743951 12.358201 -12.211337
v 15.549071 2.755282 -12.211337
v 15.586240 2.739886 -12.211337
v 15.586240 2.755282 -12.174170
v 15.586240 2.792449 -12.158774
v 15.549071 2.792449 -12.174170
v 15.533677 2.792449 -12.211337
v 15.549071 12.395369 -12.211337
v 15.533677 12.358201 -12.211337
v 15.549071 12.358201 -12.174170
v 15.586240 12.358201 -12.158774
v 15.586240 12.395369 -12.174170
v 15.586240 12.410764 -12.211337
v 15.586240 2.755282 -12.515333
v 15.586240 2.739886 -12.478166
v 15.549071 2.755282 -12.478166
v 15.533677 2.792449 -12.478166
v 15.549071 2.792449 -12.515333
v 15.586240 2.792449 -12.530728
v 15.586240 12.395369 -12.515333
v 15.586240 12.358201 -12.530728
v 15.549071 12.358201 -12.515333
v 15.533677 12.358201 -12.478166
v 15.549071 12.395369 -12.478166
v 15.586240 12.410764 -12.478166
v 15.728555 2.755282 -12.478166
v 15.691388 2.739886 -12.478166
v 15.691388 2.755282 -12.515333
v 15.691388 2.792449 -12.530728
v 15.728555 2.792449 -12.515333
v 15.743951 2.792449 -12.478166
v 15.728555 12.395369 -12.478166
v 15.743951 12.358201 -12.478166
v 15.728555 12.358201 -12.515333
v 15.691388 12.358201 -12.530728
v 15.691388 12.395369 -12.515333
v 15.691388 12.410764 -12.478166
v 15.721725 2.762113 -12.181001
v 15.721725 12.388537 -12.181001
v 15.555903 2.762113 -12.181001
v 15.555903 12.388537 -12.181001
v 15.555903 2.762113 -12.508502
v 15.555903 12.388537 -12.508502
v 15.721725 2.762113 -12.508502
v 15.721725 12.388537 -12.508502
v 17.621672 2.755282 -12.211337
v 17.637068 2.792449 -12.211337
v 17.621672 2.792449 -12.174170
v 17.584505 2.792449 -12.158774
v 17.584505 2.755282 -12.174170
v 17.584505 2.739886 -12.211337
v 17.621672 12.395369 -12.211337
v 17.584505 12.410764 -12.211337
v 17.584505 12.395369 -12.174170
v 17.584505 12.358201 -12.158774
v 17.621672 12.358201 -12.174170
v 17.637068 12.358201 -12.211337
v 17.442188 2.755282 -12.211337
v 17.479357 2.739886 -12.211337
v 17.479357 2.755282 -12.174170
v 17.479357 2.792449 -12.158774
v 17.442188 2.792449 -12.174170
v 17.426794 2.792449 -12.211337
v 17.442188 12.395369 -12.211337
v 17.426794 12.358201 -12.211337
v 17.442188 12.358201 -12.174170
v 17.479357 12.358201 -12.158774
v 17.479357 12.395369 -12.174170
v 17.479357 12.410764 -12.211337
v 17.479357 2.755282 -12.515333
v 17.479357 2.739886 -12.478166
v 17.442188 2.755282 -12.478166
v 17.426794 2.792449 -12.478166
v 17.442188 2.792449 -12.515333
v 17.479357 2.792449 -12.530728
v 17.479357 12.395369 -12.515333
v 17.479357 12.358201 -12.530728
v 17.442188 12.358201 -12.515333
v 17.426794 12.358201 -12.478166
v 17.442188 12.395369 -12.478166
v 17.479357 12.410764 -12.478166
v 17.621672 2.755282 -12.478166
v 17.584505 2.739886 -12.478166
v 17.584505 2.755282 -12.515333
v 17.584505 2.792449 -12.530728
v 17.621672 2.792449 -12.515333
v 17.637068 2.792449 -12.478166
v 17.621672 12.395369 -12.478166
v 17.637068 12.358201 -12.478166
v 17.621672 12.358201 -12.515333
v 17.584505 12.358201 -12.530728
v 17.584505 12.395369 -12.515333
v 17.584505 12.410764 -12.478166
v 17.614841 2.762113 -12.181001
v 17.614841 12.388537 -12.181001
v 17.449020 2.762113 -12.181001
v 17.449020 12.388537 -12.181001
v 17.449020 2.762113 -12.508502
v 17.449020 12.388537 -12.508502
v 17.614841 2.762113 -12.508502
v 17.614841 12.388537 -12.508502
v 19.567245 12.386086 -12.211337
v 19.530079 12.401483 -12.211337
v 19.530079 12.386086 -12.174170
v 19.530079 12.348920 -12.158774
v 19.567245 12.348920 -12.174170
v 19.582642 12.348920 -12.211337
v 9.808924 12.386086 -12.211337
v 9.793529 12.348920 -12.211337
v 9.808924 12.348920 -12.174170
v 9.846091 12.348920 -12.158774
v 9.846091 12.386086 -12.174170
v 9.846091 12.401483 -12.211337
v 19.567245 12.206603 -12.211337
v 19.582642 12.243772 -12.211337
v 19.567245 12.243772 -12.174170
v 19.530079 12.243772 -12.158774
v 19.530079 12.206603 -12.174170
v 19.530079 12.191209 -12.211337
v 9.808924 12.206603 -12.211337
v 9.846091 12.191209 -12.211337
v 9.846091 12.206603 -12.174170
v 9.846091 12.243772 -12.158774
v 9.808924 12.243772 -12.174170
v 9.793529 12.243772 -12.211337
v 19.567245 12.243772 -12.515333
v 19.582642 12.243772 -12.478166
v 19.567245 12.206603 -12.478166
v 19.530079 12.191209 -12.478166
v 19.530079 12.206603 -12.515333
v 19.530079 12.243772 -12.530728
v 9.808924 12.243772 -12.515333
v 9.846091 12.243772 -12.530728
v 9.846091 12.206603 -12.515333
v 9.846091 12.191209 -12.478166
v 9.808924 12.206603 -12.478166
v 9.793529 12.243772 -12.478166
v 19.567245 12.386086 -12.478166
v 19.582642 12.348920 -12.478166
v 19.567245 12.348920 -12.515333
v 19.530079 12.348920 -12.530728
v 19.530079 12.386086 -12.515333
v 19.530079 12.401483 -12.478166
v 9.808924 12.386086 -12.478166
v 9.846091 12.401483 -12.478166
v 9.846091 12.386086 -12.515333
v 9.846091 12.348920 -12.530728
v 9.808924 12.348920 -12.515333
v 9.793529 12.348920 -12.478166
v 19.560415 12.379256 -12.181001
v 9.815755 12.379256 -12.181001
v 19.560415 12.213435 -12.181001
v 9.815755 12.213435 -12.181001
v 19.560415 12.213435 -12.508502
v 9.815755 12.213435 -12.508502
v 19.560415 12.379256 -12.508502
v 9.815755 12.379256 -12.508502
v 9.994122 2.755282 -12.211337
v 10.009518 2.792449 -12.211337
v 9.994122 2.792449 -12.174170
v 9.956955 2.792449 -12.158774
v 9.956955 2.755282 -12.174170
v 9.956955 2.739886 -12.211337
v 9.994122 12.395369 -12.211337
v 9.956955 12.410764 -12.211337
v 9.956955 12.395369 -12.174170
v 9.956955 12.358201 -12.158774
v 9.994122 12.358201 -12.174170
v 10.009518 12.358201 -12.211337
v 9.814638 2.755282 -12.211337
v 9.851807 2.739886 -12.211337
v 9.851807 2.755282 -12.174170
v 9.851807 2.792449 -12.158774
v 9.814638 2.792449 -12.174170
v 9.799244 2.792449 -12.211337
v 9.814638 12.395369 -12.211337
v 9.799244 12.358201 -12.211337
v 9.814638 12.358201 -12.174170
v 9.851807 12.358201 -12.158774
v 9.851807 12.395369 -12.174170
v 9.851807 12.410764 -12.211337
v 9.851807 2.755282 -12.515333
v 9.851807 2.739886 -12.478166
v 9.814638 2.755282 -12.478166
v 9.799244 2.792449 -12.478166
v 9.814638 2.792449 -12.515333
v 9.851807 2.792449 -12.530728
v 9.851807 12.395369 -12.515333
v 9.851807 12.358201 -12.530728
v 9.814638 12.358201 -12.515333
v 9.799244 12.358201 -12.478166
v 9.814638 12.395369 -12.478166
v 9.851807 12.410764 -12.478166
v 9.994122 2.755282 -12.478166
v 9.956955 2.739886 -12.478166
v 9.956955 2.755282 -12.515333
v 9.956955 2.792449 -12.530728
v 9.994122 2.792449 -12.515333
v 10.009518 2.792449 -12.478166
v 9.994122 12.395369 -12.478166
v 10.009518 12.358201 -12.478166
v 9.994122 12.358201 -12.515333
v 9.956955 12.358201 -12.530728
v 9.956955 12.395369 -12.515333
v 9.956955 12.410764 -12.478166
v 9.987291 2.762113 -12.181001
v 9.987291 12.388537 -12.181001
v 9.821470 2.762113 -12.181001
v 9.821470 12.388537 -12.181001
v 9.821470 2.762113 -12.508502
v 9.821470 12.388537 -12.508502
v 9.987291 2.762113 -12.508502
v 9.987291 12.388537 -12.508502
v 19.542330 2.755282 -12.211337
v 19.557726 2.792449 -12.211337
v 19.542330 2.792449 -12.174170
v 19.505163 2.792449 -12.158774
v 19.505163 2.755282 -12.174170
v 19.505163 2.739886 -12.211337
v 19.542330 12.395369 -12.211337
v 19.505163 12.410764 -12.211337
v 19.505163 12.395369 -12.174170
v 19.505163 12.358201 -12.158774
v 19.542330 12.358201 -12.174170
v 19.557726 12.358201 -12.211337
v 19.362846 2.755282 -12.211337
v 19.400015 2.739886 -12.211337
v 19.400015 2.755282 -12.174170
v 19.400015 2.792449 -12.158774
v 19.362846 2.792449 -12.174170
v 19.347452 2.792449 -12.211337
v 19.362846 12.395369 -12.211337
v 19.347452 12.358201 -12.211337
v 19.362846 12.358201 -12.174170
v 19.400015 12.358201 -12.158774
v 19.400015 12.395369 -12.174170
v 19.400015 12.410764 -12.211337
v 19.400015 2.755282 -12.515333
v 19.400015 2.739886 -12.478166
v 19.362846 2.755282 -12.478166
v 19.347452 2.792449 -12.478166
v 19.362846 2.792449 -12.515333
v 19.400015 2.792449 -12.530728
v 19.400015 12.395369 -12.515333
v 19.400015 12.358201 -12.530728
v 19.362846 12.358201 -12.515333
v 19.347452 12.358201 -12.478166
v 19.362846 12.395369 -12.478166
v 19.400015 12.410764 -12.478166
v 19.542330 2.755282 -12.478166
v 19.505163 2.739886 -12.478166
v 19.505163 2.755282 -12.515333
v 19.505163 2.792449 -12.530728
v 19.542330 2.792449 -12.515333
v 19.557726 2.792449 -12.478166
v 19.542330 12.395369 -12.478166
v 19.557726 12.358201 -12.478166
v 19.542330 12.358201 -12.515333
v 19.505163 12.358201 -12.530728
v 19.505163 12.395369 -12.515333
v 19.505163 12.410764 -12.478166
v 19.535500 2.762113 -12.181001
v 19.535500 12.388537 -12.181001
v 19.369678 2.762113 -12.181001
v 19.369678 12.388537 -12.181001
v 19.369678 2.762113 -12.508502
v 19.369678 12.388537 -12.508502
v 19.535500 2.762113 -12.508502
v 19.535500 12.388537 -12.508502
v -9.995466 2.939412 -12.211337
v -10.032633 2.954808 -12.211337
v -10.032633 2.939412 -12.174170
v -10.032633 2.902246 -12.158774
v -9.995466 2.902246 -12.174170
v -9.980070 2.902246 -12.211337
v -19.753788 2.939412 -12.211337
v -19.769184 2.902246 -12.211337
v -19.753788 2.902246 -12.174170
v -19.716621 2.902246 -12.158774
v -19.716621 2.939412 -12.174170
v -19.716621 2.954808 -12.211337
v -9.995466 2.759929 -12.211337
v -9.980070 2.797097 -12.211337
v -9.995466 2.797097 -12.174170
v -10.032633 2.797097 -12.158774
v -10.032633 2.759929 -12.174170
v -10.032633 2.744534 -12.211337
v -19.753788 2.759929 -12.211337
v -19.716621 2.744534 -12.211337
v -19.716621 2.759929 -12.174170
v -19.716621 2.797097 -12.158774
v -19.753788 2.797097 -12.174170
v -19.769184 2.797097 -12.211337
v -9.995466 2.797097 -12.515333
v -9.980070 2.797097 -12.478166
v -9.995466 2.759929 -12.478166
v -10.032633 2.744534 -12.478166
v -10.032633 2.759929 -12.515333
v -10.032633 2.797097 -12.530728
v -19.753788 2.797097 -12.515333
v -19.716621 2.797097 -12.530728
v -19.716621 2.759929 -12.515333
v -19.716621 2.744534 -12.478166
v -19.753788 2.759929 -12.478166
v -19.769184 2.797097 -12.478166
v -9.995466 2.939412 -12.478166
v -9.980070 2.902246 -12.478166
v -9.995466 2.902246 -12.515333
v -10.032633 2.902246 -12.530728
v -10.032633 2.939412 -12.515333
v -10.032633 2.954808 -12.478166
v -19.753788 2.939412 -12.478166
v -19.716621 2.954808 -12.478166
v -19.716621 2.939412 -12.515333
v -19.716621 2.902246 -12.530728
v -19.753788 2.902246 -12.515333
v -19.769184 2.902246 -12.478166
v -10.002296 2.932582 -12.181001
v -19.746956 2.932582 -12.181001
v -10.002296 2.766761 -12.181001
v -19.746956 2.766761 -12.181001
v -10.002296 2.766761 -12.508502
v -19.746956 2.766761 -12.508502
v -10.002296 2.932582 -12.508502
v -19.746956 2.932582 -12.508502
v -9.995466 4.828747 -12.211337
v -10.032633 4.844143 -12.211337
v -10.032633 4.828747 -12.174170
v -10.032633 4.791580 -12.158774
v -9.995466 4.791580 -12.174170
v -9.980070 4.791580 -12.211337
v -19.753788 4.828747 -12.211337
v -19.769184 4.791580 -12.211337
v -19.753788 4.791580 -12.174170
v -19.716621 4.791580 -12.158774
v -19.716621 4.828747 -12.174170
v -19.716621 4.844143 -12.211337
v -9.995466 4.649263 -12.211337
v -9.980070 4.686432 -12.211337
v -9.995466 4.686432 -12.174170
v -10.032633 4.686432 -12.158774
v -10.032633 4.649263 -12.174170
v -10.032633 4.633869 -12.211337
v -19.753788 4.649263 -12.211337
v -19.716621 4.633869 -12.211337
v -19.716621 4.649263 -12.174170
v -19.716621 4.686432 -12.158774
v -19.753788 4.686432 -12.174170
v -19.769184 4.686432 -12.211337
v -9.995466 4.686432 -12.515333
v -9.980070 4.686432 -12.478166
v -9.995466 4.649263 -12.478166
v -10.032633 4.633869 -12.478166
v -10.032633 4.649263 -12.515333
v -10.032633 4.686432 -12.530728
v -19.753788 4.686432 -12.515333
v -19.716621 4.686432 -12.530728
v -19.716621 4.649263 -12.515333
v -19.716621 4.633869 -12.478166
v -19.753788 4.649263 -12.478166
v -19.769184 4.686432 -12.478166
v -9.995466 4.828747 -12.478166
v -9.980070 4.791580 -12.478166
v -9.995466 4.791580 -12.515333
v -10.032633 4.791580 -12.530728
v -10.032633 4.828747 -12.515333
v -10.032633 4.844143 -12.478166
v -19.753788 4.828747 -12.478166
v -19.716621 4.844143 -12.478166
v -19.716621 4.828747 -12.515333
v -19.716621 4.791580 -12.530728
v -19.753788 4.791580 -12.515333
v -19.769184 4.791580 -12.478166
v -10.002296 4.821917 -12.181001
v -19.746956 4.821917 -12.181001
v -10.002296 4.656096 -12.181001
v -19.746956 4.656096 -12.181001
v -10.002296 4.656096 -12.508502
v -19.746956 4.656096 -12.508502
v -10.002296 4.821917 -12.508502
v -19.746956 4.821917 -12.508502
v -9.995466 6.718081 -12.211337
v -10.032633 6.733478 -12.211337
v -10.032633 6.718081 -12.174170
v -10.032633 6.680915 -12.158774
v -9.995466 6.680915 -12.174170
v -9.980070 6.680915 -12.211337
v -19.753788 6.718081 -12.211337
v -19.769184 6.680915 -12.211337
v -19.753788 6.680915 -12.174170
v -19.716621 6.680915 -12.158774
v -19.716621 6.718081 -12.174170
v -19.716621 6.733478 -12.211337
v -9.995466 6.538598 -12.211337
v -9.980070 6.575767 -12.211337
v -9.995466 6.575767 -12.174170
v -10.032633 6.575767 -12.158774
v -10.032633 6.538598 -12.174170
v -10.032633 6.523204 -12.211337
v -19.753788 6.538598 -12.211337
v -19.716621 6.523204 -12.211337
v -19.716621 6.538598 -12.174170
v -19.716621 6.575767 -12.158774
v -19.753788 6.575767 -12.174170
v -19.769184 6.575767 -12.211337
v -9.995466 6.575767 -12.515333
v -9.980070 6.575767 -12.478166
v -9.995466 6.538598 -12.478166
v -10.032633 6.523204 -12.478166
v -10.032633 6.538598 -12.515333
v -10.032633 6.575767 -12.530728
v -19.753788 6.575767 -12.515333
v -19.716621 6.575767 -12.530728
v -19.716621 6.538598 -12.515333
v -19.716621 6.523204 -12.478166
v -19.753788 6.538598 -12.478166
v -19.769184 6.575767 -12.478166
v -9.995466 6.718081 -12.478166
v -9.980070 6.680915 -12.478166
v -9.995466 6.680915 -12.515333
v -10.032633 6.680915 -12.530728
v -10.032633 6.718081 -12.515333
v -10.032633 6.733478 -12.478166
v -19.753788 6.718081 -12.478166
v -19.716621 6.733478 -12.478166
v -19.716621 6.718081 -12.515333
v -19.716621 6.680915 -12.530728
v -19.753788 6.680915 -12.515333
v -19.769184 6.680915 -12.478166
v -10.002296 6.711251 -12.181001
v -19.746956 6.711251 -12.181001
v -10.002296 6.545430 -12.181001
v -19.746956 6.545430 -12.181001
v -10.002296 6.545430 -12.508502
v -19.746956 6.545430 -12.508502
v -10.002296 6.711251 -12.508502
v -19.746956 6.711251 -12.508502
v -9.995466 8.607416 -12.211337
v -10.032633 8.622812 -12.211337
v -10.032633 8.607416 -12.174170
v -10.032633 8.570250 -12.158774
v -9.995466 8.570250 -12.174170
v -9.980070 8.570250 -12.211337
v -19.753788 8.607416 -12.211337
v -19.769184 8.570250 -12.211337
v -19.753788 8.570250 -12.174170
v -19.716621 8.570250 -12.158774
v -19.716621 8.607416 -12.174170
v -19.716621 8.622812 -12.211337
v -9.995466 8.427933 -12.211337
v -9.980070 8.465101 -12.211337
v -9.995466 8.465101 -12.174170
v -10.032633 8.465101 -12.158774
v -10.032633 8.427933 -12.174170
v -10.032633 8.412539 -12.211337
v -19.753788 8.427933 -12.211337
v -19.716621 8.412539 -12.211337
v -19.716621 8.427933 -12.174170
v -19.716621 8.465101 -12.158774
v -19.753788 8.465101 -12.174170
v -19.769184 8.465101 -12.211337
v -9.995466 8.465101 -12.515333
v -9.980070 8.465101 -12.478166
v -9.995466 8.427933 -12.478166
v -10.032633 8.412539 -12.478166
v -10.032633 8.427933 -12.515333
v -10.032633 8.465101 -12.530728
v -19.753788 8.465101 -12.515333
v -19.716621 8.465101 -12.530728
v -19.716621 8.427933 -12.515333
v -19.716621 8.412539 -12.478166
v -19.753788 8.427933 -12.478166
v -19.769184 8.465101 -12.478166
v -9.995466 8.607416 -12.478166
v -9.980070 8.570250 -12.478166
v -9.995466 8.570250 -12.515333
v -10.032633 8.570250 -12.530728
v -10.032633 8.607416 -12.515333
v -10.032633 8.622812 -12.478166
v -19.753788 8.607416 -12.478166
v -19.716621 8.622812 -12.478166
v -19.716621 8.607416 -12.515333
v -19.716621 8.570250 -12.530728
v -19.753788 8.570250 -12.515333
v -19.769184 8.570250 -12.478166
v -10.002296 8.600586 -12.181001
v -19.746956 8.600586 -12.181001
v -10.002296 8.434765 -12.181001
v -19.746956 8.434765 -12.181001
v -10.002296 8.434765 -12.508502
v -19.746956 8.434765 -12.508502
v -10.002296 8.600586 -12.508502
v -19.746956 8.600586 -12.508502
v -9.995466 10.496752 -12.211337
v -10.032633 10.512148 -12.211337
v -10.032633 10.496752 -12.174170
v -10.032633 10.459585 -12.158774
v -9.995466 10.459585 -12.174170
v -9.980070 10.459585 -12.211337
v -19.753788 10.496752 -12.211337
v -19.769184 10.459585 -12.211337
v -19.753788 10.459585 -12.174170
v -19.716621 10.459585 -12.158774
v -19.716621 10.496752 -12.174170
v -19.716621 10.512148 -12.211337
v -9.995466 10.317268 -12.211337
v -9.980070 10.354437 -12.211337
v -9.995466 10.354437 -12.174170
v -10.032633 10.354437 -12.158774
v -10.032633 10.317268 -12.174170
v -10.032633 10.301874 -12.211337
v -19.753788 10.317268 -12.211337
v -19.716621 10.301874 -12.211337
v -19.716621 10.317268 -12.174170
v -19.716621 10.354437 -12.158774
v -19.753788 10.354437 -12.174170
v -19.769184 10.354437 -12.211337
v -9.995466 10.354437 -12.515333
v -9.980070 10.354437 -12.478166
v -9.995466 10.317268 -12.478166
v -10.032633 10.301874 -12.478166
v -10.032633 10.317268 -12.515333
v -10.032633 10.354437 -12.530728
v -19.753788 10.354437 -12.515333
v -19.716621 10.354437 -12.530728
v -19.716621 10.317268 -12.515333
v -19.716621 10.301874 -12.478166
v -19.753788 10.317268 -12.478166
v -19.769184 10.354437 -12.478166
v -9.995466 10.496752 -12.478166
v -9.980070 10.459585 -12.478166
v -9.995466 10.459585 -12.515333
v -10.032633 10.459585 -12.530728
v -10.032633 10.496752 -12.515333
v -10.032633 10.512148 -12.478166
v -19.753788 10.496752 -12.478166
v -19.716621 10.512148 -12.478166
v -19.716621 10.496752 -12.515333
v -19.716621 10.459585 -12.530728
v -19.753788 10.459585 -12.515333
v -19.769184 10.459585 -12.478166
v -10.002296 10.489922 -12.181001
v -19.746956 10.489922 -12.181001
v -10.002296 10.324100 -12.181001
v -19.746956 10.324100 -12.181001
v -10.002296 10.324100 -12.508502
v -19.746956 10.324100 -12.508502
v -10.002296 10.489922 -12.508502
v -19.746956 10.489922 -12.508502
v -17.647934 2.755282 -12.211337
v -17.632538 2.792449 -12.211337
v -17.647934 2.792449 -12.174170
v -17.685101 2.792449 -12.158774
v -17.685101 2.755282 -12.174170
v -17.685101 2.739886 -12.211337
v -17.647934 12.395369 -12.211337
v -17.685101 12.410764 -12.211337
v -17.685101 12.395369 -12.174170
v -17.685101 12.358201 -12.158774
v -17.647934 12.358201 -12.174170
v -17.632538 12.358201 -12.211337
v -17.827415 2.755282 -12.211337
v -17.790249 2.739886 -12.211337
v -17.790249 2.755282 -12.174170
v -17.790249 2.792449 -12.158774
v -17.827415 2.792449 -12.174170
v -17.842812 2.792449 -12.211337
v -17.827415 12.395369 -12.211337
v -17.842812 12.358201 -12.211337
v -17.827415 12.358201 -12.174170
v -17.790249 12.358201 -12.158774
v -17.790249 12.395369 -12.174170
v -17.790249 12.410764 -12.211337
v -17.790249 2.755282 -12.515333
v -17.790249 2.739886 -12.478166
v -17.827415 2.755282 -12.478166
v -17.842812 2.792449 -12.478166
v -17.827415 2.792449 -12.515333
v -17.790249 2.792449 -12.530728
v -17.790249 12.395369 -12.515333
v -17.790249 12.358201 -12.530728
v -17.827415 12.358201 -12.515333
v -17.842812 12.358201 -12.478166
v -17.827415 12.395369 -12.478166
v -17.790249 12.410764 -12.478166
v -17.647934 2.755282 -12.478166
v -17.685101 2.739886 -12.478166
v -17.685101 2.755282 -12.515333
v -17.685101 2.792449 -12.530728
v -17.647934 2.792449 -12.515333
v -17.632538 2.792449 -12.478166
v -17.647934 12.395369 -12.478166
v -17.632538 12.358201 -12.478166
v -17.647934 12.358201 -12.515333
v -17.685101 12.358201 -12.530728
v -17.685101 12.395369 -12.515333
v -17.685101 12.410764 -12.478166
v -17.654762 2.762113 -12.181001
v -17.654762 12.388537 -12.181001
v -17.820583 2.762113 -12.181001
v -17.820583 12.388537 -12.181001
v -17.820583 2.762113 -12.508502
v -17.820583 12.388537 -12.508502
v -17.654762 2.762113 -12.508502
v -17.654762 12.388537 -12.508502
v -15.754815 2.755282 -12.211337
v -15.739419 2.792449 -12.211337
v -15.754815 2.792449 -12.174170
v -15.791982 2.792449 -12.158774
v -15.791982 2.755282 -12.174170
v -15.791982 2.739886 -12.211337
v -15.754815 12.395369 -12.211337
v -15.791982 12.410764 -12.211337
v -15.791982 12.395369 -12.174170
v -15.791982 12.358201 -12.158774
v -15.754815 12.358201 -12.174170
v -15.739419 12.358201 -12.211337
v -15.934299 2.755282 -12.211337
v -15.897130 2.739886 -12.211337
v -15.897130 2.755282 -12.174170
v -15.897130 2.792449 -12.158774
v -15.934299 2.792449 -12.174170
v -15.949693 2.792449 -12.211337
v -15.934299 12.395369 -12.211337
v -15.949693 12.358201 -12.211337
v -15.934299 12.358201 -12.174170
v -15.897130 12.358201 -12.158774
v -15.897130 12.395369 -12.174170
v -15.897130 12.410764 -12.211337
v -15.897130 2.755282 -12.515333
v -15.897130 2.739886 -12.478166
v -15.934299 2.755282 -12.478166
v -15.949693 2.792449 -12.478166
v -15.934299 2.792449 -12.515333
v -15.897130 2.792449 -12.530728
v -15.897130 12.395369 -12.515333
v -15.897130 12.358201 -12.530728
v -15.934299 12.358201 -12.515333
v -15.949693 12.358201 -12.478166
v -15.934299 12.395369 -12.478166
v -15.897130 12.410764 -12.478166
v -15.754815 2.755282 -12.478166
v -15.791982 2.739886 -12.478166
v -15.791982 2.755282 -12.515333
v -15.791982 2.792449 -12.530728
v -15.754815 2.792449 -12.515333
v -15.739419 2.792449 -12.478166
v -15.754815 12.395369 -12.478166
v -15.739419 12.358201 -12.478166
v -15.754815 12.358201 -12.515333
v -15.791982 12.358201 -12.530728
v -15.791982 12.395369 -12.515333
v -15.791982 12.410764 -12.478166
v -15.761645 2.762113 -12.181001
v -15.761645 12.388537 -12.181001
v -15.927466 2.762113 -12.181001
v -15.927466 12.388537 -12.181001
v -15.927466 2.762113 -12.508502
v -15.927466 12.388537 -12.508502
v -15.761645 2.762113 -12.508502
v -15.761645 12.388537 -12.508502
v -13.834157 2.755282 -12.211337
v -13.818761 2.792449 -12.211337
v -13.834157 2.792449 -12.174170
v -13.871324 2.792449 -12.158774
v -13.871324 2.755282 -12.174170
v -13.871324 2.739886 -12.211337
v -13.834157 12.395369 -12.211337
v -13.871324 12.410764 -12.211337
v -13.871324 12.395369 -12.174170
v -13.871324 12.358201 -12.158774
v -13.834157 12.358201 -12.174170
v -13.818761 12.358201 -12.211337
v -14.013640 2.755282 -12.211337
v -13.976472 2.739886 -12.211337
v -13.976472 2.755282 -12.174170
v -13.976472 2.792449 -12.158774
v -14.013640 2.792449 -12.174170
v -14.029035 2.792449 -12.211337
v -14.013640 12.395369 -12.211337
v -14.029035 12.358201 -12.211337
v -14.013640 12.358201 -12.174170
v -13.976472 12.358201 -12.158774
v -13.976472 12.395369 -12.174170
v -13.976472 12.410764 -12.211337
v -13.976472 2.755282 -12.515333
v -13.976472 2.739886 -12.478166
v -14.013640 2.755282 -12.478166
v -14.029035 2.792449 -12.478166
v -14.013640 2.792449 -12.515333
v -13.976472 2.792449 -12.530728
v -13.976472 12.395369 -12.515333
v -13.976472 12.358201 -12.530728
v -14.013640 12.358201 -12.515333
v -14.029035 12.358201 -12.478166
v -14.013640 12.395369 -12.478166
v -13.976472 12.410764 -12.478166
v -13.834157 2.755282 -12.478166
v -13.871324 2.739886 -12.478166
v -13.871324 2.755282 -12.515333
v -13.871324 2.792449 -12.530728
v -13.834157 2.792449 -12.515333
v -13.818761 2.792449 -12.478166
v -13.834157 12.395369 -12.478166
v -13.818761 12.358201 -12.478166
v -13.834157 12.358201 -12.515333
v -13.871324 12.358201 -12.530728
v -13.871324 12.395369 -12.515333
v -13.871324 12.410764 -12.478166
v -13.840987 2.762113 -12.181001
v -13.840987 12.388537 -12.181001
v -14.006808 2.762113 -12.181001
v -14.006808 12.388537 -12.181001
v -14.006808 2.762113 -12.508502
v -14.006808 12.388537 -12.508502
v -13.840987 2.762113 -12.508502
v -13.840987 12.388537 -12.508502
v -11.941040 2.755282 -12.211337
v -11.925644 2.792449 -12.211337
v -11.941040 2.792449 -12.174170
v -11.978207 2.792449 -12.158774
v -11.978207 2.755282 -12.174170
v -11.978207 2.739886 -12.211337
v -11.941040 12.395369 -12.211337
v -11.978207 12.410764 -12.211337
v -11.978207 12.395369 -12.174170
v -11.978207 12.358201 -12.158774
v -11.941040 12.358201 -12.174170
v -11.925644 12.358201 -12.211337
v -12.120523 2.755282 -12.211337
v -12.083355 2.739886 -12.211337
v -12.083355 2.755282 -12.174170
v -12.083355 2.792449 -12.158774
v -12.120523 2.792449 -12.174170
v -12.135918 2.792449 -12.211337
v -12.120523 12.395369 -12.211337
v -12.135918 12.358201 -12.211337
v -12.120523 12.358201 -12.174170
v -12.083355 12.358201 -12.158774
v -12.083355 12.395369 -12.174170
v -12.083355 12.410764 -12.211337
v -12.083355 2.755282 -12.515333
v -12.083355 2.739886 -12.478166
v -12.120523 2.755282 -12.478166
v -12.135918 2.792449 -12.478166
v -12.120523 2.792449 -12.515333
v -12.083355 2.792449 -12.530728
v -12.083355 12.395369 -12.515333
v -12.083355 12.358201 -12.530728
v -12.120523 12.358201 -12.515333
v -12.135918 12.358201 -12.478166
v -12.120523 12.395369 -12.478166
v -12.083355 12.410764 -12.478166
v -11.941040 2.755282 -12.478166
v -11.978207 2.739886 -12.478166
v -11.978207 2.755282 -12.515333
v -11.978207 2.792449 -12.530728
v -11.941040 2.792449 -12.515333
v -11.925644 2.792449 -12.478166
v -11.941040 12.395369 -12.478166
v -11.925644 12.358201 -12.478166
v -11.941040 12.358201 -12.515333
v -11.978207 12.358201 -12.530728
v -11.978207 12.395369 -12.515333
v -11.978207 12.410764 -12.478166
v -11.947870 2.762113 -12.181001
v -11.947870 12.388537 -12.181001
v -12.113691 2.762113 -12.181001
v -12.113691 12.388537 -12.181001
v -12.113691 2.762113 -12.508502
v -12.113691 12.388537 -12.508502
v -11.947870 2.762113 -12.508502
v -11.947870 12.388537 -12.508502
v -9.995466 12.386086 -12.211337
v -10.032633 12.401483 -12.211337
v -10.032633 12.386086 -12.174170
v -10.032633 12.348920 -12.158774
v -9.995466 12.348920 -12.174170
v -9.980070 12.348920 -12.211337
v -19.753788 12.386086 -12.211337
v -19.769184 12.348920 -12.211337
v -19.753788 12.348920 -12.174170
v -19.716621 12.348920 -12.158774
v -19.716621 12.386086 -12.174170
v -19.716621 12.401483 -12.211337
v -9.995466 12.206603 -12.211337
v -9.980070 12.243772 -12.211337
v -9.995466 12.243772 -12.174170
v -10.032633 12.243772 -12.158774
v -10.032633 12.206603 -12.174170
v -10.032633 12.191209 -12.211337
v -19.753788 12.206603 -12.211337
v -19.716621 12.191209 -12.211337
v -19.716621 12.206603 -12.174170
v -19.716621 12.243772 -12.158774
v -19.753788 12.243772 -12.174170
v -19.769184 12.243772 -12.211337
v -9.995466 12.243772 -12.515333
v -9.980070 12.243772 -12.478166
v -9.995466 12.206603 -12.478166
v -10.032633 12.191209 -12.478166
v -10.032633 12.206603 -12.515333
v -10.032633 12.243772 -12.530728
v -19.753788 12.243772 -12.515333
v -19.716621 12.243772 -12.530728
v -19.716621 12.206603 -12.515333
v -19.716621 12.191209 -12.478166
v -19.753788 12.206603 -12.478166
v -19.769184 12.243772 -12.478166
v -9.995466 12.386086 -12.478166
v -9.980070 12.348920 -12.478166
v -9.995466 12.348920 -12.515333
v -10.032633 12.348920 -12.530728
v -10.032633 12.386086 -12.515333
v -10.032633 12.401483 -12.478166
v -19.753788 12.386086 -12.478166
v -19.716621 12.401483 -12.478166
v -19.716621 12.386086 -12.515333
v -19.716621 12.348920 -12.530728
v -19.753788 12.348920 -12.515333
v -19.769184 12.348920 -12.478166
v -10.002296 12.379256 -12.181001
v -19.746956 12.379256 -12.181001
v -10.002296 12.213435 -12.181001
v -19.746956 12.213435 -12.181001
v -10.002296 12.213435 -12.508502
v -19.746956 12.213435 -12.508502
v -10.002296 12.379256 -12.508502
v -19.746956 12.379256 -12.508502
v -19.568590 2.755282 -12.211337
v -19.553194 2.792449 -12.211337
v -19.568590 2.792449 -12.174170
v -19.605757 2.792449 -12.158774
v -19.605757 2.755282 -12.174170
v -19.605757 2.739886 -12.211337
v -19.568590 12.395369 -12.211337
v -19.605757 12.410764 -12.211337
v -19.605757 12.395369 -12.174170
v -19.605757 12.358201 -12.158774
v -19.568590 12.358201 -12.174170
v -19.553194 12.358201 -12.211337
v -19.748074 2.755282 -12.211337
v -19.710905 2.739886 -12.211337
v -19.710905 2.755282 -12.174170
v -19.710905 2.792449 -12.158774
v -19.748074 2.792449 -12.174170
v -19.763468 2.792449 -12.211337
v -19.748074 12.395369 -12.211337
v -19.763468 12.358201 -12.211337
v -19.748074 12.358201 -12.174170
v -19.710905 12.358201 -12.158774
v -19.710905 12.395369 -12.174170
v -19.710905 12.410764 -12.211337
v -19.710905 2.755282 -12.515333
v -19.710905 2.739886 -12.478166
v -19.748074 2.755282 -12.478166
v -19.763468 2.792449 -12.478166
v -19.748074 2.792449 -12.515333
v -19.710905 2.792449 -12.530728
v -19.710905 12.395369 -12.515333
v -19.710905 12.358201 -12.530728
v -19.748074 12.358201 -12.515333
v -19.763468 12.358201 -12.478166
v -19.748074 12.395369 -12.478166
v -19.710905 12.410764 -12.478166
v -19.568590 2.755282 -12.478166
v -19.605757 2.739886 -12.478166
v -19.605757 2.755282 -12.515333
v -19.605757 2.792449 -12.530728
v -19.568590 2.792449 -12.515333
v -19.553194 2.792449 -12.478166
v -19.568590 12.395369 -12.478166
v -19.553194 12.358201 -12.478166
v -19.568590 12.358201 -12.515333
v -19.605757 12.358201 -12.530728
v -19.605757 12.395369 -12.515333
v -19.605757 12.410764 -12.478166
v -19.575420 2.762113 -12.181001
v -19.575420 12.388537 -12.181001
v -19.741241 2.762113 -12.181001
v -19.741241 12.388537 -12.181001
v -19.741241 2.762113 -12.508502
v -19.741241 12.388537 -12.508502
v -19.575420 2.762113 -12.508502
v -19.575420 12.388537 -12.508502
v -10.020382 2.755282 -12.211337
v -10.004986 2.792449 -12.211337
v -10.020382 2.792449 -12.174170
v -10.057549 2.792449 -12.158774
v -10.057549 2.755282 -12.174170
v -10.057549 2.739886 -12.211337
v -10.020382 12.395369 -12.211337
v -10.057549 12.410764 -12.211337
v -10.057549 12.395369 -12.174170
v -10.057549 12.358201 -12.158774
v -10.020382 12.358201 -12.174170
v -10.004986 12.358201 -12.211337
v -10.199865 2.755282 -12.211337
v -10.162697 2.739886 -12.211337
v -10.162697 2.755282 -12.174170
v -10.162697 2.792449 -12.158774
v -10.199865 2.792449 -12.174170
v -10.215260 2.792449 -12.211337
v -10.199865 12.395369 -12.211337
v -10.215260 12.358201 -12.211337
v -10.199865 12.358201 -12.174170
v -10.162697 12.358201 -12.158774
v -10.162697 12.395369 -12.174170
v -10.162697 12.410764 -12.211337
v -10.162697 2.755282 -12.515333
v -10.162697 2.739886 -12.478166
v -10.199865 2.755282 -12.478166
v -10.215260 2.792449 -12.478166
v -10.199865 2.792449 -12.515333
v -10.162697 2.792449 -12.530728
v -10.162697 12.395369 -12.515333
v -10.162697 12.358201 -12.530728
v -10.199865 12.358201 -12.515333
v -10.215260 12.358201 -12.478166
v -10.199865 12.395369 -12.478166
v -10.162697 12.410764 -12.478166
v -10.020382 2.755282 -12.478166
v -10.057549 2.739886 -12.478166
v -10.057549 2.755282 -12.515333
v -10.057549 2.792449 -12.530728
v -10.020382 2.792449 -12.515333
v -10.004986 2.792449 -12.478166
v -10.020382 12.395369 -12.478166
v -10.004986 12.358201 -12.478166
v -10.020382 12.358201 -12.515333
v -10.057549 12.358201 -12.530728
v -10.057549 12.395369 -12.515333
v -10.057549 12.410764 -12.478166
v -10.027212 2.762113 -12.181001
v -10.027212 12.388537 -12.181001
v -10.193033 2.762113 -12.181001
v -10.193033 12.388537 -12.181001
v -10.193033 2.762113 -12.508502
v -10.193033 12.388537 -12.508502
v -10.027212 2.762113 -12.508502
v -10.027212 12.388537 -12.508502
vt 0.304727 0.975937
vt 0.296081 0.982684
vt 0.263498 0.921871
vt 0.255665 0.928927
vt 0.296390 0.982442
vt 0.254986 0.928450
vt 0.254201 0.929082
vt 0.301975 0.984832
vt 0.300303 0.979393
vt 0.258966 0.925374
vt 0.256512 0.949301
vt 0.258207 0.949099
vt 0.259756 0.924763
vt 0.300844 0.978971
vt 0.259517 0.924948
vt 0.196654 0.254946
vt 0.141421 0.252613
vt 0.206096 0.031334
vt 0.150907 0.027544
vt 0.143378 0.252695
vt 0.152815 0.029087
vt 0.152966 0.027625
vt 0.140631 0.278259
vt 0.168288 0.253747
vt 0.177727 0.030138
vt 0.153899 0.002868
vt 0.151829 0.002790
vt 0.182681 0.030347
vt 0.171744 0.253894
vt 0.181183 0.030284
vt 0.129939 0.262290
vt 0.073540 0.259673
vt 0.140577 0.033045
vt 0.084236 0.028924
vt 0.075538 0.259764
vt 0.086174 0.030521
vt 0.086342 0.029036
vt 0.073858 0.285794
vt 0.100974 0.260945
vt 0.111611 0.031701
vt 0.087689 0.003707
vt 0.085571 0.003595
vt 0.116669 0.031936
vt 0.104503 0.261109
vt 0.115140 0.031864
vt 0.841487 0.983209
vt 0.832839 0.989941
vt 0.800277 0.929550
vt 0.792524 0.936604
vt 0.833147 0.989701
vt 0.791851 0.936122
vt 0.791105 0.936725
vt 0.837614 0.992251
vt 0.837053 0.986661
vt 0.795781 0.933052
vt 0.792950 0.956334
vt 0.794588 0.956174
vt 0.796565 0.932441
vt 0.837595 0.986240
vt 0.796328 0.932626
vt 0.323538 0.246788
vt 0.270002 0.244919
vt 0.331101 0.030045
vt 0.277636 0.026791
vt 0.271899 0.244985
vt 0.279455 0.028251
vt 0.279564 0.026863
vt 0.269244 0.269706
vt 0.296044 0.245828
vt 0.303602 0.029090
vt 0.280404 0.003782
vt 0.278474 0.003712
vt 0.308404 0.029257
vt 0.299394 0.245945
vt 0.306952 0.029206
vt 0.785564 0.975726
vt 0.776646 0.982484
vt 0.744430 0.922009
vt 0.736589 0.929103
vt 0.776959 0.982244
vt 0.735919 0.928616
vt 0.735174 0.929223
vt 0.781679 0.984853
vt 0.780974 0.979200
vt 0.739888 0.925533
vt 0.736994 0.948793
vt 0.738629 0.948635
vt 0.740679 0.924918
vt 0.781532 0.978777
vt 0.740440 0.925104
vt 0.259729 0.249384
vt 0.205598 0.247397
vt 0.267797 0.029386
vt 0.213807 0.026013
vt 0.207516 0.247468
vt 0.215586 0.027478
vt 0.215672 0.026120
vt 0.203997 0.272310
vt 0.231929 0.248364
vt 0.239998 0.028370
vt 0.216968 0.003914
vt 0.215112 0.003806
vt 0.244852 0.028547
vt 0.235316 0.248489
vt 0.243385 0.028494
vt 0.052892 0.988775
vt 0.044247 0.995506
vt 0.011695 0.935147
vt 0.003912 0.942198
vt 0.044555 0.995266
vt 0.003259 0.941716
vt 0.002497 0.942318
vt 0.048943 0.997828
vt 0.048461 0.992227
vt 0.007197 0.938647
vt 0.004332 0.961885
vt 0.005967 0.961726
vt 0.007981 0.938037
vt 0.049002 0.991805
vt 0.007744 0.938221
vt 0.254689 0.928685
vt 0.296626 0.982258
vt 0.255221 0.928264
vt 0.300538 0.979210
vt 0.259205 0.925189
vt 0.301077 0.978787
vt 0.296487 0.982955
vt 0.296659 0.982522
vt 0.302116 0.984374
vt 0.150858 0.029004
vt 0.144875 0.252759
vt 0.154313 0.029150
vt 0.169786 0.253811
vt 0.179225 0.030201
vt 0.173242 0.253957
vt 0.141382 0.254074
vt 0.143399 0.254136
vt 0.142653 0.278322
vt 0.084175 0.030428
vt 0.077067 0.259835
vt 0.087703 0.030591
vt 0.102503 0.261016
vt 0.113140 0.031772
vt 0.106032 0.261180
vt 0.073531 0.261210
vt 0.075582 0.261194
vt 0.075913 0.285766
vt 0.791556 0.936357
vt 0.833382 0.989518
vt 0.792082 0.935937
vt 0.837288 0.986479
vt 0.796018 0.932868
vt 0.837829 0.986057
vt 0.833169 0.990174
vt 0.833358 0.989818
vt 0.837783 0.991881
vt 0.277558 0.028184
vt 0.273350 0.245036
vt 0.280906 0.028301
vt 0.297496 0.245878
vt 0.305054 0.029140
vt 0.300845 0.245995
vt 0.269972 0.246327
vt 0.271922 0.246386
vt 0.271198 0.269767
vt 0.735622 0.928852
vt 0.777199 0.982061
vt 0.736152 0.928430
vt 0.781215 0.979016
vt 0.740127 0.925348
vt 0.781774 0.978593
vt 0.776885 0.982724
vt 0.777080 0.982348
vt 0.781852 0.984451
vt 0.213670 0.027407
vt 0.208983 0.247522
vt 0.217053 0.027531
vt 0.233397 0.248418
vt 0.241466 0.028423
vt 0.236783 0.248542
vt 0.205546 0.248783
vt 0.207510 0.248904
vt 0.205964 0.272439
vt 0.002965 0.941951
vt 0.044790 0.995083
vt 0.003491 0.941531
vt 0.048696 0.992044
vt 0.007434 0.938463
vt 0.049236 0.991623
vt 0.044572 0.995736
vt 0.044763 0.995384
vt 0.049112 0.997463
vt 0.304817 0.976075
vt 0.296422 0.983129
vt 0.295961 0.982776
vt 0.305487 0.975959
vt 0.296287 0.982823
vt 0.256276 0.928821
vt 0.263404 0.921752
vt 0.255165 0.928692
vt 0.263618 0.921778
vt 0.254571 0.928774
vt 0.296718 0.982351
vt 0.296721 0.982377
vt 0.296524 0.982486
vt 0.296508 0.982350
vt 0.255110 0.928135
vt 0.253581 0.929117
vt 0.255102 0.928357
vt 0.254637 0.928656
vt 0.302292 0.984417
vt 0.300634 0.979348
vt 0.300396 0.979511
vt 0.302173 0.984200
vt 0.300421 0.979302
vt 0.259100 0.925079
vt 0.256577 0.949950
vt 0.259086 0.925282
vt 0.255863 0.949379
vt 0.258877 0.925252
vt 0.301918 0.985008
vt 0.301164 0.978905
vt 0.300965 0.979083
vt 0.302152 0.984886
vt 0.300960 0.978879
vt 0.259658 0.924645
vt 0.258856 0.949021
vt 0.259637 0.924856
vt 0.258288 0.949767
vt 0.259426 0.924820
vt 0.196625 0.255695
vt 0.140606 0.254043
vt 0.140671 0.252583
vt 0.197413 0.254979
vt 0.141409 0.253342
vt 0.150114 0.027522
vt 0.206130 0.030585
vt 0.150891 0.028279
vt 0.206845 0.031365
vt 0.150108 0.028972
vt 0.144176 0.254154
vt 0.144837 0.253513
vt 0.143398 0.253406
vt 0.144126 0.252727
vt 0.154339 0.028395
vt 0.153761 0.027663
vt 0.153564 0.029118
vt 0.152899 0.028370
vt 0.142654 0.279102
vt 0.169696 0.254598
vt 0.168263 0.254500
vt 0.143427 0.278348
vt 0.169037 0.253779
vt 0.179201 0.029409
vt 0.153953 0.002071
vt 0.178476 0.030170
vt 0.154691 0.002895
vt 0.177765 0.029386
vt 0.139857 0.278238
vt 0.173204 0.254708
vt 0.171767 0.254685
vt 0.140582 0.279037
vt 0.172493 0.253925
vt 0.182706 0.029595
vt 0.151037 0.002758
vt 0.181932 0.030315
vt 0.151834 0.001992
vt 0.181272 0.029496
vt 0.129907 0.263054
vt 0.072742 0.261212
vt 0.072774 0.259638
vt 0.130698 0.262323
vt 0.073538 0.260440
vt 0.083425 0.028889
vt 0.140616 0.032280
vt 0.084213 0.029681
vt 0.141342 0.033080
vt 0.083409 0.030392
vt 0.076370 0.261178
vt 0.077024 0.260604
vt 0.075565 0.260471
vt 0.076302 0.259799
vt 0.087732 0.029821
vt 0.087155 0.029087
vt 0.086938 0.030556
vt 0.086265 0.029793
vt 0.075949 0.286557
vt 0.102408 0.261820
vt 0.100945 0.261713
vt 0.076699 0.285758
vt 0.101739 0.260980
vt 0.113120 0.030963
vt 0.087757 0.002892
vt 0.112376 0.031736
vt 0.088499 0.003747
vt 0.111654 0.030933
vt 0.073071 0.285807
vt 0.105990 0.261947
vt 0.104523 0.261918
vt 0.073844 0.286585
vt 0.105267 0.261144
vt 0.116698 0.031168
vt 0.084760 0.003550
vt 0.115905 0.031900
vt 0.085588 0.002777
vt 0.115235 0.031061
vt 0.841579 0.983344
vt 0.833098 0.990316
vt 0.832721 0.990032
vt 0.842247 0.983232
vt 0.833008 0.990062
vt 0.793118 0.936513
vt 0.800184 0.929432
vt 0.792031 0.936374
vt 0.800395 0.929458
vt 0.791439 0.936446
vt 0.833425 0.989679
vt 0.833474 0.989637
vt 0.833256 0.989767
vt 0.833264 0.989610
vt 0.791971 0.935809
vt 0.790504 0.936747
vt 0.791965 0.936029
vt 0.791517 0.936324
vt 0.837922 0.991940
vt 0.837380 0.986617
vt 0.837147 0.986779
vt 0.837849 0.991739
vt 0.837171 0.986570
vt 0.795904 0.932765
vt 0.792994 0.956962
vt 0.795899 0.932960
vt 0.792323 0.956396
vt 0.795688 0.932933
vt 0.837548 0.992394
vt 0.837920 0.986175
vt 0.837709 0.986352
vt 0.837763 0.992321
vt 0.837712 0.986149
vt 0.796472 0.932323
vt 0.795216 0.956112
vt 0.796446 0.932534
vt 0.794661 0.956813
vt 0.796239 0.932492
vt 0.323516 0.247515
vt 0.269223 0.246297
vt 0.269275 0.244895
vt 0.324297 0.246821
vt 0.269995 0.245622
vt 0.276896 0.026770
vt 0.331129 0.029319
vt 0.277605 0.027489
vt 0.331827 0.030070
vt 0.276832 0.028158
vt 0.272674 0.246403
vt 0.273318 0.245767
vt 0.271920 0.245675
vt 0.272624 0.245011
vt 0.280925 0.027569
vt 0.280306 0.026896
vt 0.280181 0.028276
vt 0.279519 0.027567
vt 0.271198 0.270520
vt 0.297414 0.246641
vt 0.296025 0.246557
vt 0.271947 0.269793
vt 0.296770 0.245853
vt 0.305026 0.028374
vt 0.280454 0.003040
vt 0.304328 0.029115
vt 0.281142 0.003807
vt 0.303634 0.028361
vt 0.268495 0.269685
vt 0.300813 0.246724
vt 0.299422 0.246712
vt 0.269197 0.270458
vt 0.300119 0.245970
vt 0.308423 0.028528
vt 0.277735 0.003683
vt 0.307678 0.029232
vt 0.278477 0.002969
vt 0.307034 0.028443
vt 0.785656 0.975865
vt 0.776809 0.982875
vt 0.776526 0.982576
vt 0.786323 0.975749
vt 0.776757 0.982604
vt 0.737182 0.929015
vt 0.744335 0.921890
vt 0.736098 0.928870
vt 0.744551 0.921916
vt 0.735504 0.928941
vt 0.777146 0.982199
vt 0.777287 0.982185
vt 0.777013 0.982308
vt 0.777079 0.982153
vt 0.736041 0.928302
vt 0.734574 0.929245
vt 0.736035 0.928523
vt 0.735583 0.928819
vt 0.782007 0.984510
vt 0.781295 0.979159
vt 0.781067 0.979319
vt 0.781920 0.984297
vt 0.781094 0.979108
vt 0.740011 0.925247
vt 0.737038 0.949420
vt 0.740007 0.925440
vt 0.736368 0.948855
vt 0.739798 0.925412
vt 0.781612 0.985007
vt 0.781865 0.978715
vt 0.781637 0.978894
vt 0.781843 0.984928
vt 0.781653 0.978685
vt 0.740585 0.924799
vt 0.739255 0.948574
vt 0.740560 0.925011
vt 0.738702 0.949271
vt 0.740352 0.924969
vt 0.259705 0.250120
vt 0.204792 0.248728
vt 0.204864 0.247371
vt 0.260488 0.249418
vt 0.205583 0.248089
vt 0.213093 0.025976
vt 0.267827 0.028652
vt 0.213745 0.026706
vt 0.268531 0.029412
vt 0.212936 0.027379
vt 0.208268 0.248946
vt 0.208950 0.248262
vt 0.207526 0.248174
vt 0.208250 0.247495
vt 0.217073 0.026790
vt 0.216387 0.026165
vt 0.216320 0.027504
vt 0.215640 0.026804
vt 0.205937 0.273198
vt 0.233313 0.249190
vt 0.231909 0.249101
vt 0.206717 0.272491
vt 0.232663 0.248391
vt 0.241439 0.027648
vt 0.217033 0.003202
vt 0.240732 0.028397
vt 0.217679 0.003954
vt 0.240032 0.027633
vt 0.203244 0.272263
vt 0.236750 0.249279
vt 0.235342 0.249264
vt 0.203924 0.273065
vt 0.236050 0.248516
vt 0.244873 0.027810
vt 0.214402 0.003762
vt 0.244119 0.028520
vt 0.215132 0.003090
vt 0.243468 0.027722
vt 0.052983 0.988910
vt 0.044501 0.995877
vt 0.044129 0.995598
vt 0.053651 0.988797
vt 0.044415 0.995628
vt 0.004505 0.942106
vt 0.011603 0.935028
vt 0.003428 0.941970
vt 0.011814 0.935054
vt 0.002848 0.942040
vt 0.044830 0.995249
vt 0.044881 0.995202
vt 0.044661 0.995334
vt 0.044672 0.995174
vt 0.003379 0.941403
vt 0.001898 0.942338
vt 0.003374 0.941623
vt 0.002915 0.941915
vt 0.049250 0.997521
vt 0.048787 0.992181
vt 0.048552 0.992344
vt 0.049177 0.997324
vt 0.048578 0.992136
vt 0.007323 0.938358
vt 0.004378 0.962515
vt 0.007316 0.938555
vt 0.003704 0.961948
vt 0.007106 0.938527
vt 0.048878 0.997968
vt 0.049323 0.991740
vt 0.049115 0.991917
vt 0.049089 0.997897
vt 0.049119 0.991714
vt 0.007885 0.937918
vt 0.006596 0.961665
vt 0.007862 0.938129
vt 0.006039 0.962365
vt 0.007655 0.938088
vt 0.305154 0.976261
vt 0.296186 0.982976
vt 0.255293 0.928419
vt 0.263513 0.921691
vt 0.296586 0.982406
vt 0.254570 0.928351
vt 0.302303 0.984268
vt 0.300505 0.979405
vt 0.259007 0.925186
vt 0.256042 0.949920
vt 0.302078 0.985034
vt 0.301047 0.978963
vt 0.259570 0.924760
vt 0.258818 0.949612
vt 0.197267 0.255611
vt 0.140772 0.253316
vt 0.150252 0.028263
vt 0.206759 0.030728
vt 0.144083 0.253397
vt 0.153588 0.028441
vt 0.143302 0.278992
vt 0.168992 0.254410
vt 0.178483 0.029537
vt 0.154606 0.002228
vt 0.139942 0.278887
vt 0.172485 0.254558
vt 0.181977 0.029684
vt 0.151170 0.002099
vt 0.130556 0.262963
vt 0.072874 0.260427
vt 0.083556 0.029659
vt 0.141257 0.032428
vt 0.076252 0.260462
vt 0.086966 0.029869
vt 0.076601 0.286416
vt 0.101690 0.261625
vt 0.112387 0.031090
vt 0.088424 0.003063
vt 0.073189 0.286463
vt 0.105257 0.261790
vt 0.115954 0.031256
vt 0.084907 0.002878
vt 0.841916 0.983539
vt 0.832916 0.990186
vt 0.792158 0.936100
vt 0.800296 0.929372
vt 0.833334 0.989688
vt 0.791457 0.936024
vt 0.837946 0.991815
vt 0.837244 0.986673
vt 0.795814 0.932869
vt 0.792475 0.956918
vt 0.837689 0.992431
vt 0.837802 0.986240
vt 0.796368 0.932433
vt 0.795179 0.956681
vt 0.324146 0.247440
vt 0.269380 0.245601
vt 0.276995 0.027465
vt 0.331741 0.029453
vt 0.272586 0.245664
vt 0.280182 0.027621
vt 0.271824 0.270415
vt 0.296731 0.246465
vt 0.304331 0.028502
vt 0.281063 0.003186
vt 0.268579 0.270314
vt 0.300116 0.246583
vt 0.307718 0.028620
vt 0.277859 0.003070
vt 0.785995 0.976059
vt 0.776650 0.982709
vt 0.736223 0.928600
vt 0.744450 0.921832
vt 0.777103 0.982239
vt 0.735528 0.928521
vt 0.782029 0.984372
vt 0.781155 0.979211
vt 0.739920 0.925351
vt 0.736519 0.949375
vt 0.781764 0.985050
vt 0.781736 0.978782
vt 0.740481 0.924911
vt 0.739219 0.949139
vt 0.260339 0.250041
vt 0.204973 0.248057
vt 0.213137 0.026663
vt 0.268443 0.028788
vt 0.208206 0.248169
vt 0.216300 0.026849
vt 0.206571 0.273114
vt 0.232622 0.249010
vt 0.240737 0.027777
vt 0.217616 0.003356
vt 0.203306 0.272899
vt 0.236045 0.249136
vt 0.244160 0.027902
vt 0.214535 0.003174
vt 0.053320 0.989104
vt 0.044322 0.995747
vt 0.003554 0.941700
vt 0.011724 0.934970
vt 0.044740 0.995254
vt 0.002861 0.941615
vt 0.049274 0.997397
vt 0.048653 0.992238
vt 0.007232 0.938463
vt 0.003860 0.962472
vt 0.049014 0.998008
vt 0.049206 0.991804
vt 0.007786 0.938029
vt 0.006556 0.962230
vt 0.625884 0.196012
vt 0.625861 0.196781
vt 0.620731 0.196542
vt 0.620795 0.195764
vt 0.606230 0.196516
vt 0.607031 0.196587
vt 0.606737 0.201871
vt 0.605935 0.201838
vt 0.607096 0.195098
vt 0.606328 0.195061
vt 0.615302 0.010391
vt 0.616070 0.010429
vt 0.626643 0.196045
vt 0.634857 0.011342
vt 0.635624 0.011379
vt 0.607073 0.195838
vt 0.609107 0.195928
vt 0.609093 0.196688
vt 0.609100 0.195194
vt 0.616161 0.008931
vt 0.615356 0.008914
vt 0.615649 0.003594
vt 0.616449 0.003649
vt 0.634909 0.010573
vt 0.629769 0.011095
vt 0.629780 0.010314
vt 0.616123 0.009685
vt 0.618155 0.009801
vt 0.618074 0.010528
vt 0.618221 0.009049
vt 0.609908 0.196700
vt 0.609624 0.202036
vt 0.608823 0.201983
vt 0.610568 0.196060
vt 0.610633 0.195270
vt 0.615723 0.195517
vt 0.615713 0.196300
vt 0.609867 0.195232
vt 0.618840 0.010564
vt 0.619607 0.010601
vt 0.619618 0.009809
vt 0.624763 0.010068
vt 0.624696 0.010849
vt 0.619030 0.009124
vt 0.618532 0.003766
vt 0.619334 0.003800
vt 0.608803 0.202788
vt 0.606669 0.202675
vt 0.617161 0.196395
vt 0.617256 0.195592
vt 0.619262 0.195689
vt 0.619279 0.196498
vt 0.616489 0.195555
vt 0.625463 0.010886
vt 0.626230 0.010923
vt 0.626213 0.010114
vt 0.628330 0.010217
vt 0.628235 0.011021
vt 0.618601 0.002964
vt 0.616470 0.002844
vt 0.620029 0.195727
vt 0.629002 0.011058
vt 0.606426 0.195797
vt 0.626508 0.196684
vt 0.635546 0.010728
vt 0.615472 0.009659
vt 0.609809 0.195922
vt 0.618850 0.009878
vt 0.616447 0.196199
vt 0.609472 0.202695
vt 0.619257 0.003129
vt 0.625483 0.010240
vt 0.620009 0.196372
vt 0.606013 0.202510
vt 0.615801 0.002936
vt 0.629045 0.010413
vt 0.653849 0.196012
vt 0.653826 0.196781
vt 0.648696 0.196542
vt 0.648760 0.195764
vt 0.634195 0.196516
vt 0.634996 0.196587
vt 0.634701 0.201871
vt 0.633900 0.201838
vt 0.635060 0.195098
vt 0.634293 0.195061
vt 0.643267 0.010391
vt 0.644034 0.010429
vt 0.654608 0.196045
vt 0.662822 0.011342
vt 0.663589 0.011379
vt 0.635038 0.195838
vt 0.637071 0.195928
vt 0.637058 0.196688
vt 0.637065 0.195194
vt 0.644126 0.008931
vt 0.643321 0.008914
vt 0.643614 0.003594
vt 0.644413 0.003649
vt 0.662873 0.010573
vt 0.657733 0.011095
vt 0.657745 0.010314
vt 0.644088 0.009685
vt 0.646120 0.009801
vt 0.646039 0.010528
vt 0.646186 0.009049
vt 0.637873 0.196700
vt 0.637589 0.202036
vt 0.636787 0.201983
vt 0.638532 0.196060
vt 0.638598 0.195270
vt 0.643687 0.195517
vt 0.643678 0.196300
vt 0.637831 0.195232
vt 0.646805 0.010564
vt 0.647572 0.010601
vt 0.647583 0.009809
vt 0.652728 0.010068
vt 0.652661 0.010849
vt 0.646995 0.009124
vt 0.646497 0.003766
vt 0.647299 0.003800
vt 0.636768 0.202788
vt 0.634634 0.202675
vt 0.645125 0.196395
vt 0.645221 0.195592
vt 0.647226 0.195689
vt 0.647243 0.196498
vt 0.644454 0.195555
vt 0.653427 0.010886
vt 0.654194 0.010923
vt 0.654177 0.010114
vt 0.656295 0.010217
vt 0.656200 0.011021
vt 0.646566 0.002964
vt 0.644435 0.002844
vt 0.647993 0.195727
vt 0.656967 0.011058
vt 0.634390 0.195797
vt 0.654472 0.196684
vt 0.663510 0.010728
vt 0.643437 0.009659
vt 0.637774 0.195922
vt 0.646815 0.009878
vt 0.644412 0.196199
vt 0.637437 0.202695
vt 0.647221 0.003129
vt 0.653448 0.010240
vt 0.647974 0.196372
vt 0.633977 0.202510
vt 0.643765 0.002936
vt 0.657010 0.010413
vt 0.681814 0.196012
vt 0.681791 0.196781
vt 0.676661 0.196542
vt 0.676725 0.195764
vt 0.662160 0.196516
vt 0.662961 0.196587
vt 0.662666 0.201871
vt 0.661865 0.201838
vt 0.663026 0.195098
vt 0.662258 0.195061
vt 0.671232 0.010391
vt 0.672000 0.010429
vt 0.682573 0.196045
vt 0.690787 0.011342
vt 0.691554 0.011379
vt 0.663003 0.195838
vt 0.665037 0.195928
vt 0.665023 0.196688
vt 0.665030 0.195194
vt 0.672091 0.008931
vt 0.671286 0.008914
vt 0.671579 0.003594
vt 0.672378 0.003649
vt 0.690838 0.010573
vt 0.685698 0.011095
vt 0.685710 0.010314
vt 0.672053 0.009685
vt 0.674085 0.009801
vt 0.674004 0.010528
vt 0.674151 0.009049
vt 0.665838 0.196700
vt 0.665554 0.202036
vt 0.664753 0.201983
vt 0.666497 0.196060
vt 0.666563 0.195270
vt 0.671652 0.195517
vt 0.671643 0.196300
vt 0.665796 0.195232
vt 0.674770 0.010564
vt 0.675537 0.010601
vt 0.675548 0.009809
vt 0.680693 0.010068
vt 0.680626 0.010849
vt 0.674960 0.009124
vt 0.674462 0.003766
vt 0.675264 0.003800
vt 0.664733 0.202788
vt 0.662599 0.202675
vt 0.673091 0.196395
vt 0.673186 0.195592
vt 0.675191 0.195689
vt 0.675208 0.196498
vt 0.672419 0.195555
vt 0.681393 0.010886
vt 0.682159 0.010923
vt 0.682143 0.010114
vt 0.684260 0.010217
vt 0.684165 0.011021
vt 0.674531 0.002964
vt 0.672400 0.002844
vt 0.675958 0.195727
vt 0.684932 0.011058
vt 0.662355 0.195797
vt 0.682438 0.196684
vt 0.691475 0.010728
vt 0.671402 0.009659
vt 0.665739 0.195922
vt 0.674780 0.009878
vt 0.672377 0.196199
vt 0.665402 0.202695
vt 0.675186 0.003129
vt 0.681413 0.010240
vt 0.675939 0.196372
vt 0.661942 0.202510
vt 0.671731 0.002936
vt 0.684975 0.010413
vt 0.709779 0.196012
vt 0.709756 0.196781
vt 0.704626 0.196542
vt 0.704690 0.195764
vt 0.690125 0.196516
vt 0.690926 0.196587
vt 0.690631 0.201871
vt 0.689830 0.201838
vt 0.690991 0.195098
vt 0.690223 0.195061
vt 0.699197 0.010391
vt 0.699965 0.010429
vt 0.710538 0.196045
vt 0.718752 0.011342
vt 0.719519 0.011379
vt 0.690968 0.195838
vt 0.693002 0.195928
vt 0.692988 0.196688
vt 0.692995 0.195194
vt 0.700056 0.008931
vt 0.699251 0.008914
vt 0.699544 0.003594
vt 0.700344 0.003649
vt 0.718804 0.010573
vt 0.713663 0.011095
vt 0.713675 0.010314
vt 0.700018 0.009685
vt 0.702050 0.009801
vt 0.701969 0.010528
vt 0.702116 0.009049
vt 0.693803 0.196700
vt 0.693519 0.202036
vt 0.692718 0.201983
vt 0.694463 0.196060
vt 0.694528 0.195270
vt 0.699618 0.195517
vt 0.699608 0.196300
vt 0.693761 0.195232
vt 0.702735 0.010564
vt 0.703502 0.010601
vt 0.703513 0.009809
vt 0.708658 0.010068
vt 0.708591 0.010849
vt 0.702925 0.009124
vt 0.702427 0.003766
vt 0.703229 0.003800
vt 0.692698 0.202788
vt 0.690564 0.202675
vt 0.701056 0.196395
vt 0.701151 0.195592
vt 0.703157 0.195689
vt 0.703174 0.196498
vt 0.700384 0.195555
vt 0.709358 0.010886
vt 0.710125 0.010923
vt 0.710108 0.010114
vt 0.712225 0.010217
vt 0.712130 0.011021
vt 0.702496 0.002964
vt 0.700365 0.002844
vt 0.703923 0.195727
vt 0.712897 0.011058
vt 0.690321 0.195797
vt 0.710403 0.196684
vt 0.719441 0.010728
vt 0.699367 0.009659
vt 0.693704 0.195922
vt 0.702745 0.009878
vt 0.700342 0.196199
vt 0.693367 0.202695
vt 0.703152 0.003129
vt 0.709378 0.010240
vt 0.703904 0.196372
vt 0.689908 0.202510
vt 0.699696 0.002936
vt 0.712940 0.010413
vt 0.737744 0.196012
vt 0.737721 0.196781
vt 0.732591 0.196542
vt 0.732655 0.195764
vt 0.718090 0.196516
vt 0.718891 0.196587
vt 0.718597 0.201871
vt 0.717795 0.201838
vt 0.718956 0.195098
vt 0.718188 0.195061
vt 0.727162 0.010391
vt 0.727930 0.010429
vt 0.738503 0.196045
vt 0.746717 0.011342
vt 0.747484 0.011379
vt 0.718933 0.195838
vt 0.720967 0.195928
vt 0.720953 0.196688
vt 0.720960 0.195194
vt 0.728021 0.008931
vt 0.727216 0.008914
vt 0.727509 0.003594
vt 0.728309 0.003649
vt 0.746769 0.010573
vt 0.741629 0.011095
vt 0.741640 0.010314
vt 0.727983 0.009685
vt 0.730015 0.009801
vt 0.729934 0.010528
vt 0.730081 0.009049
vt 0.721768 0.196700
vt 0.721484 0.202036
vt 0.720683 0.201983
vt 0.722428 0.196060
vt 0.722493 0.195270
vt 0.727583 0.195517
vt 0.727573 0.196300
vt 0.721727 0.195232
vt 0.730700 0.010564
vt 0.731467 0.010601
vt 0.731478 0.009809
vt 0.736623 0.010068
vt 0.736556 0.010849
vt 0.730890 0.009124
vt 0.730393 0.003766
vt 0.731194 0.003800
vt 0.720663 0.202788
vt 0.718529 0.202675
vt 0.729021 0.196395
vt 0.729116 0.195592
vt 0.731122 0.195689
vt 0.731139 0.196498
vt 0.728349 0.195555
vt 0.737323 0.010886
vt 0.738090 0.010923
vt 0.738073 0.010114
vt 0.740190 0.010217
vt 0.740095 0.011021
vt 0.730461 0.002964
vt 0.728330 0.002844
vt 0.731889 0.195727
vt 0.740862 0.011058
vt 0.718286 0.195797
vt 0.738368 0.196684
vt 0.747406 0.010728
vt 0.727332 0.009659
vt 0.721669 0.195922
vt 0.730710 0.009878
vt 0.728307 0.196199
vt 0.721332 0.202695
vt 0.731117 0.003129
vt 0.737343 0.010240
vt 0.731869 0.196372
vt 0.717873 0.202510
vt 0.727661 0.002936
vt 0.740905 0.010413
vt 0.791607 0.192038
vt 0.791586 0.192802
vt 0.786496 0.192577
vt 0.786558 0.191804
vt 0.772117 0.192591
vt 0.772911 0.192657
vt 0.772654 0.197890
vt 0.771861 0.197862
vt 0.772966 0.191176
vt 0.772204 0.191142
vt 0.780565 0.010139
vt 0.781327 0.010175
vt 0.792366 0.192072
vt 0.799968 0.011036
vt 0.800730 0.011071
vt 0.772948 0.191913
vt 0.774965 0.191994
vt 0.774955 0.192745
vt 0.774955 0.191267
vt 0.781424 0.008690
vt 0.780630 0.008670
vt 0.780945 0.003434
vt 0.781732 0.003492
vt 0.800018 0.010272
vt 0.794919 0.010803
vt 0.794929 0.010028
vt 0.781383 0.009436
vt 0.783393 0.009551
vt 0.783315 0.010268
vt 0.783456 0.008811
vt 0.775762 0.192753
vt 0.775515 0.198038
vt 0.774721 0.197989
vt 0.776413 0.192123
vt 0.776476 0.191339
vt 0.781525 0.191572
vt 0.781518 0.192349
vt 0.775715 0.191303
vt 0.784076 0.010303
vt 0.784836 0.010338
vt 0.784844 0.009551
vt 0.789950 0.009796
vt 0.789886 0.010571
vt 0.784252 0.008886
vt 0.783781 0.003617
vt 0.784569 0.003654
vt 0.774705 0.198787
vt 0.772592 0.198685
vt 0.782955 0.192439
vt 0.783047 0.191642
vt 0.785037 0.191734
vt 0.785056 0.192536
vt 0.782286 0.191607
vt 0.790647 0.010606
vt 0.791408 0.010641
vt 0.791389 0.009839
vt 0.793490 0.009935
vt 0.793397 0.010733
vt 0.783852 0.002829
vt 0.781757 0.002701
vt 0.785798 0.191769
vt 0.794158 0.010768
vt 0.772305 0.191875
vt 0.792229 0.192707
vt 0.800651 0.010425
vt 0.780737 0.009409
vt 0.775660 0.191985
vt 0.784080 0.009624
vt 0.782246 0.192247
vt 0.775368 0.198692
vt 0.784495 0.002995
vt 0.790665 0.009965
vt 0.785780 0.192410
vt 0.771942 0.198525
vt 0.781098 0.002788
vt 0.794200 0.010128
vt 0.819572 0.192038
vt 0.819551 0.192802
vt 0.814462 0.192577
vt 0.814524 0.191804
vt 0.800082 0.192591
vt 0.800876 0.192657
vt 0.800619 0.197890
vt 0.799826 0.197862
vt 0.800931 0.191176
vt 0.800170 0.191142
vt 0.808530 0.010139
vt 0.809292 0.010175
vt 0.820332 0.192072
vt 0.827933 0.011036
vt 0.828695 0.011071
vt 0.800913 0.191913
vt 0.802930 0.191994
vt 0.802920 0.192745
vt 0.802920 0.191267
vt 0.809389 0.008690
vt 0.808596 0.008670
vt 0.808910 0.003434
vt 0.809697 0.003492
vt 0.827983 0.010272
vt 0.822884 0.010803
vt 0.822894 0.010028
vt 0.809348 0.009436
vt 0.811358 0.009551
vt 0.811280 0.010268
vt 0.811421 0.008811
vt 0.803727 0.192753
vt 0.803480 0.198038
vt 0.802686 0.197989
vt 0.804378 0.192123
vt 0.804441 0.191339
vt 0.809491 0.191572
vt 0.809483 0.192349
vt 0.803680 0.191303
vt 0.812041 0.010303
vt 0.812801 0.010338
vt 0.812810 0.009551
vt 0.817915 0.009796
vt 0.817851 0.010571
vt 0.812217 0.008886
vt 0.811746 0.003617
vt 0.812534 0.003654
vt 0.802671 0.198787
vt 0.800557 0.198685
vt 0.810920 0.192439
vt 0.811012 0.191642
vt 0.813002 0.191734
vt 0.813021 0.192536
vt 0.810251 0.191607
vt 0.818612 0.010606
vt 0.819373 0.010641
vt 0.819354 0.009839
vt 0.821455 0.009935
vt 0.821363 0.010733
vt 0.811818 0.002829
vt 0.809722 0.002701
vt 0.813763 0.191769
vt 0.822123 0.010768
vt 0.800270 0.191875
vt 0.820195 0.192707
vt 0.828616 0.010425
vt 0.808702 0.009409
vt 0.803625 0.191985
vt 0.812045 0.009624
vt 0.810211 0.192247
vt 0.803333 0.198692
vt 0.812461 0.002995
vt 0.818630 0.009965
vt 0.813745 0.192410
vt 0.799907 0.198525
vt 0.809064 0.002788
vt 0.822165 0.010128
vt 0.847538 0.192038
vt 0.847516 0.192802
vt 0.842427 0.192577
vt 0.842489 0.191804
vt 0.828047 0.192591
vt 0.828841 0.192657
vt 0.828585 0.197890
vt 0.827791 0.197862
vt 0.828896 0.191176
vt 0.828135 0.191142
vt 0.836496 0.010139
vt 0.837257 0.010175
vt 0.848297 0.192072
vt 0.855899 0.011036
vt 0.856660 0.011071
vt 0.828878 0.191913
vt 0.830895 0.191994
vt 0.830885 0.192745
vt 0.830885 0.191267
vt 0.837354 0.008690
vt 0.836561 0.008670
vt 0.836875 0.003434
vt 0.837662 0.003492
vt 0.855948 0.010272
vt 0.850849 0.010803
vt 0.850859 0.010028
vt 0.837313 0.009436
vt 0.839323 0.009551
vt 0.839245 0.010268
vt 0.839387 0.008811
vt 0.831692 0.192753
vt 0.831445 0.198038
vt 0.830651 0.197989
vt 0.832343 0.192123
vt 0.832406 0.191339
vt 0.837456 0.191572
vt 0.837448 0.192349
vt 0.831645 0.191303
vt 0.840006 0.010303
vt 0.840767 0.010338
vt 0.840775 0.009551
vt 0.845880 0.009796
vt 0.845816 0.010571
vt 0.840182 0.008886
vt 0.839711 0.003617
vt 0.840499 0.003654
vt 0.830636 0.198787
vt 0.828522 0.198685
vt 0.838885 0.192439
vt 0.838977 0.191642
vt 0.840967 0.191734
vt 0.840986 0.192536
vt 0.838216 0.191607
vt 0.846577 0.010606
vt 0.847338 0.010641
vt 0.847319 0.009839
vt 0.849420 0.009935
vt 0.849328 0.010733
vt 0.839783 0.002829
vt 0.837687 0.002701
vt 0.841728 0.191769
vt 0.850089 0.010768
vt 0.828235 0.191875
vt 0.848160 0.192707
vt 0.856581 0.010425
vt 0.836667 0.009409
vt 0.831590 0.191985
vt 0.840010 0.009624
vt 0.838176 0.192247
vt 0.831299 0.198692
vt 0.840426 0.002995
vt 0.846596 0.009965
vt 0.841710 0.192410
vt 0.827872 0.198525
vt 0.837029 0.002788
vt 0.850130 0.010128
vt 0.875503 0.192038
vt 0.875481 0.192802
vt 0.870392 0.192577
vt 0.870454 0.191804
vt 0.856012 0.192591
vt 0.856807 0.192657
vt 0.856550 0.197890
vt 0.855756 0.197862
vt 0.856861 0.191176
vt 0.856100 0.191142
vt 0.864461 0.010139
vt 0.865222 0.010175
vt 0.876262 0.192072
vt 0.883864 0.011036
vt 0.884625 0.011071
vt 0.856843 0.191913
vt 0.858860 0.191994
vt 0.858850 0.192745
vt 0.858850 0.191267
vt 0.865320 0.008690
vt 0.864526 0.008670
vt 0.864841 0.003434
vt 0.865627 0.003492
vt 0.883913 0.010272
vt 0.878815 0.010803
vt 0.878824 0.010028
vt 0.865278 0.009436
vt 0.867289 0.009551
vt 0.867210 0.010268
vt 0.867352 0.008811
vt 0.859657 0.192753
vt 0.859410 0.198038
vt 0.858616 0.197989
vt 0.860308 0.192123
vt 0.860371 0.191339
vt 0.865421 0.191572
vt 0.865414 0.192349
vt 0.859610 0.191303
vt 0.867971 0.010303
vt 0.868732 0.010338
vt 0.868740 0.009551
vt 0.873846 0.009796
vt 0.873781 0.010571
vt 0.868148 0.008886
vt 0.867676 0.003617
vt 0.868464 0.003654
vt 0.858601 0.198787
vt 0.856487 0.198685
vt 0.866850 0.192439
vt 0.866942 0.191642
vt 0.868932 0.191734
vt 0.868951 0.192536
vt 0.866181 0.191607
vt 0.874542 0.010606
vt 0.875303 0.010641
vt 0.875284 0.009839
vt 0.877385 0.009935
vt 0.877293 0.010733
vt 0.867748 0.002829
vt 0.865652 0.002701
vt 0.869693 0.191769
vt 0.878054 0.010768
vt 0.856200 0.191875
vt 0.876125 0.192707
vt 0.884547 0.010425
vt 0.864632 0.009409
vt 0.859555 0.191985
vt 0.867976 0.009624
vt 0.866141 0.192247
vt 0.859264 0.198692
vt 0.868391 0.002995
vt 0.874561 0.009965
vt 0.869675 0.192410
vt 0.855837 0.198525
vt 0.864994 0.002788
vt 0.878095 0.010128
vt 0.763845 0.196012
vt 0.763822 0.196781
vt 0.758692 0.196542
vt 0.758756 0.195764
vt 0.744191 0.196516
vt 0.744992 0.196587
vt 0.744697 0.201871
vt 0.743896 0.201838
vt 0.745057 0.195098
vt 0.744289 0.195061
vt 0.753263 0.010391
vt 0.754031 0.010429
vt 0.764604 0.196045
vt 0.772818 0.011342
vt 0.773585 0.011379
vt 0.745034 0.195838
vt 0.747068 0.195928
vt 0.747054 0.196688
vt 0.747061 0.195194
vt 0.754122 0.008931
vt 0.753317 0.008914
vt 0.753610 0.003594
vt 0.754410 0.003649
vt 0.772870 0.010573
vt 0.767729 0.011095
vt 0.767741 0.010314
vt 0.754084 0.009685
vt 0.756116 0.009801
vt 0.756035 0.010528
vt 0.756182 0.009049
vt 0.747869 0.196700
vt 0.747585 0.202036
vt 0.746784 0.201983
vt 0.748529 0.196060
vt 0.748594 0.195270
vt 0.753683 0.195517
vt 0.753674 0.196300
vt 0.747827 0.195232
vt 0.756801 0.010564
vt 0.757568 0.010601
vt 0.757579 0.009809
vt 0.762724 0.010068
vt 0.762657 0.010849
vt 0.756991 0.009124
vt 0.756493 0.003766
vt 0.757295 0.003800
vt 0.746764 0.202788
vt 0.744630 0.202675
vt 0.755122 0.196395
vt 0.755217 0.195592
vt 0.757223 0.195689
vt 0.757240 0.196498
vt 0.754450 0.195555
vt 0.763424 0.010886
vt 0.764191 0.010923
vt 0.764174 0.010114
vt 0.766291 0.010217
vt 0.766196 0.011021
vt 0.756562 0.002964
vt 0.754431 0.002844
vt 0.757989 0.195727
vt 0.766963 0.011058
vt 0.744387 0.195797
vt 0.764469 0.196684
vt 0.773507 0.010728
vt 0.753433 0.009659
vt 0.747770 0.195922
vt 0.756811 0.009878
vt 0.754408 0.196199
vt 0.747433 0.202695
vt 0.757218 0.003129
vt 0.763444 0.010240
vt 0.757970 0.196372
vt 0.743974 0.202510
vt 0.753762 0.002936
vt 0.767006 0.010413
vt 0.903468 0.192038
vt 0.903447 0.192802
vt 0.898357 0.192577
vt 0.898419 0.191804
vt 0.883978 0.192591
vt 0.884772 0.192657
vt 0.884515 0.197890
vt 0.883721 0.197862
vt 0.884826 0.191176
vt 0.884065 0.191142
vt 0.892426 0.010139
vt 0.893187 0.010175
vt 0.904227 0.192072
vt 0.911829 0.011036
vt 0.912590 0.011071
vt 0.884808 0.191913
vt 0.886825 0.191994
vt 0.886816 0.192745
vt 0.886815 0.191267
vt 0.893285 0.008690
vt 0.892491 0.008670
vt 0.892806 0.003434
vt 0.893592 0.003492
vt 0.911878 0.010272
vt 0.906780 0.010803
vt 0.906789 0.010028
vt 0.893243 0.009436
vt 0.895254 0.009551
vt 0.895176 0.010268
vt 0.895317 0.008811
vt 0.887622 0.192753
vt 0.887375 0.198038
vt 0.886581 0.197989
vt 0.888273 0.192123
vt 0.888336 0.191339
vt 0.893386 0.191572
vt 0.893379 0.192349
vt 0.887576 0.191303
vt 0.895936 0.010303
vt 0.896697 0.010338
vt 0.896705 0.009551
vt 0.901811 0.009796
vt 0.901746 0.010571
vt 0.896113 0.008886
vt 0.895642 0.003617
vt 0.896429 0.003654
vt 0.886566 0.198787
vt 0.884452 0.198685
vt 0.894815 0.192439
vt 0.894907 0.191642
vt 0.896897 0.191734
vt 0.896916 0.192536
vt 0.894147 0.191607
vt 0.902507 0.010606
vt 0.903268 0.010641
vt 0.903249 0.009839
vt 0.905351 0.009935
vt 0.905258 0.010733
vt 0.895713 0.002829
vt 0.893617 0.002701
vt 0.897658 0.191769
vt 0.906019 0.010768
vt 0.884165 0.191875
vt 0.904090 0.192707
vt 0.912512 0.010425
vt 0.892597 0.009409
vt 0.887520 0.191985
vt 0.895941 0.009624
vt 0.894106 0.192247
vt 0.887229 0.198692
vt 0.896356 0.002995
vt 0.902526 0.009965
vt 0.897641 0.192410
vt 0.883802 0.198525
vt 0.892959 0.002788
vt 0.906060 0.010128
vt 0.931433 0.192038
vt 0.931412 0.192802
vt 0.926322 0.192577
vt 0.926384 0.191804
vt 0.911943 0.192591
vt 0.912737 0.192657
vt 0.912480 0.197890
vt 0.911687 0.197862
vt 0.912792 0.191176
vt 0.912030 0.191142
vt 0.920391 0.010139
vt 0.921152 0.010175
vt 0.932192 0.192072
vt 0.939794 0.011036
vt 0.940555 0.011071
vt 0.912773 0.191913
vt 0.914790 0.191994
vt 0.914781 0.192745
vt 0.914780 0.191267
vt 0.921250 0.008690
vt 0.920456 0.008670
vt 0.920771 0.003434
vt 0.921557 0.003492
vt 0.939843 0.010272
vt 0.934745 0.010803
vt 0.934754 0.010028
vt 0.921208 0.009436
vt 0.923219 0.009551
vt 0.923141 0.010268
vt 0.923282 0.008811
vt 0.915587 0.192753
vt 0.915341 0.198038
vt 0.914547 0.197989
vt 0.916238 0.192123
vt 0.916301 0.191339
vt 0.921351 0.191572
vt 0.921344 0.192349
vt 0.915541 0.191303
vt 0.923901 0.010303
vt 0.924662 0.010338
vt 0.924670 0.009551
vt 0.929776 0.009796
vt 0.929712 0.010571
vt 0.924078 0.008886
vt 0.923607 0.003617
vt 0.924394 0.003654
vt 0.914531 0.198787
vt 0.912418 0.198685
vt 0.922780 0.192439
vt 0.922873 0.191642
vt 0.924863 0.191734
vt 0.924882 0.192536
vt 0.922112 0.191607
vt 0.930472 0.010606
vt 0.931233 0.010641
vt 0.931214 0.009839
vt 0.933316 0.009935
vt 0.933223 0.010733
vt 0.923678 0.002829
vt 0.921583 0.002701
vt 0.925623 0.191769
vt 0.933984 0.010768
vt 0.912131 0.191875
vt 0.932055 0.192707
vt 0.940477 0.010425
vt 0.920563 0.009409
vt 0.915486 0.191985
vt 0.923906 0.009624
vt 0.922072 0.192247
vt 0.915194 0.198692
vt 0.924321 0.002995
vt 0.930491 0.009965
vt 0.925606 0.192410
vt 0.911768 0.198525
vt 0.920924 0.002788
vt 0.934025 0.010128
vt 0.626844 0.387022
vt 0.626830 0.387766
vt 0.621902 0.387593
vt 0.621955 0.386845
vt 0.607981 0.387751
vt 0.608752 0.387805
vt 0.608568 0.392877
vt 0.607799 0.392861
vt 0.608794 0.386370
vt 0.608057 0.386344
vt 0.614464 0.208949
vt 0.615201 0.208977
vt 0.627603 0.387056
vt 0.633249 0.209626
vt 0.633986 0.209653
vt 0.608781 0.387083
vt 0.610734 0.387141
vt 0.610732 0.387868
vt 0.610719 0.386439
vt 0.615272 0.207545
vt 0.614503 0.207542
vt 0.614698 0.202457
vt 0.615463 0.202497
vt 0.633289 0.208887
vt 0.628361 0.209451
vt 0.628362 0.208701
vt 0.615245 0.208265
vt 0.617194 0.208350
vt 0.617126 0.209047
vt 0.617244 0.207628
vt 0.611512 0.387866
vt 0.611339 0.392982
vt 0.610570 0.392945
vt 0.612138 0.387252
vt 0.612192 0.386493
vt 0.617081 0.386669
vt 0.617082 0.387421
vt 0.611455 0.386466
vt 0.617863 0.209073
vt 0.618599 0.209099
vt 0.618600 0.208338
vt 0.623543 0.208526
vt 0.623488 0.209275
vt 0.618019 0.207687
vt 0.617455 0.202575
vt 0.618221 0.202595
vt 0.610567 0.393718
vt 0.608519 0.393648
vt 0.618473 0.387495
vt 0.618555 0.386723
vt 0.620481 0.386792
vt 0.620507 0.387569
vt 0.617818 0.386696
vt 0.624224 0.209302
vt 0.624961 0.209328
vt 0.624935 0.208552
vt 0.626969 0.208626
vt 0.626888 0.209398
vt 0.617508 0.201808
vt 0.615470 0.201728
vt 0.621218 0.386819
vt 0.627624 0.209424
vt 0.608158 0.387052
vt 0.627462 0.387680
vt 0.633902 0.209029
vt 0.614622 0.208248
vt 0.611407 0.387126
vt 0.617862 0.208413
vt 0.617785 0.387315
vt 0.611207 0.393615
vt 0.618136 0.201956
vt 0.624236 0.208682
vt 0.621207 0.387439
vt 0.607887 0.393503
vt 0.614832 0.201826
vt 0.627658 0.208805
vt 0.654808 0.387022
vt 0.654795 0.387766
vt 0.649866 0.387593
vt 0.649919 0.386845
vt 0.635946 0.387751
vt 0.636717 0.387805
vt 0.636533 0.392877
vt 0.635764 0.392861
vt 0.636758 0.386370
vt 0.636021 0.386344
vt 0.642429 0.208949
vt 0.643166 0.208977
vt 0.655567 0.387056
vt 0.661214 0.209626
vt 0.661951 0.209653
vt 0.636746 0.387083
vt 0.638699 0.387141
vt 0.638696 0.387868
vt 0.638684 0.386439
vt 0.643237 0.207545
vt 0.642468 0.207542
vt 0.642663 0.202457
vt 0.643427 0.202497
vt 0.661254 0.208887
vt 0.656325 0.209451
vt 0.656327 0.208701
vt 0.643210 0.208265
vt 0.645158 0.208350
vt 0.645091 0.209047
vt 0.645209 0.207628
vt 0.639477 0.387866
vt 0.639304 0.392982
vt 0.638535 0.392945
vt 0.640103 0.387252
vt 0.640157 0.386493
vt 0.645046 0.386669
vt 0.645046 0.387421
vt 0.639420 0.386466
vt 0.645827 0.209073
vt 0.646564 0.209099
vt 0.646565 0.208338
vt 0.651507 0.208526
vt 0.651453 0.209275
vt 0.645984 0.207687
vt 0.645420 0.202575
vt 0.646186 0.202595
vt 0.638532 0.393718
vt 0.636484 0.393648
vt 0.646438 0.387495
vt 0.646519 0.386723
vt 0.648446 0.386792
vt 0.648472 0.387569
vt 0.645783 0.386696
vt 0.652189 0.209302
vt 0.652926 0.209328
vt 0.652900 0.208552
vt 0.654934 0.208626
vt 0.654852 0.209398
vt 0.645472 0.201808
vt 0.643435 0.201728
vt 0.649183 0.386819
vt 0.655589 0.209424
vt 0.636122 0.387052
vt 0.655427 0.387680
vt 0.661867 0.209029
vt 0.642587 0.208248
vt 0.639372 0.387126
vt 0.645827 0.208413
vt 0.645750 0.387315
vt 0.639172 0.393615
vt 0.646101 0.201956
vt 0.652201 0.208682
vt 0.649172 0.387439
vt 0.635852 0.393503
vt 0.642797 0.201826
vt 0.655623 0.208805
vt 0.682773 0.387022
vt 0.682760 0.387766
vt 0.677832 0.387593
vt 0.677884 0.386845
vt 0.663911 0.387751
vt 0.664682 0.387805
vt 0.664498 0.392877
vt 0.663729 0.392861
vt 0.664724 0.386370
vt 0.663986 0.386344
vt 0.670394 0.208949
vt 0.671131 0.208977
vt 0.683532 0.387056
vt 0.689179 0.209626
vt 0.689916 0.209653
vt 0.664711 0.387083
vt 0.666664 0.387141
vt 0.666661 0.387868
vt 0.666649 0.386439
vt 0.671202 0.207545
vt 0.670433 0.207542
vt 0.670628 0.202457
vt 0.671392 0.202497
vt 0.689219 0.208887
vt 0.684290 0.209451
vt 0.684292 0.208701
vt 0.671175 0.208265
vt 0.673123 0.208350
vt 0.673056 0.209047
vt 0.673174 0.207628
vt 0.667442 0.387866
vt 0.667269 0.392982
vt 0.666500 0.392945
vt 0.668068 0.387252
vt 0.668122 0.386493
vt 0.673011 0.386669
vt 0.673012 0.387421
vt 0.667385 0.386466
vt 0.673793 0.209073
vt 0.674529 0.209099
vt 0.674530 0.208338
vt 0.679472 0.208526
vt 0.679418 0.209275
vt 0.673949 0.207687
vt 0.673385 0.202575
vt 0.674151 0.202595
vt 0.666497 0.393718
vt 0.664449 0.393648
vt 0.674403 0.387495
vt 0.674484 0.386723
vt 0.676411 0.386792
vt 0.676437 0.387569
vt 0.673748 0.386696
vt 0.680154 0.209302
vt 0.680891 0.209328
vt 0.680865 0.208552
vt 0.682899 0.208626
vt 0.682817 0.209398
vt 0.673438 0.201808
vt 0.671400 0.201728
vt 0.677148 0.386819
vt 0.683554 0.209424
vt 0.664087 0.387052
vt 0.683392 0.387680
vt 0.689832 0.209029
vt 0.670552 0.208248
vt 0.667337 0.387126
vt 0.673792 0.208413
vt 0.673715 0.387315
vt 0.667137 0.393615
vt 0.674066 0.201956
vt 0.680166 0.208682
vt 0.677137 0.387439
vt 0.663817 0.393503
vt 0.670762 0.201826
vt 0.683588 0.208805
vt 0.710739 0.387022
vt 0.710725 0.387766
vt 0.705797 0.387593
vt 0.705850 0.386845
vt 0.691876 0.387751
vt 0.692647 0.387805
vt 0.692463 0.392877
vt 0.691694 0.392861
vt 0.692689 0.386370
vt 0.691952 0.386344
vt 0.698359 0.208949
vt 0.699096 0.208977
vt 0.711498 0.387056
vt 0.717144 0.209626
vt 0.717881 0.209653
vt 0.692676 0.387083
vt 0.694629 0.387141
vt 0.694627 0.387868
vt 0.694614 0.386439
vt 0.699167 0.207545
vt 0.698398 0.207542
vt 0.698593 0.202457
vt 0.699358 0.202497
vt 0.717184 0.208887
vt 0.712256 0.209451
vt 0.712257 0.208701
vt 0.699140 0.208265
vt 0.701089 0.208350
vt 0.701021 0.209047
vt 0.701139 0.207628
vt 0.695407 0.387866
vt 0.695234 0.392982
vt 0.694465 0.392945
vt 0.696033 0.387252
vt 0.696087 0.386493
vt 0.700976 0.386669
vt 0.700977 0.387421
vt 0.695350 0.386466
vt 0.701758 0.209073
vt 0.702494 0.209099
vt 0.702495 0.208338
vt 0.707437 0.208526
vt 0.707383 0.209275
vt 0.701914 0.207687
vt 0.701350 0.202575
vt 0.702116 0.202595
vt 0.694462 0.393718
vt 0.692414 0.393648
vt 0.702368 0.387495
vt 0.702450 0.386723
vt 0.704376 0.386792
vt 0.704402 0.387569
vt 0.701713 0.386696
vt 0.708119 0.209302
vt 0.708856 0.209328
vt 0.708830 0.208552
vt 0.710864 0.208626
vt 0.710783 0.209398
vt 0.701403 0.201808
vt 0.699365 0.201728
vt 0.705113 0.386819
vt 0.711519 0.209424
vt 0.692052 0.387052
vt 0.711357 0.387680
vt 0.717797 0.209029
vt 0.698517 0.208248
vt 0.695302 0.387126
vt 0.701757 0.208413
vt 0.701680 0.387315
vt 0.695102 0.393615
vt 0.702031 0.201956
vt 0.708131 0.208682
vt 0.705102 0.387439
vt 0.691782 0.393503
vt 0.698727 0.201826
vt 0.711553 0.208805
vt 0.738704 0.387022
vt 0.738690 0.387766
vt 0.733762 0.387593
vt 0.733815 0.386845
vt 0.719842 0.387751
vt 0.720612 0.387805
vt 0.720428 0.392877
vt 0.719659 0.392861
vt 0.720654 0.386370
vt 0.719917 0.386344
vt 0.726324 0.208949
vt 0.727062 0.208977
vt 0.739463 0.387056
vt 0.745109 0.209626
vt 0.745846 0.209653
vt 0.720641 0.387083
vt 0.722594 0.387141
vt 0.722592 0.387868
vt 0.722579 0.386439
vt 0.727132 0.207545
vt 0.726363 0.207542
vt 0.726558 0.202457
vt 0.727323 0.202497
vt 0.745149 0.208887
vt 0.740221 0.209451
vt 0.740222 0.208701
vt 0.727105 0.208265
vt 0.729054 0.208350
vt 0.728987 0.209047
vt 0.729105 0.207628
vt 0.723372 0.387866
vt 0.723199 0.392982
vt 0.722430 0.392945
vt 0.723998 0.387252
vt 0.724052 0.386493
vt 0.728941 0.386669
vt 0.728942 0.387421
vt 0.723315 0.386466
vt 0.729723 0.209073
vt 0.730459 0.209099
vt 0.730460 0.208338
vt 0.735403 0.208526
vt 0.735348 0.209275
vt 0.729880 0.207687
vt 0.729315 0.202575
vt 0.730081 0.202595
vt 0.722427 0.393718
vt 0.720379 0.393648
vt 0.730333 0.387495
vt 0.730415 0.386723
vt 0.732341 0.386792
vt 0.732367 0.387569
vt 0.729678 0.386696
vt 0.736085 0.209302
vt 0.736821 0.209328
vt 0.736795 0.208552
vt 0.738829 0.208626
vt 0.738748 0.209398
vt 0.729368 0.201808
vt 0.727330 0.201728
vt 0.733078 0.386819
vt 0.739484 0.209424
vt 0.720018 0.387052
vt 0.739322 0.387680
vt 0.745762 0.209029
vt 0.726482 0.208248
vt 0.723267 0.387126
vt 0.729722 0.208413
vt 0.729645 0.387315
vt 0.723067 0.393615
vt 0.729996 0.201956
vt 0.736096 0.208682
vt 0.733067 0.387439
vt 0.719747 0.393503
vt 0.726692 0.201826
vt 0.739518 0.208805
vt 0.933084 0.386391
vt 0.933066 0.387147
vt 0.928036 0.386941
vt 0.928095 0.386178
vt 0.913821 0.386999
vt 0.914607 0.387065
vt 0.914337 0.392248
vt 0.913551 0.392218
vt 0.914662 0.385606
vt 0.913910 0.385574
vt 0.921525 0.206709
vt 0.922277 0.206742
vt 0.933843 0.386424
vt 0.940699 0.207526
vt 0.941452 0.207557
vt 0.914644 0.386331
vt 0.916639 0.386409
vt 0.916630 0.387155
vt 0.916628 0.385689
vt 0.922354 0.205277
vt 0.921565 0.205269
vt 0.921797 0.200053
vt 0.922581 0.200099
vt 0.940745 0.206771
vt 0.935710 0.207314
vt 0.935716 0.206548
vt 0.922324 0.206014
vt 0.924316 0.206113
vt 0.924242 0.206827
vt 0.924374 0.205374
vt 0.917430 0.387163
vt 0.917172 0.392403
vt 0.916385 0.392352
vt 0.918072 0.386529
vt 0.918131 0.385754
vt 0.923121 0.385966
vt 0.923117 0.386734
vt 0.917379 0.385721
vt 0.924994 0.206858
vt 0.925746 0.206890
vt 0.925752 0.206113
vt 0.930797 0.206337
vt 0.930736 0.207102
vt 0.925169 0.205440
vt 0.924625 0.200191
vt 0.925411 0.200217
vt 0.916367 0.393143
vt 0.914273 0.393036
vt 0.924536 0.386818
vt 0.924625 0.386030
vt 0.926591 0.386114
vt 0.926613 0.386906
vt 0.923873 0.385998
vt 0.931488 0.207134
vt 0.932240 0.207166
vt 0.932218 0.206374
vt 0.934295 0.206462
vt 0.934206 0.207250
vt 0.924683 0.199405
vt 0.922593 0.199310
vt 0.927343 0.386146
vt 0.934958 0.207282
vt 0.914010 0.386294
vt 0.933704 0.387055
vt 0.941371 0.206920
vt 0.921686 0.205995
vt 0.917328 0.386398
vt 0.924999 0.206183
vt 0.923835 0.386630
vt 0.917024 0.393051
vt 0.925327 0.199560
vt 0.931504 0.206501
vt 0.927328 0.386779
vt 0.913629 0.392876
vt 0.921938 0.199407
vt 0.934997 0.206650
vt 0.793472 0.387791
vt 0.793450 0.388556
vt 0.788361 0.388330
vt 0.788423 0.387558
vt 0.773981 0.388345
vt 0.774776 0.388410
vt 0.774519 0.393643
vt 0.773725 0.393616
vt 0.774830 0.386929
vt 0.774069 0.386895
vt 0.782430 0.205893
vt 0.783191 0.205929
vt 0.794231 0.387825
vt 0.801833 0.206789
vt 0.802594 0.206824
vt 0.774812 0.387666
vt 0.776829 0.387747
vt 0.776819 0.388499
vt 0.776819 0.387021
vt 0.783289 0.204443
vt 0.782495 0.204424
vt 0.782809 0.199187
vt 0.783596 0.199245
vt 0.801882 0.206026
vt 0.796783 0.206556
vt 0.796793 0.205781
vt 0.783247 0.205190
vt 0.785258 0.205305
vt 0.785179 0.206021
vt 0.785321 0.204564
vt 0.777626 0.388506
vt 0.777379 0.393791
vt 0.776585 0.393743
vt 0.778277 0.387876
vt 0.778340 0.387092
vt 0.783390 0.387325
vt 0.783383 0.388102
vt 0.777579 0.387056
vt 0.785940 0.206056
vt 0.786701 0.206091
vt 0.786709 0.205305
vt 0.791815 0.205550
vt 0.791750 0.206324
vt 0.786116 0.204639
vt 0.785645 0.199370
vt 0.786433 0.199407
vt 0.776570 0.394541
vt 0.774456 0.394438
vt 0.784819 0.388193
vt 0.784911 0.387396
vt 0.786901 0.387488
vt 0.786920 0.388290
vt 0.784150 0.387360
vt 0.792511 0.206359
vt 0.793272 0.206394
vt 0.793253 0.205592
vt 0.795354 0.205689
vt 0.795262 0.206486
vt 0.785717 0.198582
vt 0.783621 0.198454
vt 0.787662 0.387522
vt 0.796023 0.206521
vt 0.774169 0.387628
vt 0.794094 0.388460
vt 0.802515 0.206179
vt 0.782601 0.205162
vt 0.777524 0.387738
vt 0.785945 0.205377
vt 0.784110 0.388000
vt 0.777233 0.394445
vt 0.786360 0.198748
vt 0.792530 0.205719
vt 0.787644 0.388163
vt 0.773806 0.394279
vt 0.782963 0.198541
vt 0.796064 0.205882
vt 0.821437 0.387791
vt 0.821416 0.388556
vt 0.816326 0.388330
vt 0.816388 0.387558
vt 0.801946 0.388345
vt 0.802741 0.388410
vt 0.802484 0.393643
vt 0.801690 0.393616
vt 0.802795 0.386929
vt 0.802034 0.386895
vt 0.810395 0.205893
vt 0.811156 0.205929
vt 0.822196 0.387825
vt 0.829798 0.206789
vt 0.830559 0.206824
vt 0.802777 0.387666
vt 0.804794 0.387747
vt 0.804785 0.388499
vt 0.804784 0.387021
vt 0.811254 0.204443
vt 0.810460 0.204424
vt 0.810775 0.199187
vt 0.811561 0.199245
vt 0.829847 0.206026
vt 0.824749 0.206556
vt 0.824758 0.205781
vt 0.811212 0.205190
vt 0.813223 0.205305
vt 0.813145 0.206021
vt 0.813286 0.204564
vt 0.805591 0.388506
vt 0.805344 0.393791
vt 0.804550 0.393743
vt 0.806242 0.387876
vt 0.806305 0.387092
vt 0.811355 0.387325
vt 0.811348 0.388102
vt 0.805545 0.387056
vt 0.813905 0.206056
vt 0.814666 0.206091
vt 0.814674 0.205305
vt 0.819780 0.205550
vt 0.819715 0.206324
vt 0.814082 0.204639
vt 0.813611 0.199370
vt 0.814398 0.199407
vt 0.804535 0.394541
vt 0.802421 0.394438
vt 0.812784 0.388193
vt 0.812876 0.387396
vt 0.814866 0.387488
vt 0.814885 0.388290
vt 0.812116 0.387360
vt 0.820476 0.206359
vt 0.821237 0.206394
vt 0.821218 0.205592
vt 0.823320 0.205689
vt 0.823227 0.206486
vt 0.813682 0.198582
vt 0.811586 0.198454
vt 0.815627 0.387522
vt 0.823988 0.206521
vt 0.802134 0.387628
vt 0.822059 0.388460
vt 0.830481 0.206179
vt 0.810566 0.205162
vt 0.805489 0.387738
vt 0.813910 0.205377
vt 0.812075 0.388000
vt 0.805198 0.394445
vt 0.814325 0.198748
vt 0.820495 0.205719
vt 0.815610 0.388163
vt 0.801771 0.394279
vt 0.810928 0.198541
vt 0.824029 0.205882
vt 0.849402 0.387791
vt 0.849381 0.388556
vt 0.844291 0.388330
vt 0.844353 0.387558
vt 0.829912 0.388345
vt 0.830706 0.388410
vt 0.830449 0.393643
vt 0.829656 0.393616
vt 0.830761 0.386929
vt 0.829999 0.386895
vt 0.838360 0.205893
vt 0.839121 0.205929
vt 0.850161 0.387825
vt 0.857763 0.206789
vt 0.858524 0.206824
vt 0.830742 0.387666
vt 0.832759 0.387747
vt 0.832750 0.388499
vt 0.832749 0.387021
vt 0.839219 0.204443
vt 0.838425 0.204424
vt 0.838740 0.199187
vt 0.839526 0.199245
vt 0.857812 0.206026
vt 0.852714 0.206556
vt 0.852723 0.205781
vt 0.839177 0.205190
vt 0.841188 0.205305
vt 0.841110 0.206021
vt 0.841251 0.204564
vt 0.833556 0.388506
vt 0.833310 0.393791
vt 0.832515 0.393743
vt 0.834207 0.387876
vt 0.834270 0.387092
vt 0.839320 0.387325
vt 0.839313 0.388102
vt 0.833510 0.387056
vt 0.841870 0.206056
vt 0.842631 0.206091
vt 0.842639 0.205305
vt 0.847745 0.205550
vt 0.847681 0.206324
vt 0.842047 0.204639
vt 0.841576 0.199370
vt 0.842363 0.199407
vt 0.832500 0.394541
vt 0.830386 0.394438
vt 0.840749 0.388193
vt 0.840842 0.387396
vt 0.842831 0.387488
vt 0.842851 0.388290
vt 0.840081 0.387360
vt 0.848441 0.206359
vt 0.849202 0.206394
vt 0.849183 0.205592
vt 0.851285 0.205689
vt 0.851192 0.206486
vt 0.841647 0.198582
vt 0.839552 0.198454
vt 0.843592 0.387522
vt 0.851953 0.206521
vt 0.830099 0.387628
vt 0.850024 0.388460
vt 0.858446 0.206179
vt 0.838532 0.205162
vt 0.833454 0.387738
vt 0.841875 0.205377
vt 0.840040 0.388000
vt 0.833163 0.394445
vt 0.842290 0.198748
vt 0.848460 0.205719
vt 0.843575 0.388163
vt 0.829737 0.394279
vt 0.838893 0.198541
vt 0.851994 0.205882
vt 0.524307 0.390751
vt 0.524293 0.391494
vt 0.519365 0.391322
vt 0.519418 0.390574
vt 0.505445 0.391479
vt 0.506215 0.391533
vt 0.506032 0.396606
vt 0.505262 0.396589
vt 0.506257 0.390098
vt 0.505520 0.390072
vt 0.511927 0.212678
vt 0.512665 0.212705
vt 0.525066 0.390785
vt 0.530712 0.213355
vt 0.531449 0.213381
vt 0.506244 0.390812
vt 0.508197 0.390870
vt 0.508195 0.391597
vt 0.508182 0.390167
vt 0.512735 0.211274
vt 0.511966 0.211270
vt 0.512161 0.206185
vt 0.512926 0.206225
vt 0.530752 0.212616
vt 0.525824 0.213179
vt 0.525825 0.212430
vt 0.512708 0.211994
vt 0.514657 0.212078
vt 0.514590 0.212776
vt 0.514708 0.211356
vt 0.508975 0.391594
vt 0.508802 0.396710
vt 0.508034 0.396674
vt 0.509601 0.390981
vt 0.509655 0.390221
vt 0.514544 0.390398
vt 0.514545 0.391150
vt 0.508919 0.390194
vt 0.515326 0.212802
vt 0.516062 0.212828
vt 0.516063 0.212067
vt 0.521006 0.212254
vt 0.520951 0.213004
vt 0.515483 0.211415
vt 0.514918 0.206303
vt 0.515684 0.206323
vt 0.508030 0.397446
vt 0.505982 0.397377
vt 0.515936 0.391223
vt 0.516018 0.390451
vt 0.517945 0.390521
vt 0.517971 0.391297
vt 0.515281 0.390425
vt 0.521688 0.213031
vt 0.522424 0.213057
vt 0.522398 0.212281
vt 0.524432 0.212354
vt 0.524351 0.213126
vt 0.514971 0.205536
vt 0.512933 0.205457
vt 0.518681 0.390547
vt 0.525087 0.213153
vt 0.505621 0.390781
vt 0.524926 0.391408
vt 0.531365 0.212758
vt 0.512085 0.211977
vt 0.508870 0.390855
vt 0.515325 0.212141
vt 0.515248 0.391044
vt 0.508670 0.397344
vt 0.515599 0.205684
vt 0.521699 0.212411
vt 0.518670 0.391168
vt 0.505350 0.397232
vt 0.512295 0.205555
vt 0.525121 0.212534
vt 0.877367 0.387791
vt 0.877346 0.388556
vt 0.872256 0.388330
vt 0.872318 0.387558
vt 0.857877 0.388345
vt 0.858671 0.388410
vt 0.858414 0.393643
vt 0.857621 0.393616
vt 0.858726 0.386929
vt 0.857964 0.386895
vt 0.866325 0.205893
vt 0.867086 0.205929
vt 0.878126 0.387825
vt 0.885728 0.206789
vt 0.886489 0.206824
vt 0.858707 0.387666
vt 0.860724 0.387747
vt 0.860715 0.388499
vt 0.860714 0.387021
vt 0.867184 0.204443
vt 0.866390 0.204424
vt 0.866705 0.199187
vt 0.867491 0.199245
vt 0.885777 0.206026
vt 0.880679 0.206556
vt 0.880688 0.205781
vt 0.867142 0.205190
vt 0.869153 0.205305
vt 0.869075 0.206021
vt 0.869216 0.204564
vt 0.861521 0.388506
vt 0.861275 0.393791
vt 0.860481 0.393743
vt 0.862172 0.387876
vt 0.862236 0.387092
vt 0.867285 0.387325
vt 0.867278 0.388102
vt 0.861475 0.387056
vt 0.869835 0.206056
vt 0.870596 0.206091
vt 0.870604 0.205305
vt 0.875710 0.205550
vt 0.875646 0.206324
vt 0.870012 0.204639
vt 0.869541 0.199370
vt 0.870328 0.199407
vt 0.860465 0.394541
vt 0.858352 0.394438
vt 0.868714 0.388193
vt 0.868807 0.387396
vt 0.870797 0.387488
vt 0.870816 0.388290
vt 0.868046 0.387360
vt 0.876406 0.206359
vt 0.877167 0.206394
vt 0.877148 0.205592
vt 0.879250 0.205689
vt 0.879157 0.206486
vt 0.869612 0.198582
vt 0.867517 0.198454
vt 0.871557 0.387522
vt 0.879918 0.206521
vt 0.858065 0.387628
vt 0.877989 0.388460
vt 0.886411 0.206179
vt 0.866497 0.205162
vt 0.861420 0.387738
vt 0.869840 0.205377
vt 0.868006 0.388000
vt 0.861128 0.394445
vt 0.870255 0.198748
vt 0.876425 0.205719
vt 0.871540 0.388163
vt 0.857702 0.394279
vt 0.866858 0.198541
vt 0.879959 0.205882
vt 0.905332 0.387791
vt 0.905311 0.388556
vt 0.900221 0.388330
vt 0.900283 0.387558
vt 0.885842 0.388345
vt 0.886636 0.388410
vt 0.886379 0.393643
vt 0.885586 0.393616
vt 0.886691 0.386929
vt 0.885929 0.386895
vt 0.894290 0.205893
vt 0.895052 0.205929
vt 0.906091 0.387825
vt 0.913693 0.206789
vt 0.914454 0.206824
vt 0.886672 0.387666
vt 0.888689 0.387747
vt 0.888680 0.388499
vt 0.888680 0.387021
vt 0.895149 0.204443
vt 0.894355 0.204424
vt 0.894670 0.199187
vt 0.895457 0.199245
vt 0.913743 0.206026
vt 0.908644 0.206556
vt 0.908653 0.205781
vt 0.895107 0.205190
vt 0.897118 0.205305
vt 0.897040 0.206021
vt 0.897181 0.204564
vt 0.889487 0.388506
vt 0.889240 0.393791
vt 0.888446 0.393743
vt 0.890137 0.387876
vt 0.890201 0.387092
vt 0.895250 0.387325
vt 0.895243 0.388102
vt 0.889440 0.387056
vt 0.897801 0.206056
vt 0.898561 0.206091
vt 0.898569 0.205305
vt 0.903675 0.205550
vt 0.903611 0.206324
vt 0.897977 0.204639
vt 0.897506 0.199370
vt 0.898294 0.199407
vt 0.888430 0.394541
vt 0.886317 0.394438
vt 0.896679 0.388193
vt 0.896772 0.387396
vt 0.898762 0.387488
vt 0.898781 0.388290
vt 0.896011 0.387360
vt 0.904372 0.206359
vt 0.905132 0.206394
vt 0.905114 0.205592
vt 0.907215 0.205689
vt 0.907122 0.206486
vt 0.897577 0.198582
vt 0.895482 0.198454
vt 0.899522 0.387522
vt 0.907883 0.206521
vt 0.886030 0.387628
vt 0.905954 0.388460
vt 0.914376 0.206179
vt 0.894462 0.205162
vt 0.889385 0.387738
vt 0.897805 0.205377
vt 0.895971 0.388000
vt 0.889093 0.394445
vt 0.898220 0.198748
vt 0.904390 0.205719
vt 0.899505 0.388163
vt 0.885667 0.394279
vt 0.894823 0.198541
vt 0.907925 0.205882
vn -0.000836 -0.999929 0.011883
vn -0.381841 -0.924199 0.007398
vn -0.381841 -0.924198 -0.007398
vn -0.000836 -0.999929 -0.011883
vn -0.924195 -0.381849 0.007398
vn -0.994233 -0.106695 0.010777
vn -0.994233 -0.106695 -0.010777
vn -0.924195 -0.381850 -0.007398
vn -0.000764 -0.107489 0.994206
vn -0.000522 -0.382620 0.923906
vn 0.000522 -0.382620 0.923906
vn 0.000764 -0.107489 0.994206
vn -0.000522 -0.923907 0.382617
vn 0.000836 -0.999929 0.011883
vn 0.000522 -0.923907 0.382617
vn -0.924787 -0.071427 0.373722
vn -0.924786 0.071428 0.373722
vn -0.994233 0.106695 0.010777
vn -0.373713 -0.071423 0.924791
vn -0.000764 0.107489 0.994206
vn -0.373712 0.071423 0.924791
vn 0.994233 -0.106695 0.010777
vn 0.924195 -0.381848 0.007398
vn 0.924195 -0.381848 -0.007398
vn 0.994233 -0.106695 -0.010777
vn 0.381847 -0.924196 0.007398
vn 0.000836 -0.999929 -0.011883
vn 0.381848 -0.924196 -0.007398
vn 0.373711 -0.071419 0.924792
vn 0.373713 0.071419 0.924791
vn 0.000764 0.107489 0.994206
vn 0.924787 -0.071413 0.373722
vn 0.994233 0.106695 0.010777
vn 0.924787 0.071415 0.373722
vn -0.924195 0.381850 0.007398
vn -0.924195 0.381849 -0.007398
vn -0.994233 0.106695 -0.010777
vn -0.381841 0.924198 0.007398
vn -0.000836 0.999929 0.011883
vn -0.000836 0.999929 -0.011883
vn -0.381841 0.924198 -0.007398
vn -0.000522 0.923903 0.382626
vn 0.000522 0.923903 0.382626
vn 0.000836 0.999929 0.011883
vn -0.000522 0.382624 0.923904
vn 0.000522 0.382624 0.923904
vn 0.381847 0.924196 0.007398
vn 0.381848 0.924196 -0.007398
vn 0.000836 0.999929 -0.011883
vn 0.924195 0.381848 0.007398
vn 0.994233 0.106695 -0.010777
vn 0.924195 0.381848 -0.007398
vn -0.924786 0.071427 -0.373722
vn -0.924786 -0.071428 -0.373722
vn -0.373713 0.071423 -0.924791
vn -0.000764 0.107489 -0.994206
vn -0.000764 -0.107489 -0.994206
vn -0.373711 -0.071423 -0.924791
vn -0.000522 0.382624 -0.923904
vn 0.000522 0.382624 -0.923904
vn 0.000764 0.107489 -0.994206
vn -0.000522 0.923903 -0.382626
vn 0.000522 0.923903 -0.382626
vn 0.373712 0.071420 -0.924791
vn 0.373713 -0.071419 -0.924791
vn 0.000764 -0.107489 -0.994206
vn 0.924787 0.071413 -0.373722
vn 0.924787 -0.071415 -0.373722
vn -0.000522 -0.923907 -0.382617
vn 0.000522 -0.923907 -0.382617
vn -0.000522 -0.382620 -0.923906
vn 0.000522 -0.382620 -0.923906
vn 0.999929 -0.001265 0.011879
vn 0.924195 -0.381849 0.007398
vn 0.924195 -0.381849 -0.007398
vn 0.999929 -0.001265 -0.011879
vn 0.381853 -0.924194 0.007398
vn 0.106695 -0.994233 0.010777
vn 0.106695 -0.994233 -0.010777
vn 0.381853 -0.924194 -0.007398
vn 0.107455 -0.001156 0.994209
vn 0.382583 -0.000790 0.923921
vn 0.382583 0.000790 0.923921
vn 0.107455 0.001156 0.994209
vn 0.923920 -0.000790 0.382584
vn 0.999929 0.001265 0.011879
vn 0.923920 0.000790 0.382584
vn 0.071419 -0.924787 0.373722
vn -0.071419 -0.924787 0.373723
vn -0.106695 -0.994233 0.010777
vn 0.071413 -0.373720 0.924788
vn -0.107455 -0.001156 0.994209
vn -0.071412 -0.373721 0.924788
vn 0.106693 0.994234 0.010778
vn 0.381847 0.924196 0.007399
vn 0.381848 0.924196 -0.007399
vn 0.106694 0.994234 -0.010778
vn 0.924195 0.381849 0.007398
vn 0.999929 0.001265 -0.011879
vn 0.924195 0.381849 -0.007398
vn 0.071415 0.373724 0.924787
vn -0.071413 0.373724 0.924787
vn -0.107455 0.001156 0.994209
vn 0.071419 0.924786 0.373725
vn -0.106693 0.994234 0.010778
vn -0.071420 0.924786 0.373725
vn -0.381853 -0.924194 0.007398
vn -0.381853 -0.924194 -0.007398
vn -0.106695 -0.994233 -0.010777
vn -0.924195 -0.381849 0.007398
vn -0.999929 -0.001265 0.011879
vn -0.999929 -0.001265 -0.011879
vn -0.924195 -0.381849 -0.007398
vn -0.923920 -0.000790 0.382584
vn -0.923920 0.000790 0.382584
vn -0.999929 0.001265 0.011879
vn -0.382583 -0.000790 0.923921
vn -0.382583 0.000790 0.923921
vn -0.924195 0.381849 0.007398
vn -0.924195 0.381849 -0.007398
vn -0.999929 0.001265 -0.011879
vn -0.381848 0.924196 0.007399
vn -0.106694 0.994234 -0.010778
vn -0.381848 0.924196 -0.007399
vn -0.071419 -0.924787 -0.373724
vn 0.071418 -0.924787 -0.373722
vn -0.071413 -0.373720 -0.924788
vn -0.107455 -0.001156 -0.994209
vn 0.107455 -0.001156 -0.994209
vn 0.071414 -0.373721 -0.924788
vn -0.382583 -0.000790 -0.923921
vn -0.382583 0.000790 -0.923921
vn -0.107455 0.001156 -0.994209
vn -0.923916 -0.000790 -0.382596
vn -0.923916 0.000790 -0.382596
vn -0.071415 0.373724 -0.924787
vn 0.071413 0.373724 -0.924787
vn 0.107455 0.001156 -0.994209
vn -0.071421 0.924785 -0.373726
vn 0.071422 0.924786 -0.373724
vn 0.923916 -0.000790 -0.382596
vn 0.923916 0.000790 -0.382596
vn 0.382583 -0.000790 -0.923921
vn 0.382583 0.000790 -0.923921
vn 0.999929 -0.001260 0.011879
vn 0.924196 -0.381848 0.007398
vn 0.924195 -0.381848 -0.007398
vn 0.999929 -0.001260 -0.011879
vn 0.381846 -0.924196 0.007398
vn 0.106695 -0.994233 0.010778
vn 0.106695 -0.994233 -0.010778
vn 0.381846 -0.924196 -0.007398
vn 0.107455 -0.001152 0.994209
vn 0.382584 -0.000787 0.923920
vn 0.382584 0.000787 0.923920
vn 0.107455 0.001152 0.994209
vn 0.923919 -0.000787 0.382587
vn 0.999929 0.001260 0.011879
vn 0.923919 0.000787 0.382587
vn 0.071419 -0.924786 0.373725
vn -0.071419 -0.924786 0.373726
vn -0.106695 -0.994233 0.010778
vn 0.071412 -0.373720 0.924789
vn -0.107455 -0.001152 0.994209
vn -0.071411 -0.373722 0.924788
vn 0.106693 0.994234 0.010777
vn 0.381841 0.924199 0.007399
vn 0.381841 0.924198 -0.007399
vn 0.106693 0.994234 -0.010777
vn 0.924195 0.381848 0.007398
vn 0.999929 0.001260 -0.011879
vn 0.924195 0.381848 -0.007398
vn 0.071413 0.373717 0.924790
vn -0.071411 0.373719 0.924789
vn -0.107455 0.001152 0.994209
vn 0.071418 0.924787 0.373723
vn -0.106693 0.994234 0.010777
vn -0.071418 0.924788 0.373721
vn -0.381846 -0.924196 0.007398
vn -0.381846 -0.924196 -0.007398
vn -0.106695 -0.994233 -0.010778
vn -0.924202 -0.381833 0.007398
vn -0.999929 -0.001260 0.011879
vn -0.999929 -0.001260 -0.011879
vn -0.924202 -0.381833 -0.007398
vn -0.923919 -0.000787 0.382587
vn -0.923919 0.000787 0.382587
vn -0.999929 0.001260 0.011879
vn -0.382584 -0.000787 0.923920
vn -0.382584 0.000787 0.923920
vn -0.924202 0.381833 0.007398
vn -0.924202 0.381833 -0.007398
vn -0.999929 0.001260 -0.011879
vn -0.381841 0.924199 0.007399
vn -0.106693 0.994234 -0.010777
vn -0.381841 0.924198 -0.007399
vn -0.071418 -0.924786 -0.373724
vn 0.071418 -0.924786 -0.373726
vn -0.071413 -0.373722 -0.924788
vn -0.107464 -0.001152 -0.994208
vn 0.107464 -0.001152 -0.994208
vn 0.071413 -0.373719 -0.924789
vn -0.382611 -0.000787 -0.923909
vn -0.382611 0.000787 -0.923909
vn -0.107464 0.001152 -0.994208
vn -0.923914 -0.000787 -0.382599
vn -0.923914 0.000787 -0.382599
vn -0.071413 0.373719 -0.924789
vn 0.071411 0.373717 -0.924790
vn 0.107464 0.001152 -0.994208
vn -0.071421 0.924787 -0.373723
vn 0.071421 0.924787 -0.373722
vn 0.923914 -0.000787 -0.382599
vn 0.923914 0.000787 -0.382599
vn 0.382611 -0.000787 -0.923909
vn 0.382611 0.000787 -0.923909
vn -0.000836 -0.999929 0.011883
vn -0.381846 -0.924196 0.007398
vn -0.381846 -0.924196 -0.007398
vn -0.000836 -0.999929 -0.011883
vn -0.924195 -0.381849 0.007398
vn -0.994233 -0.106695 0.010777
vn -0.994233 -0.106695 -0.010777
vn -0.924195 -0.381850 -0.007398
vn -0.000764 -0.107489 0.994206
vn -0.000522 -0.382622 0.923905
vn 0.000522 -0.382622 0.923905
vn 0.000764 -0.107489 0.994206
vn -0.000522 -0.923903 0.382626
vn 0.000836 -0.999929 0.011883
vn 0.000522 -0.923903 0.382626
vn -0.924786 -0.071428 0.373723
vn -0.924787 0.071427 0.373722
vn -0.994233 0.106695 0.010777
vn -0.373709 -0.071423 0.924792
vn -0.000764 0.107489 0.994206
vn -0.373711 0.071423 0.924791
vn 0.994233 -0.106695 0.010777
vn 0.924196 -0.381848 0.007398
vn 0.924195 -0.381848 -0.007398
vn 0.994233 -0.106695 -0.010777
vn 0.381853 -0.924194 0.007398
vn 0.000836 -0.999929 -0.011883
vn 0.381853 -0.924194 -0.007398
vn 0.373711 -0.071419 0.924792
vn 0.373710 0.071419 0.924792
vn 0.000764 0.107489 0.994206
vn 0.924788 -0.071412 0.373722
vn 0.994233 0.106695 0.010777
vn 0.924787 0.071416 0.373723
vn -0.924195 0.381849 0.007398
vn -0.924195 0.381849 -0.007398
vn -0.994233 0.106695 -0.010777
vn -0.381846 0.924196 0.007398
vn -0.000836 0.999929 0.011883
vn -0.000836 0.999929 -0.011883
vn -0.381846 0.924196 -0.007398
vn -0.000522 0.923903 0.382626
vn 0.000522 0.923903 0.382626
vn 0.000836 0.999929 0.011883
vn -0.000522 0.382622 0.923905
vn 0.000522 0.382622 0.923905
vn 0.381853 0.924194 0.007398
vn 0.381853 0.924194 -0.007398
vn 0.000836 0.999929 -0.011883
vn 0.924195 0.381848 0.007398
vn 0.994233 0.106695 -0.010777
vn 0.924196 0.381848 -0.007398
vn -0.924786 0.071427 -0.373722
vn -0.924786 -0.071428 -0.373723
vn -0.373712 0.071423 -0.924791
vn -0.000764 0.107489 -0.994206
vn -0.000764 -0.107489 -0.994206
vn -0.373711 -0.071423 -0.924791
vn -0.000522 0.382622 -0.923905
vn 0.000522 0.382622 -0.923905
vn 0.000764 0.107489 -0.994206
vn -0.000522 0.923903 -0.382626
vn 0.000522 0.923903 -0.382626
vn 0.373711 0.071419 -0.924792
vn 0.373712 -0.071419 -0.924791
vn 0.000764 -0.107489 -0.994206
vn 0.924787 0.071413 -0.373723
vn 0.924787 -0.071415 -0.373723
vn -0.000522 -0.923903 -0.382626
vn 0.000522 -0.923903 -0.382626
vn -0.000522 -0.382622 -0.923905
vn 0.000522 -0.382622 -0.923905
vn 0.999929 -0.001265 0.011879
vn 0.924195 -0.381849 0.007398
vn 0.924195 -0.381849 -0.007398
vn 0.999929 -0.001265 -0.011879
vn 0.381853 -0.924194 0.007398
vn 0.106695 -0.994233 0.010778
vn 0.106695 -0.994233 -0.010778
vn 0.381853 -0.924194 -0.007398
vn 0.107454 -0.001156 0.994209
vn 0.382583 -0.000790 0.923921
vn 0.382583 0.000790 0.923921
vn 0.107454 0.001156 0.994209
vn 0.923920 -0.000790 0.382584
vn 0.999929 0.001265 0.011879
vn 0.923920 0.000790 0.382584
vn 0.071418 -0.924786 0.373725
vn -0.071419 -0.924786 0.373725
vn -0.106695 -0.994233 0.010778
vn 0.071412 -0.373722 0.924788
vn -0.107454 -0.001156 0.994209
vn -0.071411 -0.373722 0.924788
vn 0.106693 0.994234 0.010777
vn 0.381847 0.924196 0.007399
vn 0.381848 0.924196 -0.007399
vn 0.106693 0.994234 -0.010777
vn 0.924195 0.381849 0.007398
vn 0.999929 0.001265 -0.011879
vn 0.924195 0.381849 -0.007398
vn 0.071413 0.373720 0.924789
vn -0.071411 0.373719 0.924789
vn -0.107454 0.001156 0.994209
vn 0.071418 0.924787 0.373723
vn -0.106693 0.994234 0.010777
vn -0.071418 0.924787 0.373722
vn -0.381853 -0.924194 0.007398
vn -0.381853 -0.924194 -0.007398
vn -0.106695 -0.994233 -0.010778
vn -0.924196 -0.381848 0.007398
vn -0.999929 -0.001265 0.011879
vn -0.999929 -0.001265 -0.011879
vn -0.924195 -0.381848 -0.007398
vn -0.923920 -0.000790 0.382584
vn -0.923920 0.000790 0.382584
vn -0.999929 0.001265 0.011879
vn -0.382583 -0.000790 0.923921
vn -0.382583 0.000790 0.923921
vn -0.924196 0.381848 0.007398
vn -0.924196 0.381848 -0.007398
vn -0.999929 0.001265 -0.011879
vn -0.381847 0.924196 0.007399
vn -0.106693 0.994234 -0.010777
vn -0.381848 0.924196 -0.007399
vn -0.071418 -0.924786 -0.373724
vn 0.071418 -0.924786 -0.373725
vn -0.071412 -0.373722 -0.924788
vn -0.107454 -0.001156 -0.994209
vn 0.107454 -0.001156 -0.994209
vn 0.071414 -0.373722 -0.924788
vn -0.382583 -0.000790 -0.923921
vn -0.382583 0.000790 -0.923921
vn -0.107454 0.001156 -0.994209
vn -0.923916 -0.000790 -0.382596
vn -0.923916 0.000790 -0.382596
vn -0.071413 0.373720 -0.924789
vn 0.071411 0.373719 -0.924789
vn 0.107454 0.001156 -0.994209
vn -0.071421 0.924787 -0.373723
vn 0.071421 0.924787 -0.373722
vn 0.923916 -0.000790 -0.382596
vn 0.923916 0.000790 -0.382596
vn 0.382583 -0.000790 -0.923921
vn 0.382583 0.000790 -0.923921
vn -0.000844 -0.999929 0.011883
vn -0.381848 -0.924196 0.007399
vn -0.381848 -0.924196 -0.007399
vn -0.000844 -0.999929 -0.011883
vn -0.924195 -0.381850 0.007398
vn -0.994233 -0.106695 0.010777
vn -0.994233 -0.106695 -0.010777
vn -0.924195 -0.381850 -0.007398
vn -0.000771 -0.107488 0.994206
vn -0.000527 -0.382621 0.923905
vn 0.000527 -0.382621 0.923905
vn 0.000771 -0.107488 0.994206
vn -0.000527 -0.923908 0.382614
vn 0.000844 -0.999929 0.011883
vn 0.000527 -0.923908 0.382614
vn -0.924787 -0.071429 0.373719
vn -0.924789 0.071427 0.373716
vn -0.994233 0.106695 0.010777
vn -0.373712 -0.071421 0.924791
vn -0.000771 0.107488 0.994206
vn -0.373711 0.071421 0.924792
vn 0.994233 -0.106694 0.010777
vn 0.924195 -0.381848 0.007398
vn 0.924195 -0.381848 -0.007398
vn 0.994233 -0.106694 -0.010777
vn 0.381847 -0.924196 0.007399
vn 0.000844 -0.999929 -0.011883
vn 0.381848 -0.924196 -0.007399
vn 0.373710 -0.071419 0.924792
vn 0.373712 0.071419 0.924791
vn 0.000771 0.107488 0.994206
vn 0.924789 -0.071411 0.373720
vn 0.994233 0.106694 0.010777
vn 0.924790 0.071413 0.373717
vn -0.924195 0.381850 0.007398
vn -0.924195 0.381850 -0.007398
vn -0.994233 0.106695 -0.010777
vn -0.381848 0.924196 0.007399
vn -0.000844 0.999929 0.011884
vn -0.000844 0.999929 -0.011884
vn -0.381848 0.924196 -0.007399
vn -0.000527 0.923901 0.382632
vn 0.000527 0.923901 0.382632
vn 0.000844 0.999929 0.011884
vn -0.000527 0.382621 0.923905
vn 0.000527 0.382621 0.923905
vn 0.381847 0.924196 0.007399
vn 0.381848 0.924196 -0.007399
vn 0.000844 0.999929 -0.011884
vn 0.924195 0.381848 0.007398
vn 0.994233 0.106694 -0.010777
vn 0.924195 0.381848 -0.007398
vn -0.924786 0.071430 -0.373724
vn -0.924784 -0.071428 -0.373727
vn -0.373712 0.071421 -0.924791
vn -0.000771 0.107488 -0.994206
vn -0.000771 -0.107488 -0.994206
vn -0.373710 -0.071421 -0.924792
vn -0.000527 0.382621 -0.923905
vn 0.000527 0.382621 -0.923905
vn 0.000771 0.107488 -0.994206
vn -0.000527 0.923901 -0.382632
vn 0.000527 0.923901 -0.382632
vn 0.373711 0.071419 -0.924792
vn 0.373712 -0.071419 -0.924791
vn 0.000771 -0.107488 -0.994206
vn 0.924787 0.071413 -0.373724
vn 0.924785 -0.071415 -0.373728
vn -0.000527 -0.923908 -0.382614
vn 0.000527 -0.923908 -0.382614
vn -0.000527 -0.382621 -0.923905
vn 0.000527 -0.382621 -0.923905
vn 0.999929 -0.001260 0.011879
vn 0.924202 -0.381833 0.007398
vn 0.924202 -0.381833 -0.007398
vn 0.999929 -0.001260 -0.011879
vn 0.381846 -0.924196 0.007398
vn 0.106695 -0.994233 0.010777
vn 0.106695 -0.994233 -0.010777
vn 0.381846 -0.924196 -0.007398
vn 0.107456 -0.001152 0.994209
vn 0.382584 -0.000787 0.923920
vn 0.382584 0.000787 0.923920
vn 0.107456 0.001152 0.994209
vn 0.923919 -0.000787 0.382587
vn 0.999929 0.001260 0.011879
vn 0.923919 0.000787 0.382587
vn 0.071419 -0.924787 0.373723
vn -0.071419 -0.924786 0.373724
vn -0.106695 -0.994233 0.010777
vn 0.071413 -0.373721 0.924788
vn -0.107456 -0.001152 0.994209
vn -0.071411 -0.373721 0.924788
vn 0.106693 0.994234 0.010778
vn 0.381841 0.924199 0.007399
vn 0.381841 0.924198 -0.007399
vn 0.106694 0.994234 -0.010778
vn 0.924202 0.381833 0.007398
vn 0.999929 0.001260 -0.011879
vn 0.924202 0.381833 -0.007398
vn 0.071415 0.373725 0.924786
vn -0.071413 0.373724 0.924787
vn -0.107456 0.001152 0.994209
vn 0.071419 0.924785 0.373726
vn -0.106693 0.994234 0.010777
vn -0.071419 0.924786 0.373725
vn -0.381846 -0.924196 0.007398
vn -0.381846 -0.924196 -0.007398
vn -0.106695 -0.994233 -0.010777
vn -0.924202 -0.381833 0.007398
vn -0.999929 -0.001260 0.011879
vn -0.999929 -0.001260 -0.011879
vn -0.924202 -0.381833 -0.007398
vn -0.923919 -0.000787 0.382587
vn -0.923919 0.000787 0.382587
vn -0.999929 0.001260 0.011879
vn -0.382584 -0.000787 0.923920
vn -0.382584 0.000787 0.923920
vn -0.924202 0.381833 0.007398
vn -0.924202 0.381833 -0.007398
vn -0.999929 0.001260 -0.011879
vn -0.381841 0.924198 0.007399
vn -0.106694 0.994234 -0.010778
vn -0.381841 0.924198 -0.007399
vn -0.071419 -0.924787 -0.373723
vn 0.071418 -0.924786 -0.373724
vn -0.071413 -0.373721 -0.924788
vn -0.107464 -0.001152 -0.994208
vn 0.107464 -0.001152 -0.994208
vn 0.071414 -0.373721 -0.924788
vn -0.382611 -0.000787 -0.923909
vn -0.382611 0.000787 -0.923909
vn -0.107464 0.001152 -0.994208
vn -0.923914 -0.000787 -0.382599
vn -0.923914 0.000787 -0.382598
vn -0.071415 0.373725 -0.924786
vn 0.071413 0.373724 -0.924787
vn 0.107464 0.001152 -0.994208
vn -0.071421 0.924785 -0.373726
vn 0.071422 0.924786 -0.373725
vn 0.923914 -0.000787 -0.382599
vn 0.923914 0.000787 -0.382598
vn 0.382611 -0.000787 -0.923909
vn 0.382611 0.000787 -0.923909
vn -0.000836 -0.999929 0.011882
vn -0.381841 -0.924198 0.007399
vn -0.381841 -0.924198 -0.007399
vn -0.000836 -0.999929 -0.011882
vn -0.924195 -0.381849 0.007398
vn -0.994233 -0.106694 0.010777
vn -0.994233 -0.106695 -0.010777
vn -0.924195 -0.381850 -0.007398
vn -0.000764 -0.107488 0.994206
vn -0.000522 -0.382613 0.923909
vn 0.000522 -0.382613 0.923909
vn 0.000764 -0.107488 0.994206
vn -0.000522 -0.923918 0.382590
vn 0.000836 -0.999929 0.011882
vn 0.000522 -0.923918 0.382590
vn -0.924788 -0.071425 0.373720
vn -0.924789 0.071426 0.373716
vn -0.994233 0.106694 0.010777
vn -0.373712 -0.071423 0.924791
vn -0.000764 0.107489 0.994206
vn -0.373710 0.071423 0.924792
vn 0.994233 -0.106694 0.010777
vn 0.924195 -0.381848 0.007398
vn 0.924195 -0.381848 -0.007398
vn 0.994233 -0.106694 -0.010777
vn 0.381847 -0.924196 0.007399
vn 0.000836 -0.999929 -0.011882
vn 0.381848 -0.924196 -0.007399
vn 0.373711 -0.071419 0.924792
vn 0.373712 0.071419 0.924791
vn 0.000764 0.107489 0.994206
vn 0.924789 -0.071412 0.373720
vn 0.994233 0.106694 0.010777
vn 0.924790 0.071414 0.373717
vn -0.924195 0.381850 0.007398
vn -0.924195 0.381849 -0.007398
vn -0.994233 0.106695 -0.010777
vn -0.381841 0.924198 0.007399
vn -0.000836 0.999929 0.011883
vn -0.000836 0.999929 -0.011883
vn -0.381841 0.924198 -0.007399
vn -0.000522 0.923903 0.382626
vn 0.000522 0.923903 0.382626
vn 0.000836 0.999929 0.011883
vn -0.000522 0.382627 0.923903
vn 0.000522 0.382627 0.923903
vn 0.381847 0.924196 0.007399
vn 0.381848 0.924196 -0.007399
vn 0.000836 0.999929 -0.011883
vn 0.924195 0.381848 0.007398
vn 0.994233 0.106694 -0.010777
vn 0.924196 0.381848 -0.007398
vn -0.924786 0.071427 -0.373724
vn -0.924784 -0.071428 -0.373727
vn -0.373712 0.071423 -0.924791
vn -0.000764 0.107489 -0.994206
vn -0.000764 -0.107488 -0.994206
vn -0.373711 -0.071423 -0.924791
vn -0.000522 0.382627 -0.923903
vn 0.000522 0.382627 -0.923903
vn 0.000764 0.107489 -0.994206
vn -0.000522 0.923903 -0.382626
vn 0.000522 0.923903 -0.382626
vn 0.373710 0.071419 -0.924792
vn 0.373712 -0.071419 -0.924791
vn 0.000764 -0.107488 -0.994206
vn 0.924787 0.071413 -0.373724
vn 0.924785 -0.071415 -0.373728
vn -0.000522 -0.923918 -0.382590
vn 0.000522 -0.923918 -0.382590
vn -0.000522 -0.382613 -0.923909
vn 0.000522 -0.382613 -0.923909
vn -0.887911 -0.325293 0.325266
vn -0.325268 -0.887917 0.325277
vn -0.325243 -0.325284 0.887923
vn 0.325263 -0.887921 0.325269
vn 0.887930 -0.325235 0.325273
vn 0.325237 -0.325267 0.887931
vn -0.325269 0.887913 0.325286
vn -0.887910 0.325298 0.325266
vn -0.325238 0.325285 0.887924
vn 0.887927 0.325245 0.325272
vn 0.325260 0.887919 0.325278
vn 0.325244 0.325268 0.887928
vn -0.325243 0.325284 -0.887923
vn -0.887911 0.325293 -0.325266
vn -0.325277 0.887911 -0.325283
vn 0.887930 0.325235 -0.325273
vn 0.325240 0.325269 -0.887929
vn 0.325272 0.887914 -0.325278
vn -0.325280 -0.887913 -0.325274
vn -0.887910 -0.325298 -0.325266
vn -0.325236 -0.325283 -0.887926
vn 0.887927 -0.325245 -0.325272
vn 0.325272 -0.887918 -0.325269
vn 0.325244 -0.325268 -0.887928
vn 0.325262 -0.887922 0.325268
vn 0.887923 -0.325263 0.325265
vn 0.325235 -0.325267 0.887932
vn 0.887921 0.325267 0.325267
vn 0.325257 0.887911 0.325304
vn 0.325247 0.325274 0.887925
vn -0.887923 -0.325259 0.325269
vn -0.325265 -0.887920 0.325271
vn -0.325230 -0.325268 0.887933
vn -0.325263 0.887909 0.325304
vn -0.887924 0.325256 0.325268
vn -0.325241 0.325273 0.887928
vn -0.325235 -0.325267 -0.887932
vn -0.325266 -0.887919 -0.325272
vn -0.887924 -0.325256 -0.325269
vn -0.325271 0.887905 -0.325306
vn -0.325248 0.325274 -0.887925
vn -0.887923 0.325259 -0.325268
vn 0.887920 -0.325266 -0.325268
vn 0.325261 -0.887923 -0.325267
vn 0.325241 -0.325267 -0.887930
vn 0.325269 0.887908 -0.325298
vn 0.887921 0.325267 -0.325267
vn 0.325241 0.325273 -0.887928
vn 0.325262 -0.887922 0.325268
vn 0.887933 -0.325231 0.325270
vn 0.325237 -0.325266 0.887932
vn 0.887928 0.325243 0.325269
vn 0.325257 0.887911 0.325304
vn 0.325248 0.325271 0.887926
vn -0.887925 -0.325251 0.325271
vn -0.325261 -0.887922 0.325270
vn -0.325229 -0.325276 0.887931
vn -0.325254 0.887915 0.325295
vn -0.887924 0.325256 0.325268
vn -0.325240 0.325281 0.887926
vn -0.325235 -0.325276 -0.887929
vn -0.325258 -0.887925 -0.325264
vn -0.887923 -0.325256 -0.325271
vn -0.325268 0.887907 -0.325303
vn -0.325247 0.325282 -0.887923
vn -0.887926 0.325251 -0.325269
vn 0.887928 -0.325243 -0.325272
vn 0.325261 -0.887922 -0.325270
vn 0.325241 -0.325265 -0.887931
vn 0.325269 0.887908 -0.325298
vn 0.887931 0.325235 -0.325270
vn 0.325241 0.325270 -0.887929
vn -0.887911 -0.325293 0.325266
vn -0.325268 -0.887917 0.325275
vn -0.325230 -0.325283 0.887928
vn 0.325263 -0.887921 0.325269
vn 0.887933 -0.325231 0.325270
vn 0.325238 -0.325267 0.887931
vn -0.325269 0.887913 0.325286
vn -0.887913 0.325295 0.325261
vn -0.325236 0.325283 0.887926
vn 0.887927 0.325245 0.325270
vn 0.325260 0.887920 0.325275
vn 0.325232 0.325267 0.887933
vn -0.325241 0.325282 -0.887925
vn -0.887912 0.325293 -0.325265
vn -0.325267 0.887915 -0.325282
vn 0.887931 0.325235 -0.325272
vn 0.325238 0.325267 -0.887931
vn 0.325262 0.887918 -0.325279
vn -0.325270 -0.887916 -0.325276
vn -0.887910 -0.325298 -0.325266
vn -0.325236 -0.325283 -0.887926
vn 0.887927 -0.325245 -0.325272
vn 0.325261 -0.887922 -0.325269
vn 0.325243 -0.325266 -0.887930
vn 0.325261 -0.887923 0.325267
vn 0.887926 -0.325253 0.325266
vn 0.325235 -0.325265 0.887933
vn 0.887922 0.325261 0.325267
vn 0.325257 0.887911 0.325304
vn 0.325248 0.325271 0.887926
vn -0.887931 -0.325232 0.325272
vn -0.325261 -0.887922 0.325267
vn -0.325231 -0.325266 0.887934
vn -0.325255 0.887914 0.325296
vn -0.887931 0.325235 0.325270
vn -0.325241 0.325270 0.887929
vn -0.325235 -0.325265 -0.887933
vn -0.325259 -0.887924 -0.325265
vn -0.887931 -0.325235 -0.325272
vn -0.325268 0.887907 -0.325303
vn -0.325248 0.325271 -0.887926
vn -0.887932 0.325233 -0.325271
vn 0.887922 -0.325261 -0.325269
vn 0.325261 -0.887923 -0.325267
vn 0.325241 -0.325265 -0.887931
vn 0.325268 0.887909 -0.325298
vn 0.887924 0.325256 -0.325268
vn 0.325241 0.325270 -0.887929
vn -0.887902 -0.325307 0.325277
vn -0.325264 -0.887907 0.325306
vn -0.325247 -0.325279 0.887923
vn 0.325259 -0.887911 0.325300
vn 0.887926 -0.325233 0.325286
vn 0.325241 -0.325270 0.887929
vn -0.325263 0.887900 0.325327
vn -0.887911 0.325298 0.325263
vn -0.325242 0.325280 0.887925
vn 0.887928 0.325246 0.325269
vn 0.325256 0.887909 0.325309
vn 0.325248 0.325271 0.887926
vn -0.325247 0.325279 -0.887923
vn -0.887907 0.325309 -0.325262
vn -0.325274 0.887901 -0.325315
vn 0.887931 0.325235 -0.325270
vn 0.325243 0.325272 -0.887928
vn 0.325267 0.887901 -0.325320
vn -0.325276 -0.887903 -0.325305
vn -0.887906 -0.325296 -0.325279
vn -0.325240 -0.325278 -0.887926
vn 0.887923 -0.325244 -0.325285
vn 0.325268 -0.887909 -0.325298
vn 0.325248 -0.325271 -0.887926
vn 0.325266 -0.887919 0.325272
vn 0.887919 -0.325273 0.325265
vn 0.325235 -0.325276 0.887929
vn 0.887918 0.325274 0.325266
vn 0.325260 0.887908 0.325307
vn 0.325247 0.325282 0.887923
vn -0.887919 -0.325269 0.325269
vn -0.325264 -0.887919 0.325273
vn -0.325229 -0.325276 0.887931
vn -0.325260 0.887910 0.325301
vn -0.887921 0.325267 0.325267
vn -0.325240 0.325281 0.887925
vn -0.325235 -0.325276 -0.887929
vn -0.325264 -0.887921 -0.325270
vn -0.887920 -0.325266 -0.325269
vn -0.325271 0.887905 -0.325306
vn -0.325247 0.325282 -0.887923
vn -0.887920 0.325269 -0.325266
vn 0.887917 -0.325274 -0.325268
vn 0.325264 -0.887919 -0.325273
vn 0.325240 -0.325275 -0.887928
vn 0.325272 0.887906 -0.325302
vn 0.887917 0.325277 -0.325265
vn 0.325240 0.325281 -0.887926
vn -0.887907 -0.325291 0.325279
vn -0.325264 -0.887906 0.325311
vn -0.325246 -0.325287 0.887921
vn 0.325259 -0.887911 0.325300
vn 0.887926 -0.325233 0.325286
vn 0.325243 -0.325272 0.887928
vn -0.325266 0.887906 0.325307
vn -0.887911 0.325298 0.325263
vn -0.325239 0.325286 0.887924
vn 0.887928 0.325246 0.325269
vn 0.325257 0.887911 0.325304
vn 0.325248 0.325271 0.887926
vn -0.325246 0.325287 -0.887921
vn -0.887912 0.325293 -0.325264
vn -0.325274 0.887902 -0.325310
vn 0.887931 0.325235 -0.325270
vn 0.325241 0.325270 -0.887929
vn 0.325270 0.887908 -0.325299
vn -0.325277 -0.887903 -0.325306
vn -0.887905 -0.325296 -0.325279
vn -0.325241 -0.325288 -0.887923
vn 0.887923 -0.325244 -0.325285
vn 0.325268 -0.887907 -0.325303
vn 0.325248 -0.325271 -0.887926
vn 0.001515 0.998722 0.050520
vn 0.378912 0.924870 0.032270
vn 0.378913 0.924870 -0.032271
vn 0.001515 0.998722 -0.050520
vn 0.924866 0.378922 0.032269
vn 0.993526 0.103808 0.046158
vn 0.993526 0.103807 -0.046158
vn 0.924867 0.378919 -0.032269
vn 0.001433 0.107436 0.994211
vn 0.000979 0.382580 0.923922
vn -0.000979 0.382580 0.923922
vn -0.001433 0.107436 0.994211
vn 0.000979 0.923917 0.382591
vn -0.001515 0.998722 0.050520
vn -0.000979 0.923917 0.382591
vn 0.924779 0.071407 0.373744
vn 0.924780 -0.071402 0.373744
vn 0.993526 -0.103806 0.046158
vn 0.373729 0.071425 0.924784
vn 0.001433 -0.107435 0.994211
vn 0.373729 -0.071425 0.924784
vn -0.993527 0.103799 0.046156
vn -0.924877 0.378896 0.032270
vn -0.924877 0.378895 -0.032270
vn -0.993527 0.103799 -0.046156
vn -0.378893 0.924878 0.032269
vn -0.001515 0.998722 -0.050520
vn -0.378893 0.924878 -0.032269
vn -0.373723 0.071420 0.924787
vn -0.373723 -0.071419 0.924787
vn -0.001433 -0.107435 0.994211
vn -0.924784 0.071429 0.373727
vn -0.993527 -0.103798 0.046156
vn -0.924785 -0.071429 0.373726
vn 0.924873 -0.378904 0.032269
vn 0.924873 -0.378906 -0.032268
vn 0.993526 -0.103806 -0.046158
vn 0.378875 -0.924885 0.032272
vn 0.001515 -0.998722 0.050514
vn 0.001515 -0.998722 -0.050514
vn 0.378875 -0.924885 -0.032271
vn 0.000979 -0.923933 0.382553
vn -0.000979 -0.923933 0.382553
vn -0.001515 -0.998722 0.050514
vn 0.000979 -0.382563 0.923929
vn -0.000979 -0.382563 0.923929
vn -0.378856 -0.924893 0.032270
vn -0.378856 -0.924893 -0.032270
vn -0.001515 -0.998722 -0.050514
vn -0.924883 -0.378880 0.032269
vn -0.993527 -0.103798 -0.046156
vn -0.924883 -0.378880 -0.032269
vn 0.924783 -0.071405 -0.373736
vn 0.924784 0.071401 -0.373734
vn 0.373729 -0.071425 -0.924784
vn 0.001433 -0.107435 -0.994211
vn 0.001433 0.107436 -0.994211
vn 0.373726 0.071425 -0.924785
vn 0.000979 -0.382563 -0.923929
vn -0.000979 -0.382563 -0.923929
vn -0.001433 -0.107435 -0.994211
vn 0.000979 -0.923933 -0.382553
vn -0.000979 -0.923933 -0.382553
vn -0.373722 -0.071420 -0.924787
vn -0.373718 0.071420 -0.924789
vn -0.001433 0.107436 -0.994211
vn -0.924788 -0.071427 -0.373719
vn -0.924788 0.071428 -0.373718
vn 0.000979 0.923917 -0.382591
vn -0.000979 0.923917 -0.382591
vn 0.000979 0.382580 -0.923922
vn -0.000979 0.382580 -0.923922
vn 0.887929 0.325228 0.325281
vn 0.325264 0.887928 0.325251
vn 0.325302 0.325284 0.887901
vn -0.325282 0.887912 0.325276
vn -0.887903 0.325310 0.325272
vn -0.325304 0.325269 0.887906
vn 0.325260 -0.887926 0.325260
vn 0.887940 -0.325194 0.325286
vn 0.325301 -0.325278 0.887904
vn -0.887906 -0.325302 0.325271
vn -0.325273 -0.887914 0.325280
vn -0.325303 -0.325262 0.887909
vn 0.325300 -0.325277 -0.887905
vn 0.887935 -0.325213 -0.325282
vn 0.325258 -0.887929 -0.325251
vn -0.887906 -0.325299 -0.325274
vn -0.325299 -0.325264 -0.887910
vn -0.325276 -0.887914 -0.325276
vn 0.325270 0.887922 -0.325259
vn 0.887942 0.325199 -0.325275
vn 0.325286 0.325286 -0.887907
vn -0.887905 0.325310 -0.325266
vn -0.325283 0.887911 -0.325277
vn -0.325279 0.325273 -0.887914
vn 0.001515 0.998722 0.050521
vn 0.378912 0.924870 0.032269
vn 0.378913 0.924870 -0.032270
vn 0.001515 0.998722 -0.050521
vn 0.924866 0.378922 0.032269
vn 0.993526 0.103808 0.046158
vn 0.993526 0.103807 -0.046158
vn 0.924867 0.378919 -0.032269
vn 0.001433 0.107436 0.994211
vn 0.000979 0.382580 0.923922
vn -0.000979 0.382580 0.923922
vn -0.001433 0.107436 0.994211
vn 0.000979 0.923916 0.382595
vn -0.001515 0.998722 0.050521
vn -0.000979 0.923916 0.382595
vn 0.924779 0.071408 0.373744
vn 0.924780 -0.071403 0.373744
vn 0.993526 -0.103806 0.046158
vn 0.373729 0.071425 0.924784
vn 0.001433 -0.107435 0.994211
vn 0.373728 -0.071425 0.924784
vn -0.993527 0.103799 0.046156
vn -0.924877 0.378896 0.032270
vn -0.924877 0.378896 -0.032270
vn -0.993527 0.103799 -0.046156
vn -0.378893 0.924878 0.032268
vn -0.001515 0.998722 -0.050521
vn -0.378893 0.924878 -0.032269
vn -0.373724 0.071420 0.924786
vn -0.373723 -0.071420 0.924787
vn -0.001433 -0.107435 0.994211
vn -0.924785 0.071429 0.373726
vn -0.993527 -0.103798 0.046156
vn -0.924785 -0.071429 0.373726
vn 0.924873 -0.378904 0.032269
vn 0.924873 -0.378906 -0.032268
vn 0.993526 -0.103806 -0.046158
vn 0.378875 -0.924885 0.032271
vn 0.001515 -0.998722 0.050514
vn 0.001515 -0.998722 -0.050514
vn 0.378875 -0.924885 -0.032270
vn 0.000979 -0.923933 0.382553
vn -0.000979 -0.923933 0.382553
vn -0.001515 -0.998722 0.050514
vn 0.000979 -0.382566 0.923928
vn -0.000979 -0.382566 0.923928
vn -0.378856 -0.924893 0.032270
vn -0.378856 -0.924893 -0.032269
vn -0.001515 -0.998722 -0.050514
vn -0.924883 -0.378880 0.032269
vn -0.993527 -0.103798 -0.046156
vn -0.924883 -0.378880 -0.032269
vn 0.924783 -0.071405 -0.373736
vn 0.924784 0.071401 -0.373734
vn 0.373729 -0.071425 -0.924784
vn 0.001433 -0.107435 -0.994211
vn 0.001433 0.107436 -0.994211
vn 0.373726 0.071425 -0.924785
vn 0.000979 -0.382566 -0.923928
vn -0.000979 -0.382566 -0.923928
vn -0.001433 -0.107435 -0.994211
vn 0.000979 -0.923933 -0.382553
vn -0.000979 -0.923933 -0.382553
vn -0.373722 -0.071419 -0.924787
vn -0.373718 0.071420 -0.924789
vn -0.001433 0.107436 -0.994211
vn -0.924788 -0.071427 -0.373719
vn -0.924788 0.071428 -0.373717
vn 0.000979 0.923916 -0.382595
vn -0.000979 0.923916 -0.382595
vn 0.000979 0.382580 -0.923922
vn -0.000979 0.382580 -0.923922
vn 0.887929 0.325228 0.325281
vn 0.325265 0.887930 0.325244
vn 0.325302 0.325284 0.887901
vn -0.325282 0.887914 0.325270
vn -0.887903 0.325310 0.325272
vn -0.325304 0.325269 0.887906
vn 0.325261 -0.887929 0.325249
vn 0.887940 -0.325194 0.325287
vn 0.325299 -0.325276 0.887905
vn -0.887905 -0.325302 0.325273
vn -0.325273 -0.887915 0.325276
vn -0.325303 -0.325262 0.887909
vn 0.325300 -0.325277 -0.887905
vn 0.887934 -0.325213 -0.325283
vn 0.325259 -0.887932 -0.325245
vn -0.887906 -0.325299 -0.325275
vn -0.325297 -0.325262 -0.887911
vn -0.325277 -0.887915 -0.325271
vn 0.325272 0.887926 -0.325248
vn 0.887942 0.325199 -0.325275
vn 0.325287 0.325287 -0.887906
vn -0.887905 0.325310 -0.325266
vn -0.325283 0.887911 -0.325277
vn -0.325279 0.325273 -0.887914
vn 0.001515 0.998722 0.050522
vn 0.378912 0.924870 0.032270
vn 0.378913 0.924870 -0.032271
vn 0.001515 0.998722 -0.050522
vn 0.924866 0.378922 0.032269
vn 0.993526 0.103808 0.046158
vn 0.993526 0.103807 -0.046158
vn 0.924867 0.378919 -0.032269
vn 0.001433 0.107436 0.994211
vn 0.000979 0.382583 0.923921
vn -0.000979 0.382583 0.923921
vn -0.001433 0.107436 0.994211
vn 0.000979 0.923912 0.382603
vn -0.001515 0.998722 0.050522
vn -0.000979 0.923912 0.382603
vn 0.924779 0.071408 0.373744
vn 0.924780 -0.071402 0.373743
vn 0.993526 -0.103806 0.046158
vn 0.373730 0.071425 0.924783
vn 0.001433 -0.107435 0.994211
vn 0.373729 -0.071425 0.924784
vn -0.993527 0.103799 0.046156
vn -0.924877 0.378896 0.032270
vn -0.924877 0.378896 -0.032270
vn -0.993527 0.103799 -0.046156
vn -0.378893 0.924878 0.032270
vn -0.001515 0.998722 -0.050522
vn -0.378893 0.924878 -0.032270
vn -0.373723 0.071420 0.924787
vn -0.373722 -0.071419 0.924787
vn -0.001433 -0.107435 0.994211
vn -0.924785 0.071429 0.373726
vn -0.993527 -0.103798 0.046156
vn -0.924784 -0.071429 0.373727
vn 0.924873 -0.378904 0.032269
vn 0.924873 -0.378906 -0.032268
vn 0.993526 -0.103806 -0.046158
vn 0.378875 -0.924885 0.032272
vn 0.001515 -0.998722 0.050514
vn 0.001515 -0.998722 -0.050514
vn 0.378875 -0.924885 -0.032271
vn 0.000979 -0.923933 0.382553
vn -0.000979 -0.923933 0.382553
vn -0.001515 -0.998722 0.050514
vn 0.000979 -0.382563 0.923929
vn -0.000979 -0.382563 0.923929
vn -0.378856 -0.924893 0.032270
vn -0.378856 -0.924893 -0.032270
vn -0.001515 -0.998722 -0.050514
vn -0.924883 -0.378880 0.032269
vn -0.993527 -0.103798 -0.046156
vn -0.924883 -0.378880 -0.032270
vn 0.924783 -0.071405 -0.373735
vn 0.924784 0.071401 -0.373734
vn 0.373729 -0.071425 -0.924784
vn 0.001433 -0.107435 -0.994211
vn 0.001433 0.107436 -0.994211
vn 0.373727 0.071425 -0.924785
vn 0.000979 -0.382563 -0.923929
vn -0.000979 -0.382563 -0.923929
vn -0.001433 -0.107435 -0.994211
vn 0.000979 -0.923933 -0.382553
vn -0.000979 -0.923933 -0.382553
vn -0.373721 -0.071420 -0.924787
vn -0.373717 0.071420 -0.924789
vn -0.001433 0.107436 -0.994211
vn -0.924788 -0.071427 -0.373719
vn -0.924788 0.071429 -0.373717
vn 0.000979 0.923912 -0.382603
vn -0.000979 0.923912 -0.382603
vn 0.000979 0.382583 -0.923921
vn -0.000979 0.382583 -0.923921
vn 0.887929 0.325228 0.325281
vn 0.325264 0.887928 0.325249
vn 0.325302 0.325284 0.887902
vn -0.325281 0.887910 0.325281
vn -0.887903 0.325310 0.325272
vn -0.325306 0.325271 0.887905
vn 0.325260 -0.887926 0.325260
vn 0.887941 -0.325194 0.325285
vn 0.325298 -0.325274 0.887907
vn -0.887905 -0.325302 0.325275
vn -0.325273 -0.887914 0.325279
vn -0.325303 -0.325262 0.887909
vn 0.325297 -0.325273 -0.887907
vn 0.887935 -0.325213 -0.325281
vn 0.325258 -0.887929 -0.325252
vn -0.887905 -0.325298 -0.325278
vn -0.325299 -0.325264 -0.887910
vn -0.325276 -0.887912 -0.325282
vn 0.325270 0.887922 -0.325259
vn 0.887942 0.325199 -0.325275
vn 0.325285 0.325285 -0.887907
vn -0.887905 0.325310 -0.325266
vn -0.325283 0.887909 -0.325283
vn -0.325279 0.325273 -0.887914
vn 0.001515 0.998722 0.050520
vn 0.378912 0.924870 0.032268
vn 0.378913 0.924870 -0.032270
vn 0.001515 0.998722 -0.050520
vn 0.924866 0.378922 0.032270
vn 0.993526 0.103808 0.046158
vn 0.993526 0.103807 -0.046158
vn 0.924867 0.378919 -0.032270
vn 0.001433 0.107436 0.994211
vn 0.000979 0.382583 0.923921
vn -0.000979 0.382583 0.923921
vn -0.001433 0.107436 0.994211
vn 0.000979 0.923919 0.382586
vn -0.001515 0.998722 0.050520
vn -0.000979 0.923919 0.382587
vn 0.924779 0.071407 0.373745
vn 0.924779 -0.071403 0.373745
vn 0.993526 -0.103806 0.046158
vn 0.373730 0.071426 0.924783
vn 0.001433 -0.107435 0.994211
vn 0.373729 -0.071424 0.924784
vn -0.993527 0.103799 0.046156
vn -0.924877 0.378896 0.032271
vn -0.924877 0.378896 -0.032271
vn -0.993527 0.103799 -0.046156
vn -0.378893 0.924878 0.032267
vn -0.001515 0.998722 -0.050520
vn -0.378893 0.924878 -0.032268
vn -0.373724 0.071420 0.924786
vn -0.373723 -0.071420 0.924787
vn -0.001433 -0.107435 0.994211
vn -0.924784 0.071429 0.373728
vn -0.993527 -0.103798 0.046156
vn -0.924785 -0.071429 0.373726
vn 0.924873 -0.378904 0.032270
vn 0.924873 -0.378906 -0.032269
vn 0.993526 -0.103806 -0.046158
vn 0.378875 -0.924885 0.032271
vn 0.001515 -0.998722 0.050514
vn 0.001515 -0.998722 -0.050514
vn 0.378875 -0.924885 -0.032270
vn 0.000979 -0.923933 0.382553
vn -0.000979 -0.923933 0.382553
vn -0.001515 -0.998722 0.050514
vn 0.000979 -0.382563 0.923929
vn -0.000979 -0.382562 0.923929
vn -0.378856 -0.924893 0.032271
vn -0.378856 -0.924893 -0.032270
vn -0.001515 -0.998722 -0.050514
vn -0.924883 -0.378880 0.032269
vn -0.993527 -0.103798 -0.046156
vn -0.924883 -0.378880 -0.032269
vn 0.924782 -0.071405 -0.373737
vn 0.924783 0.071401 -0.373735
vn 0.373729 -0.071425 -0.924784
vn 0.001433 -0.107435 -0.994211
vn 0.001433 0.107436 -0.994211
vn 0.373726 0.071425 -0.924785
vn 0.000979 -0.382563 -0.923929
vn -0.000979 -0.382562 -0.923929
vn -0.001433 -0.107435 -0.994211
vn 0.000979 -0.923933 -0.382553
vn -0.000979 -0.923933 -0.382553
vn -0.373722 -0.071419 -0.924787
vn -0.373718 0.071420 -0.924789
vn -0.001433 0.107436 -0.994211
vn -0.924788 -0.071427 -0.373718
vn -0.924788 0.071429 -0.373718
vn 0.000979 0.923919 -0.382586
vn -0.000979 0.923919 -0.382587
vn 0.000979 0.382583 -0.923921
vn -0.000979 0.382583 -0.923921
vn 0.887928 0.325228 0.325286
vn 0.325266 0.887933 0.325233
vn 0.325305 0.325288 0.887899
vn -0.325283 0.887917 0.325260
vn -0.887901 0.325310 0.325277
vn -0.325304 0.325269 0.887906
vn 0.325261 -0.887929 0.325249
vn 0.887938 -0.325193 0.325293
vn 0.325300 -0.325277 0.887905
vn -0.887906 -0.325302 0.325270
vn -0.325272 -0.887912 0.325284
vn -0.325303 -0.325262 0.887909
vn 0.325304 -0.325280 -0.887902
vn 0.887933 -0.325212 -0.325289
vn 0.325259 -0.887931 -0.325247
vn -0.887907 -0.325299 -0.325272
vn -0.325297 -0.325262 -0.887911
vn -0.325276 -0.887912 -0.325282
vn 0.325272 0.887926 -0.325248
vn 0.887941 0.325198 -0.325280
vn 0.325287 0.325287 -0.887906
vn -0.887903 0.325310 -0.325272
vn -0.325285 0.887914 -0.325267
vn -0.325279 0.325273 -0.887914
vn 0.001515 0.998722 0.050520
vn 0.378912 0.924870 0.032269
vn 0.378913 0.924870 -0.032270
vn 0.001515 0.998722 -0.050520
vn 0.924866 0.378922 0.032268
vn 0.993526 0.103808 0.046158
vn 0.993526 0.103807 -0.046158
vn 0.924867 0.378919 -0.032268
vn 0.001433 0.107436 0.994211
vn 0.000979 0.382583 0.923921
vn -0.000979 0.382583 0.923921
vn -0.001433 0.107436 0.994211
vn 0.000979 0.923919 0.382586
vn -0.001515 0.998722 0.050520
vn -0.000979 0.923919 0.382587
vn 0.924780 0.071408 0.373741
vn 0.924779 -0.071402 0.373745
vn 0.993526 -0.103806 0.046158
vn 0.373730 0.071425 0.924783
vn 0.001433 -0.107435 0.994211
vn 0.373728 -0.071425 0.924784
vn -0.993527 0.103799 0.046156
vn -0.924877 0.378896 0.032271
vn -0.924877 0.378895 -0.032271
vn -0.993527 0.103799 -0.046156
vn -0.378893 0.924878 0.032270
vn -0.001515 0.998722 -0.050520
vn -0.378893 0.924878 -0.032270
vn -0.373724 0.071420 0.924786
vn -0.373723 -0.071420 0.924787
vn -0.001433 -0.107435 0.994211
vn -0.924784 0.071428 0.373728
vn -0.993527 -0.103798 0.046156
vn -0.924785 -0.071429 0.373725
vn 0.924873 -0.378904 0.032269
vn 0.924873 -0.378906 -0.032269
vn 0.993526 -0.103806 -0.046158
vn 0.378875 -0.924885 0.032271
vn 0.001515 -0.998722 0.050514
vn 0.001515 -0.998722 -0.050514
vn 0.378875 -0.924885 -0.032269
vn 0.000979 -0.923933 0.382553
vn -0.000979 -0.923933 0.382553
vn -0.001515 -0.998722 0.050514
vn 0.000979 -0.382563 0.923929
vn -0.000979 -0.382562 0.923929
vn -0.378856 -0.924893 0.032271
vn -0.378856 -0.924893 -0.032270
vn -0.001515 -0.998722 -0.050514
vn -0.924883 -0.378880 0.032268
vn -0.993527 -0.103798 -0.046156
vn -0.924883 -0.378880 -0.032269
vn 0.924782 -0.071405 -0.373737
vn 0.924785 0.071401 -0.373732
vn 0.373728 -0.071424 -0.924784
vn 0.001433 -0.107435 -0.994211
vn 0.001433 0.107436 -0.994211
vn 0.373727 0.071425 -0.924785
vn 0.000979 -0.382563 -0.923929
vn -0.000979 -0.382562 -0.923929
vn -0.001433 -0.107435 -0.994211
vn 0.000979 -0.923933 -0.382553
vn -0.000979 -0.923933 -0.382553
vn -0.373722 -0.071419 -0.924787
vn -0.373718 0.071420 -0.924788
vn -0.001433 0.107436 -0.994211
vn -0.924788 -0.071427 -0.373718
vn -0.924788 0.071428 -0.373719
vn 0.000979 0.923919 -0.382586
vn -0.000979 0.923919 -0.382587
vn 0.000979 0.382583 -0.923921
vn -0.000979 0.382583 -0.923921
vn 0.887933 0.325230 0.325271
vn 0.325264 0.887929 0.325247
vn 0.325305 0.325288 0.887899
vn -0.325281 0.887910 0.325281
vn -0.887900 0.325309 0.325280
vn -0.325305 0.325270 0.887906
vn 0.325261 -0.887929 0.325249
vn 0.887938 -0.325193 0.325293
vn 0.325297 -0.325273 0.887907
vn -0.887907 -0.325303 0.325268
vn -0.325272 -0.887912 0.325284
vn -0.325303 -0.325262 0.887909
vn 0.325297 -0.325273 -0.887907
vn 0.887933 -0.325212 -0.325289
vn 0.325260 -0.887934 -0.325237
vn -0.887908 -0.325299 -0.325270
vn -0.325296 -0.325261 -0.887912
vn -0.325276 -0.887912 -0.325282
vn 0.325272 0.887926 -0.325248
vn 0.887946 0.325200 -0.325265
vn 0.325289 0.325289 -0.887904
vn -0.887902 0.325309 -0.325274
vn -0.325282 0.887907 -0.325288
vn -0.325279 0.325273 -0.887914
vn 0.998722 -0.001534 0.050520
vn 0.924881 -0.378885 0.032269
vn 0.924881 -0.378885 -0.032269
vn 0.998722 -0.001534 -0.050520
vn 0.378887 -0.924880 0.032270
vn 0.103798 -0.993527 0.046157
vn 0.103798 -0.993527 -0.046157
vn 0.378886 -0.924880 -0.032270
vn 0.107432 -0.001450 0.994211
vn 0.382570 -0.000991 0.923926
vn 0.382570 0.000991 0.923926
vn 0.107432 0.001450 0.994211
vn 0.923919 -0.000991 0.382588
vn 0.998722 0.001534 0.050520
vn 0.923918 0.000991 0.382588
vn 0.071423 -0.924785 0.373726
vn -0.071421 -0.924786 0.373725
vn -0.103797 -0.993527 0.046156
vn 0.071423 -0.373719 0.924788
vn -0.107431 -0.001450 0.994212
vn -0.071422 -0.373723 0.924786
vn 0.103796 0.993527 0.046156
vn 0.378882 0.924882 0.032273
vn 0.378883 0.924882 -0.032274
vn 0.103797 0.993527 -0.046156
vn 0.924881 0.378885 0.032270
vn 0.998722 0.001534 -0.050520
vn 0.924881 0.378885 -0.032270
vn 0.071425 0.373718 0.924788
vn -0.071422 0.373721 0.924787
vn -0.107431 0.001450 0.994212
vn 0.071419 0.924788 0.373721
vn -0.103795 0.993527 0.046156
vn -0.071419 0.924786 0.373725
vn -0.378872 -0.924887 0.032269
vn -0.378872 -0.924886 -0.032269
vn -0.103797 -0.993527 -0.046157
vn -0.924888 -0.378867 0.032270
vn -0.998722 -0.001534 0.050513
vn -0.998722 -0.001534 -0.050513
vn -0.924889 -0.378866 -0.032270
vn -0.923935 -0.000991 0.382548
vn -0.923935 0.000991 0.382548
vn -0.998722 0.001534 0.050513
vn -0.382553 -0.000991 0.923933
vn -0.382553 0.000991 0.923933
vn -0.924889 0.378866 0.032270
vn -0.924888 0.378867 -0.032269
vn -0.998722 0.001534 -0.050513
vn -0.378868 0.924888 0.032274
vn -0.103795 0.993527 -0.046156
vn -0.378867 0.924888 -0.032273
vn -0.071422 -0.924785 -0.373726
vn 0.071422 -0.924786 -0.373725
vn -0.071428 -0.373723 -0.924786
vn -0.107431 -0.001450 -0.994212
vn 0.107432 -0.001450 -0.994211
vn 0.071426 -0.373719 -0.924788
vn -0.382553 -0.000991 -0.923933
vn -0.382553 0.000991 -0.923933
vn -0.107431 0.001450 -0.994212
vn -0.923935 -0.000991 -0.382548
vn -0.923935 0.000991 -0.382548
vn -0.071425 0.373721 -0.924787
vn 0.071427 0.373717 -0.924789
vn 0.107432 0.001450 -0.994211
vn -0.071419 0.924787 -0.373724
vn 0.071420 0.924787 -0.373723
vn 0.923919 -0.000991 -0.382588
vn 0.923918 0.000991 -0.382588
vn 0.382570 -0.000991 -0.923926
vn 0.382570 0.000991 -0.923926
vn 0.325287 -0.887910 0.325276
vn 0.887914 -0.325280 0.325270
vn 0.325284 -0.325260 0.887917
vn 0.887909 0.325283 0.325283
vn 0.325270 0.887907 0.325300
vn 0.325302 0.325267 0.887907
vn -0.887915 -0.325273 0.325277
vn -0.325276 -0.887914 0.325276
vn -0.325274 -0.325279 0.887914
vn -0.325262 0.887903 0.325321
vn -0.887919 0.325263 0.325275
vn -0.325280 0.325286 0.887909
vn -0.325295 -0.325277 -0.887906
vn -0.325278 -0.887913 -0.325278
vn -0.887918 -0.325262 -0.325279
vn -0.325261 0.887906 -0.325314
vn -0.325293 0.325287 -0.887904
vn -0.887916 0.325273 -0.325273
vn 0.887912 -0.325284 -0.325273
vn 0.325284 -0.887912 -0.325272
vn 0.325294 -0.325259 -0.887914
vn 0.325273 0.887903 -0.325308
vn 0.887909 0.325283 -0.325283
vn 0.325311 0.325264 -0.887905
vn 0.998722 -0.001534 0.050520
vn 0.924881 -0.378885 0.032269
vn 0.924881 -0.378885 -0.032269
vn 0.998722 -0.001534 -0.050520
vn 0.378887 -0.924880 0.032270
vn 0.103797 -0.993527 0.046156
vn 0.103797 -0.993527 -0.046157
vn 0.378887 -0.924880 -0.032270
vn 0.107432 -0.001450 0.994211
vn 0.382570 -0.000991 0.923926
vn 0.382570 0.000991 0.923926
vn 0.107432 0.001450 0.994211
vn 0.923919 -0.000991 0.382588
vn 0.998722 0.001534 0.050520
vn 0.923918 0.000991 0.382588
vn 0.071421 -0.924786 0.373724
vn -0.071421 -0.924786 0.373725
vn -0.103797 -0.993527 0.046156
vn 0.071423 -0.373722 0.924787
vn -0.107431 -0.001450 0.994212
vn -0.071422 -0.373721 0.924787
vn 0.103796 0.993527 0.046156
vn 0.378883 0.924882 0.032273
vn 0.378883 0.924882 -0.032273
vn 0.103796 0.993527 -0.046156
vn 0.924881 0.378885 0.032270
vn 0.998722 0.001534 -0.050520
vn 0.924881 0.378885 -0.032270
vn 0.071425 0.373720 0.924788
vn -0.071422 0.373719 0.924788
vn -0.107431 0.001450 0.994212
vn 0.071420 0.924788 0.373721
vn -0.103795 0.993527 0.046156
vn -0.071419 0.924786 0.373725
vn -0.378880 -0.924883 0.032269
vn -0.378880 -0.924883 -0.032269
vn -0.103797 -0.993527 -0.046157
vn -0.924888 -0.378867 0.032270
vn -0.998722 -0.001534 0.050513
vn -0.998722 -0.001534 -0.050513
vn -0.924888 -0.378868 -0.032270
vn -0.923935 -0.000991 0.382548
vn -0.923935 0.000991 0.382548
vn -0.998722 0.001534 0.050513
vn -0.382553 -0.000991 0.923933
vn -0.382553 0.000991 0.923933
vn -0.924888 0.378868 0.032269
vn -0.924888 0.378867 -0.032270
vn -0.998722 0.001534 -0.050513
vn -0.378875 0.924885 0.032274
vn -0.103795 0.993527 -0.046156
vn -0.378875 0.924885 -0.032273
vn -0.071422 -0.924785 -0.373726
vn 0.071423 -0.924786 -0.373725
vn -0.071427 -0.373721 -0.924787
vn -0.107431 -0.001450 -0.994212
vn 0.107432 -0.001450 -0.994211
vn 0.071426 -0.373721 -0.924787
vn -0.382553 -0.000991 -0.923933
vn -0.382553 0.000991 -0.923933
vn -0.107431 0.001450 -0.994212
vn -0.923935 -0.000991 -0.382548
vn -0.923935 0.000991 -0.382548
vn -0.071425 0.373719 -0.924788
vn 0.071427 0.373719 -0.924788
vn 0.107432 0.001450 -0.994211
vn -0.071419 0.924787 -0.373723
vn 0.071419 0.924788 -0.373721
vn 0.923919 -0.000991 -0.382588
vn 0.923918 0.000991 -0.382588
vn 0.382570 -0.000991 -0.923926
vn 0.382570 0.000991 -0.923926
vn 0.325287 -0.887910 0.325276
vn 0.887914 -0.325280 0.325270
vn 0.325283 -0.325271 0.887913
vn 0.887909 0.325283 0.325283
vn 0.325277 0.887902 0.325306
vn 0.325301 0.325278 0.887904
vn -0.887915 -0.325273 0.325277
vn -0.325283 -0.887909 0.325283
vn -0.325275 -0.325269 0.887917
vn -0.325269 0.887898 0.325328
vn -0.887912 0.325284 0.325272
vn -0.325282 0.325276 0.887912
vn -0.325296 -0.325267 -0.887910
vn -0.325284 -0.887908 -0.325284
vn -0.887911 -0.325283 -0.325276
vn -0.325268 0.887901 -0.325321
vn -0.325294 0.325276 -0.887907
vn -0.887916 0.325273 -0.325273
vn 0.887912 -0.325284 -0.325273
vn 0.325291 -0.887907 -0.325279
vn 0.325293 -0.325269 -0.887910
vn 0.325273 0.887903 -0.325308
vn 0.887909 0.325283 -0.325283
vn 0.325310 0.325275 -0.887902
vn 0.998722 -0.001534 0.050520
vn 0.924881 -0.378885 0.032269
vn 0.924881 -0.378886 -0.032269
vn 0.998722 -0.001534 -0.050520
vn 0.378887 -0.924880 0.032270
vn 0.103797 -0.993527 0.046156
vn 0.103797 -0.993527 -0.046156
vn 0.378887 -0.924880 -0.032270
vn 0.107432 -0.001450 0.994211
vn 0.382570 -0.000991 0.923926
vn 0.382570 0.000991 0.923926
vn 0.107432 0.001450 0.994211
vn 0.923919 -0.000991 0.382588
vn 0.998722 0.001534 0.050520
vn 0.923918 0.000991 0.382588
vn 0.071422 -0.924786 0.373725
vn -0.071422 -0.924786 0.373725
vn -0.103796 -0.993527 0.046156
vn 0.071423 -0.373719 0.924788
vn -0.107431 -0.001450 0.994212
vn -0.071422 -0.373723 0.924786
vn 0.103796 0.993527 0.046156
vn 0.378883 0.924882 0.032273
vn 0.378883 0.924882 -0.032273
vn 0.103796 0.993527 -0.046156
vn 0.924881 0.378886 0.032270
vn 0.998722 0.001534 -0.050520
vn 0.924881 0.378885 -0.032270
vn 0.071425 0.373718 0.924788
vn -0.071422 0.373721 0.924787
vn -0.107431 0.001450 0.994212
vn 0.071420 0.924788 0.373721
vn -0.103795 0.993527 0.046156
vn -0.071419 0.924786 0.373724
vn -0.378872 -0.924886 0.032269
vn -0.378872 -0.924886 -0.032268
vn -0.103796 -0.993527 -0.046156
vn -0.924896 -0.378849 0.032271
vn -0.998722 -0.001534 0.050513
vn -0.998722 -0.001534 -0.050513
vn -0.924896 -0.378849 -0.032270
vn -0.923935 -0.000991 0.382548
vn -0.923935 0.000991 0.382548
vn -0.998722 0.001534 0.050513
vn -0.382553 -0.000991 0.923933
vn -0.382553 0.000991 0.923933
vn -0.924896 0.378849 0.032270
vn -0.924896 0.378849 -0.032270
vn -0.998722 0.001534 -0.050513
vn -0.378868 0.924888 0.032273
vn -0.103795 0.993527 -0.046156
vn -0.378868 0.924888 -0.032273
vn -0.071421 -0.924786 -0.373725
vn 0.071422 -0.924786 -0.373725
vn -0.071427 -0.373723 -0.924786
vn -0.107431 -0.001450 -0.994212
vn 0.107432 -0.001450 -0.994211
vn 0.071426 -0.373719 -0.924788
vn -0.382553 -0.000991 -0.923933
vn -0.382553 0.000991 -0.923933
vn -0.107431 0.001450 -0.994212
vn -0.923935 -0.000991 -0.382548
vn -0.923935 0.000991 -0.382548
vn -0.071425 0.373721 -0.924787
vn 0.071427 0.373717 -0.924788
vn 0.107432 0.001450 -0.994211
vn -0.071420 0.924787 -0.373723
vn 0.071419 0.924787 -0.373722
vn 0.923919 -0.000991 -0.382588
vn 0.923918 0.000991 -0.382588
vn 0.382570 -0.000991 -0.923926
vn 0.382570 0.000991 -0.923926
vn 0.325291 -0.887907 0.325279
vn 0.887915 -0.325280 0.325270
vn 0.325284 -0.325260 0.887917
vn 0.887906 0.325293 0.325281
vn 0.325277 0.887902 0.325306
vn 0.325302 0.325267 0.887908
vn -0.887918 -0.325262 0.325279
vn -0.325283 -0.887909 0.325283
vn -0.325274 -0.325279 0.887914
vn -0.325266 0.887900 0.325324
vn -0.887919 0.325263 0.325275
vn -0.325280 0.325286 0.887909
vn -0.325295 -0.325277 -0.887906
vn -0.325281 -0.887910 -0.325281
vn -0.887918 -0.325262 -0.325279
vn -0.325268 0.887901 -0.325321
vn -0.325293 0.325287 -0.887904
vn -0.887919 0.325263 -0.325275
vn 0.887909 -0.325294 -0.325272
vn 0.325291 -0.887907 -0.325279
vn 0.325294 -0.325259 -0.887914
vn 0.325276 0.887901 -0.325312
vn 0.887909 0.325283 -0.325283
vn 0.325311 0.325264 -0.887905
vn 0.998722 -0.001534 0.050520
vn 0.924880 -0.378889 0.032269
vn 0.924879 -0.378889 -0.032269
vn 0.998722 -0.001534 -0.050520
vn 0.378888 -0.924880 0.032270
vn 0.103797 -0.993527 0.046156
vn 0.103798 -0.993527 -0.046157
vn 0.378889 -0.924879 -0.032271
vn 0.107432 -0.001450 0.994211
vn 0.382570 -0.000991 0.923926
vn 0.382570 0.000991 0.923926
vn 0.107432 0.001450 0.994211
vn 0.923919 -0.000991 0.382588
vn 0.998722 0.001534 0.050520
vn 0.923918 0.000991 0.382588
vn 0.071422 -0.924784 0.373730
vn -0.071423 -0.924785 0.373727
vn -0.103797 -0.993527 0.046157
vn 0.071423 -0.373719 0.924788
vn -0.107431 -0.001450 0.994212
vn -0.071422 -0.373715 0.924790
vn 0.103796 0.993527 0.046156
vn 0.378885 0.924881 0.032274
vn 0.378884 0.924881 -0.032273
vn 0.103796 0.993527 -0.046156
vn 0.924879 0.378889 0.032270
vn 0.998722 0.001534 -0.050520
vn 0.924879 0.378889 -0.032270
vn 0.071425 0.373718 0.924788
vn -0.071422 0.373713 0.924791
vn -0.107431 0.001450 0.994212
vn 0.071422 0.924784 0.373728
vn -0.103796 0.993527 0.046157
vn -0.071418 0.924786 0.373725
vn -0.378886 -0.924881 0.032270
vn -0.378885 -0.924881 -0.032269
vn -0.103797 -0.993527 -0.046157
vn -0.924880 -0.378889 0.032270
vn -0.998722 -0.001534 0.050513
vn -0.998722 -0.001534 -0.050513
vn -0.924879 -0.378889 -0.032270
vn -0.923935 -0.000991 0.382548
vn -0.923935 0.000991 0.382548
vn -0.998722 0.001534 0.050513
vn -0.382553 -0.000991 0.923933
vn -0.382553 0.000991 0.923933
vn -0.924879 0.378889 0.032269
vn -0.924880 0.378889 -0.032269
vn -0.998722 0.001534 -0.050513
vn -0.378881 0.924882 0.032274
vn -0.103796 0.993527 -0.046157
vn -0.378881 0.924882 -0.032275
vn -0.071421 -0.924785 -0.373726
vn 0.071425 -0.924783 -0.373732
vn -0.071428 -0.373715 -0.924789
vn -0.107431 -0.001450 -0.994212
vn 0.107432 -0.001450 -0.994211
vn 0.071426 -0.373719 -0.924788
vn -0.382553 -0.000991 -0.923933
vn -0.382553 0.000991 -0.923933
vn -0.107431 0.001450 -0.994212
vn -0.923935 -0.000991 -0.382548
vn -0.923935 0.000991 -0.382548
vn -0.071425 0.373714 -0.924790
vn 0.071427 0.373717 -0.924789
vn 0.107432 0.001450 -0.994211
vn -0.071421 0.924786 -0.373725
vn 0.071419 0.924785 -0.373728
vn 0.923919 -0.000991 -0.382588
vn 0.923918 0.000991 -0.382588
vn 0.382570 -0.000991 -0.923926
vn 0.382570 0.000991 -0.923926
vn 0.325297 -0.887902 0.325286
vn 0.887901 -0.325322 0.325265
vn 0.325284 -0.325260 0.887917
vn 0.887895 0.325325 0.325278
vn 0.325291 0.887892 0.325320
vn 0.325302 0.325267 0.887907
vn -0.887899 -0.325320 0.325272
vn -0.325276 -0.887914 0.325276
vn -0.325278 -0.325243 0.887925
vn -0.325255 0.887908 0.325314
vn -0.887899 0.325326 0.325267
vn -0.325285 0.325249 0.887920
vn -0.325299 -0.325241 -0.887918
vn -0.325271 -0.887918 -0.325271
vn -0.887898 -0.325325 -0.325271
vn -0.325261 0.887906 -0.325314
vn -0.325297 0.325250 -0.887916
vn -0.887901 0.325321 -0.325268
vn 0.887899 -0.325326 -0.325269
vn 0.325304 -0.887898 -0.325292
vn 0.325294 -0.325259 -0.887914
vn 0.325283 0.887896 -0.325318
vn 0.887895 0.325325 -0.325278
vn 0.325311 0.325264 -0.887905
vn 0.001515 0.998722 0.050520
vn 0.378912 0.924870 0.032268
vn 0.378913 0.924870 -0.032270
vn 0.001515 0.998722 -0.050520
vn 0.924866 0.378922 0.032269
vn 0.993526 0.103808 0.046158
vn 0.993526 0.103807 -0.046158
vn 0.924867 0.378919 -0.032269
vn 0.001433 0.107436 0.994211
vn 0.000979 0.382576 0.923923
vn -0.000979 0.382576 0.923923
vn -0.001433 0.107436 0.994211
vn 0.000979 0.923919 0.382586
vn -0.001515 0.998722 0.050520
vn -0.000979 0.923919 0.382587
vn 0.924780 0.071408 0.373743
vn 0.924779 -0.071403 0.373745
vn 0.993526 -0.103806 0.046158
vn 0.373728 0.071425 0.924784
vn 0.001433 -0.107435 0.994211
vn 0.373730 -0.071425 0.924783
vn -0.993527 0.103799 0.046156
vn -0.924877 0.378896 0.032271
vn -0.924877 0.378896 -0.032271
vn -0.993527 0.103799 -0.046156
vn -0.378893 0.924878 0.032267
vn -0.001515 0.998722 -0.050520
vn -0.378893 0.924878 -0.032269
vn -0.373722 0.071420 0.924787
vn -0.373723 -0.071420 0.924787
vn -0.001433 -0.107435 0.994211
vn -0.924784 0.071429 0.373728
vn -0.993527 -0.103798 0.046156
vn -0.924785 -0.071429 0.373725
vn 0.924873 -0.378904 0.032270
vn 0.924873 -0.378906 -0.032269
vn 0.993526 -0.103806 -0.046158
vn 0.378875 -0.924885 0.032273
vn 0.001515 -0.998722 0.050514
vn 0.001515 -0.998722 -0.050514
vn 0.378875 -0.924885 -0.032272
vn 0.000979 -0.923933 0.382553
vn -0.000979 -0.923933 0.382553
vn -0.001515 -0.998722 0.050514
vn 0.000979 -0.382563 0.923929
vn -0.000979 -0.382563 0.923929
vn -0.378856 -0.924893 0.032270
vn -0.378856 -0.924893 -0.032270
vn -0.001515 -0.998722 -0.050514
vn -0.924883 -0.378880 0.032268
vn -0.993527 -0.103798 -0.046156
vn -0.924883 -0.378880 -0.032269
vn 0.924782 -0.071405 -0.373737
vn 0.924784 0.071401 -0.373733
vn 0.373729 -0.071425 -0.924784
vn 0.001433 -0.107435 -0.994211
vn 0.001433 0.107436 -0.994211
vn 0.373725 0.071424 -0.924786
vn 0.000979 -0.382563 -0.923929
vn -0.000979 -0.382563 -0.923929
vn -0.001433 -0.107435 -0.994211
vn 0.000979 -0.923933 -0.382553
vn -0.000979 -0.923933 -0.382553
vn -0.373721 -0.071419 -0.924788
vn -0.373716 0.071420 -0.924789
vn -0.001433 0.107436 -0.994211
vn -0.924788 -0.071427 -0.373718
vn -0.924788 0.071429 -0.373719
vn 0.000979 0.923919 -0.382586
vn -0.000979 0.923919 -0.382587
vn 0.000979 0.382576 -0.923923
vn -0.000979 0.382576 -0.923923
vn 0.887931 0.325229 0.325276
vn 0.325265 0.887932 0.325236
vn 0.325298 0.325281 0.887904
vn -0.325283 0.887917 0.325260
vn -0.887900 0.325309 0.325280
vn -0.325307 0.325271 0.887904
vn 0.325259 -0.887922 0.325270
vn 0.887938 -0.325193 0.325293
vn 0.325305 -0.325282 0.887901
vn -0.887907 -0.325303 0.325267
vn -0.325273 -0.887914 0.325279
vn -0.325310 -0.325269 0.887904
vn 0.325304 -0.325280 -0.887902
vn 0.887933 -0.325212 -0.325289
vn 0.325257 -0.887926 -0.325263
vn -0.887908 -0.325299 -0.325270
vn -0.325301 -0.325266 -0.887908
vn -0.325276 -0.887912 -0.325282
vn 0.325272 0.887926 -0.325248
vn 0.887944 0.325199 -0.325270
vn 0.325281 0.325281 -0.887910
vn -0.887902 0.325310 -0.325274
vn -0.325284 0.887912 -0.325272
vn -0.325279 0.325273 -0.887914
vn 0.998722 -0.001534 0.050520
vn 0.924875 -0.378900 0.032269
vn 0.924874 -0.378901 -0.032269
vn 0.998722 -0.001534 -0.050520
vn 0.378893 -0.924878 0.032270
vn 0.103798 -0.993527 0.046157
vn 0.103798 -0.993527 -0.046157
vn 0.378894 -0.924878 -0.032271
vn 0.107432 -0.001450 0.994211
vn 0.382570 -0.000991 0.923926
vn 0.382570 0.000991 0.923926
vn 0.107432 0.001450 0.994211
vn 0.923919 -0.000991 0.382588
vn 0.998722 0.001534 0.050520
vn 0.923918 0.000991 0.382588
vn 0.071422 -0.924785 0.373726
vn -0.071422 -0.924785 0.373727
vn -0.103796 -0.993527 0.046156
vn 0.071423 -0.373719 0.924788
vn -0.107431 -0.001450 0.994212
vn -0.071422 -0.373724 0.924786
vn 0.103797 0.993527 0.046156
vn 0.378889 0.924879 0.032274
vn 0.378889 0.924879 -0.032274
vn 0.103796 0.993527 -0.046156
vn 0.924875 0.378901 0.032270
vn 0.998722 0.001534 -0.050520
vn 0.924875 0.378900 -0.032270
vn 0.071425 0.373718 0.924789
vn -0.071422 0.373722 0.924787
vn -0.107431 0.001450 0.994212
vn 0.071420 0.924787 0.373723
vn -0.103795 0.993527 0.046156
vn -0.071419 0.924785 0.373727
vn -0.378872 -0.924886 0.032269
vn -0.378872 -0.924887 -0.032269
vn -0.103796 -0.993527 -0.046156
vn -0.924895 -0.378851 0.032271
vn -0.998722 -0.001534 0.050513
vn -0.998722 -0.001534 -0.050513
vn -0.924895 -0.378851 -0.032270
vn -0.923935 -0.000991 0.382548
vn -0.923935 0.000991 0.382548
vn -0.998722 0.001534 0.050513
vn -0.382553 -0.000991 0.923933
vn -0.382553 0.000991 0.923933
vn -0.924895 0.378851 0.032270
vn -0.924895 0.378851 -0.032270
vn -0.998722 0.001534 -0.050513
vn -0.378867 0.924888 0.032273
vn -0.103795 0.993527 -0.046156
vn -0.378867 0.924888 -0.032273
vn -0.071422 -0.924785 -0.373727
vn 0.071423 -0.924785 -0.373727
vn -0.071427 -0.373724 -0.924786
vn -0.107431 -0.001450 -0.994212
vn 0.107432 -0.001450 -0.994211
vn 0.071426 -0.373719 -0.924788
vn -0.382553 -0.000991 -0.923933
vn -0.382553 0.000991 -0.923933
vn -0.107431 0.001450 -0.994212
vn -0.923935 -0.000991 -0.382548
vn -0.923935 0.000991 -0.382548
vn -0.071425 0.373722 -0.924787
vn 0.071427 0.373717 -0.924789
vn 0.107432 0.001450 -0.994211
vn -0.071420 0.924786 -0.373725
vn 0.071419 0.924787 -0.373724
vn 0.923919 -0.000991 -0.382588
vn 0.923918 0.000991 -0.382588
vn 0.382570 -0.000991 -0.923926
vn 0.382570 0.000991 -0.923926
vn 0.325282 -0.887914 0.325270
vn 0.887921 -0.325259 0.325273
vn 0.325284 -0.325260 0.887917
vn 0.887914 0.325267 0.325285
vn 0.325270 0.887907 0.325300
vn 0.325302 0.325267 0.887907
vn -0.887911 -0.325283 0.325276
vn -0.325276 -0.887914 0.325276
vn -0.325273 -0.325285 0.887912
vn -0.325260 0.887904 0.325319
vn -0.887912 0.325284 0.325272
vn -0.325280 0.325291 0.887907
vn -0.325294 -0.325283 -0.887905
vn -0.325276 -0.887914 -0.325276
vn -0.887911 -0.325283 -0.325276
vn -0.325261 0.887905 -0.325314
vn -0.325292 0.325292 -0.887902
vn -0.887912 0.325284 -0.325272
vn 0.887917 -0.325268 -0.325275
vn 0.325284 -0.887912 -0.325272
vn 0.325294 -0.325259 -0.887914
vn 0.325268 0.887907 -0.325303
vn 0.887916 0.325262 -0.325285
vn 0.325311 0.325264 -0.887905
vn 0.998722 -0.001534 0.050520
vn 0.924881 -0.378885 0.032269
vn 0.924881 -0.378886 -0.032269
vn 0.998722 -0.001534 -0.050520
vn 0.378887 -0.924880 0.032270
vn 0.103797 -0.993527 0.046156
vn 0.103797 -0.993527 -0.046157
vn 0.378887 -0.924880 -0.032270
vn 0.107432 -0.001450 0.994211
vn 0.382570 -0.000991 0.923926
vn 0.382570 0.000991 0.923926
vn 0.107432 0.001450 0.994211
vn 0.923919 -0.000991 0.382588
vn 0.998722 0.001534 0.050520
vn 0.923918 0.000991 0.382588
vn 0.071421 -0.924786 0.373724
vn -0.071420 -0.924786 0.373724
vn -0.103797 -0.993527 0.046157
vn 0.071423 -0.373719 0.924788
vn -0.107431 -0.001450 0.994212
vn -0.071422 -0.373722 0.924787
vn 0.103796 0.993527 0.046156
vn 0.378883 0.924882 0.032273
vn 0.378883 0.924882 -0.032273
vn 0.103796 0.993527 -0.046156
vn 0.924881 0.378886 0.032270
vn 0.998722 0.001534 -0.050520
vn 0.924881 0.378885 -0.032270
vn 0.071425 0.373718 0.924788
vn -0.071422 0.373720 0.924788
vn -0.107431 0.001450 0.994212
vn 0.071420 0.924788 0.373721
vn -0.103796 0.993527 0.046157
vn -0.071420 0.924786 0.373724
vn -0.378886 -0.924881 0.032269
vn -0.378887 -0.924880 -0.032270
vn -0.103797 -0.993527 -0.046157
vn -0.924880 -0.378887 0.032270
vn -0.998722 -0.001534 0.050513
vn -0.998722 -0.001534 -0.050513
vn -0.924879 -0.378889 -0.032270
vn -0.923935 -0.000991 0.382548
vn -0.923935 0.000991 0.382548
vn -0.998722 0.001534 0.050513
vn -0.382553 -0.000991 0.923933
vn -0.382553 0.000991 0.923933
vn -0.924879 0.378889 0.032269
vn -0.924880 0.378887 -0.032269
vn -0.998722 0.001534 -0.050513
vn -0.378882 0.924882 0.032275
vn -0.103796 0.993527 -0.046156
vn -0.378882 0.924882 -0.032274
vn -0.071423 -0.924786 -0.373725
vn 0.071423 -0.924786 -0.373725
vn -0.071427 -0.373722 -0.924787
vn -0.107431 -0.001450 -0.994212
vn 0.107432 -0.001450 -0.994211
vn 0.071425 -0.373719 -0.924788
vn -0.382553 -0.000991 -0.923933
vn -0.382553 0.000991 -0.923933
vn -0.107431 0.001450 -0.994212
vn -0.923935 -0.000991 -0.382548
vn -0.923935 0.000991 -0.382548
vn -0.071425 0.373720 -0.924787
vn 0.071427 0.373717 -0.924788
vn 0.107432 0.001450 -0.994211
vn -0.071418 0.924787 -0.373722
vn 0.071419 0.924788 -0.373721
vn 0.923919 -0.000991 -0.382588
vn 0.923918 0.000991 -0.382588
vn 0.382570 -0.000991 -0.923926
vn 0.382570 0.000991 -0.923926
vn 0.325287 -0.887910 0.325276
vn 0.887915 -0.325280 0.325270
vn 0.325284 -0.325260 0.887917
vn 0.887906 0.325293 0.325281
vn 0.325277 0.887902 0.325306
vn 0.325302 0.325267 0.887908
vn -0.887904 -0.325304 0.325274
vn -0.325276 -0.887914 0.325276
vn -0.325274 -0.325274 0.887915
vn -0.325267 0.887899 0.325326
vn -0.887899 0.325326 0.325267
vn -0.325281 0.325281 0.887910
vn -0.325296 -0.325272 -0.887908
vn -0.325283 -0.887909 -0.325283
vn -0.887898 -0.325325 -0.325271
vn -0.325261 0.887905 -0.325314
vn -0.325293 0.325281 -0.887906
vn -0.887906 0.325305 -0.325270
vn 0.887909 -0.325294 -0.325272
vn 0.325291 -0.887907 -0.325279
vn 0.325294 -0.325259 -0.887914
vn 0.325273 0.887903 -0.325308
vn 0.887909 0.325283 -0.325283
vn 0.325311 0.325264 -0.887905
vn 0.001515 0.998722 0.050520
vn 0.378907 0.924872 0.032270
vn 0.378907 0.924872 -0.032270
vn 0.001515 0.998722 -0.050520
vn 0.924871 0.378910 0.032270
vn 0.993526 0.103804 0.046158
vn 0.993526 0.103803 -0.046158
vn 0.924872 0.378908 -0.032269
vn 0.001433 0.107436 0.994211
vn 0.000979 0.382580 0.923922
vn -0.000979 0.382580 0.923922
vn -0.001433 0.107436 0.994211
vn 0.000979 0.923917 0.382591
vn -0.001515 0.998722 0.050520
vn -0.000979 0.923917 0.382591
vn 0.924778 0.071421 0.373743
vn 0.924779 -0.071418 0.373743
vn 0.993526 -0.103802 0.046158
vn 0.373729 0.071424 0.924784
vn 0.001433 -0.107435 0.994211
vn 0.373729 -0.071424 0.924784
vn -0.993527 0.103798 0.046159
vn -0.924877 0.378894 0.032273
vn -0.924877 0.378894 -0.032273
vn -0.993527 0.103798 -0.046159
vn -0.378902 0.924874 0.032269
vn -0.001515 0.998722 -0.050520
vn -0.378901 0.924874 -0.032268
vn -0.373732 0.071423 0.924783
vn -0.373732 -0.071423 0.924783
vn -0.001433 -0.107435 0.994211
vn -0.924776 0.071424 0.373748
vn -0.993527 -0.103797 0.046159
vn -0.924776 -0.071425 0.373748
vn 0.924878 -0.378893 0.032269
vn 0.924877 -0.378894 -0.032268
vn 0.993526 -0.103802 -0.046158
vn 0.378869 -0.924887 0.032271
vn 0.001515 -0.998722 0.050514
vn 0.001515 -0.998722 -0.050514
vn 0.378870 -0.924887 -0.032271
vn 0.000979 -0.923935 0.382549
vn -0.000979 -0.923935 0.382549
vn -0.001515 -0.998722 0.050514
vn 0.000979 -0.382563 0.923929
vn -0.000979 -0.382563 0.923929
vn -0.378864 -0.924890 0.032269
vn -0.378865 -0.924889 -0.032269
vn -0.001515 -0.998722 -0.050514
vn -0.924884 -0.378878 0.032272
vn -0.993527 -0.103797 -0.046159
vn -0.924884 -0.378877 -0.032272
vn 0.924782 -0.071418 -0.373735
vn 0.924783 0.071416 -0.373733
vn 0.373729 -0.071423 -0.924784
vn 0.001433 -0.107435 -0.994211
vn 0.001433 0.107436 -0.994211
vn 0.373726 0.071424 -0.924785
vn 0.000979 -0.382563 -0.923929
vn -0.000979 -0.382563 -0.923929
vn -0.001433 -0.107435 -0.994211
vn 0.000979 -0.923935 -0.382549
vn -0.000979 -0.923935 -0.382549
vn -0.373731 -0.071423 -0.924783
vn -0.373727 0.071424 -0.924785
vn -0.001433 0.107436 -0.994211
vn -0.924779 -0.071422 -0.373741
vn -0.924780 0.071425 -0.373739
vn 0.000979 0.923917 -0.382591
vn -0.000979 0.923917 -0.382591
vn 0.000979 0.382580 -0.923922
vn -0.000979 0.382580 -0.923922
vn 0.887913 0.325281 0.325275
vn 0.325277 0.887918 0.325264
vn 0.325302 0.325279 0.887903
vn -0.325295 0.887907 0.325277
vn -0.887902 0.325287 0.325297
vn -0.325314 0.325290 0.887895
vn 0.325268 -0.887920 0.325268
vn 0.887920 -0.325257 0.325279
vn 0.325302 -0.325272 0.887906
vn -0.887903 -0.325283 0.325300
vn -0.325281 -0.887913 0.325275
vn -0.325314 -0.325285 0.887897
vn 0.325301 -0.325272 -0.887906
vn 0.887918 -0.325266 -0.325276
vn 0.325272 -0.887919 -0.325265
vn -0.887905 -0.325275 -0.325302
vn -0.325308 -0.325285 -0.887899
vn -0.325289 -0.887908 -0.325278
vn 0.325279 0.887916 -0.325267
vn 0.887922 0.325262 -0.325268
vn 0.325286 0.325280 -0.887909
vn -0.887903 0.325292 -0.325291
vn -0.325291 0.887909 -0.325275
vn -0.325288 0.325293 -0.887903
vn 0.001515 0.998722 0.050521
vn 0.378907 0.924872 0.032269
vn 0.378907 0.924872 -0.032269
vn 0.001515 0.998722 -0.050521
vn 0.924871 0.378910 0.032270
vn 0.993526 0.103804 0.046158
vn 0.993526 0.103803 -0.046158
vn 0.924872 0.378908 -0.032269
vn 0.001433 0.107436 0.994211
vn 0.000979 0.382580 0.923922
vn -0.000979 0.382580 0.923922
vn -0.001433 0.107436 0.994211
vn 0.000979 0.923916 0.382595
vn -0.001515 0.998722 0.050521
vn -0.000979 0.923916 0.382595
vn 0.924778 0.071421 0.373743
vn 0.924779 -0.071418 0.373744
vn 0.993526 -0.103802 0.046158
vn 0.373729 0.071424 0.924784
vn 0.001433 -0.107435 0.994211
vn 0.373728 -0.071423 0.924784
vn -0.993527 0.103798 0.046159
vn -0.924877 0.378894 0.032273
vn -0.924877 0.378894 -0.032273
vn -0.993527 0.103798 -0.046159
vn -0.378902 0.924874 0.032268
vn -0.001515 0.998722 -0.050521
vn -0.378901 0.924874 -0.032267
vn -0.373732 0.071423 0.924783
vn -0.373732 -0.071423 0.924783
vn -0.001433 -0.107435 0.994211
vn -0.924776 0.071424 0.373748
vn -0.993527 -0.103797 0.046159
vn -0.924776 -0.071425 0.373748
vn 0.924878 -0.378893 0.032269
vn 0.924878 -0.378894 -0.032268
vn 0.993526 -0.103802 -0.046158
vn 0.378869 -0.924888 0.032270
vn 0.001515 -0.998722 0.050514
vn 0.001515 -0.998722 -0.050514
vn 0.378870 -0.924887 -0.032270
vn 0.000979 -0.923933 0.382553
vn -0.000979 -0.923933 0.382553
vn -0.001515 -0.998722 0.050514
vn 0.000979 -0.382563 0.923929
vn -0.000979 -0.382563 0.923929
vn -0.378864 -0.924890 0.032268
vn -0.378865 -0.924889 -0.032269
vn -0.001515 -0.998722 -0.050514
vn -0.924884 -0.378878 0.032272
vn -0.993527 -0.103797 -0.046159
vn -0.924884 -0.378877 -0.032272
vn 0.924782 -0.071418 -0.373735
vn 0.924783 0.071416 -0.373733
vn 0.373729 -0.071424 -0.924784
vn 0.001433 -0.107435 -0.994211
vn 0.001433 0.107436 -0.994211
vn 0.373726 0.071424 -0.924785
vn 0.000979 -0.382563 -0.923929
vn -0.000979 -0.382563 -0.923929
vn -0.001433 -0.107435 -0.994211
vn 0.000979 -0.923933 -0.382553
vn -0.000979 -0.923933 -0.382553
vn -0.373730 -0.071422 -0.924783
vn -0.373727 0.071424 -0.924785
vn -0.001433 0.107436 -0.994211
vn -0.924779 -0.071422 -0.373741
vn -0.924780 0.071425 -0.373739
vn 0.000979 0.923916 -0.382595
vn -0.000979 0.923916 -0.382595
vn 0.000979 0.382580 -0.923922
vn -0.000979 0.382580 -0.923922
vn 0.887913 0.325281 0.325275
vn 0.325278 0.887920 0.325258
vn 0.325302 0.325279 0.887903
vn -0.325295 0.887908 0.325272
vn -0.887903 0.325287 0.325296
vn -0.325314 0.325290 0.887895
vn 0.325270 -0.887923 0.325258
vn 0.887919 -0.325257 0.325280
vn 0.325300 -0.325271 0.887907
vn -0.887903 -0.325284 0.325298
vn -0.325281 -0.887914 0.325270
vn -0.325312 -0.325283 0.887898
vn 0.325301 -0.325272 -0.887906
vn 0.887917 -0.325265 -0.325277
vn 0.325273 -0.887922 -0.325258
vn -0.887905 -0.325275 -0.325301
vn -0.325306 -0.325283 -0.887900
vn -0.325290 -0.887910 -0.325272
vn 0.325280 0.887919 -0.325257
vn 0.887922 0.325262 -0.325268
vn 0.325288 0.325282 -0.887908
vn -0.887903 0.325292 -0.325289
vn -0.325292 0.887912 -0.325266
vn -0.325288 0.325293 -0.887903
vn 0.001515 0.998722 0.050520
vn 0.378907 0.924872 0.032270
vn 0.378907 0.924872 -0.032270
vn 0.001515 0.998722 -0.050520
vn 0.924871 0.378910 0.032270
vn 0.993526 0.103804 0.046158
vn 0.993526 0.103803 -0.046158
vn 0.924872 0.378908 -0.032269
vn 0.001433 0.107436 0.994211
vn 0.000979 0.382583 0.923921
vn -0.000979 0.382583 0.923921
vn -0.001433 0.107436 0.994211
vn 0.000979 0.923919 0.382586
vn -0.001515 0.998722 0.050520
vn -0.000979 0.923919 0.382587
vn 0.924778 0.071421 0.373743
vn 0.924779 -0.071418 0.373743
vn 0.993526 -0.103802 0.046158
vn 0.373730 0.071424 0.924783
vn 0.001433 -0.107435 0.994211
vn 0.373729 -0.071424 0.924784
vn -0.993527 0.103798 0.046159
vn -0.924877 0.378894 0.032273
vn -0.924877 0.378894 -0.032273
vn -0.993527 0.103798 -0.046159
vn -0.378902 0.924874 0.032268
vn -0.001515 0.998722 -0.050520
vn -0.378901 0.924874 -0.032268
vn -0.373733 0.071423 0.924782
vn -0.373733 -0.071423 0.924783
vn -0.001433 -0.107435 0.994211
vn -0.924776 0.071424 0.373748
vn -0.993527 -0.103797 0.046159
vn -0.924776 -0.071425 0.373748
vn 0.924878 -0.378893 0.032269
vn 0.924878 -0.378894 -0.032268
vn 0.993526 -0.103802 -0.046158
vn 0.378869 -0.924887 0.032271
vn 0.001515 -0.998722 0.050514
vn 0.001515 -0.998722 -0.050514
vn 0.378870 -0.924887 -0.032271
vn 0.000979 -0.923933 0.382553
vn -0.000979 -0.923933 0.382553
vn -0.001515 -0.998722 0.050514
vn 0.000979 -0.382563 0.923929
vn -0.000979 -0.382563 0.923929
vn -0.378864 -0.924890 0.032269
vn -0.378865 -0.924889 -0.032270
vn -0.001515 -0.998722 -0.050514
vn -0.924884 -0.378878 0.032272
vn -0.993527 -0.103797 -0.046159
vn -0.924884 -0.378877 -0.032272
vn 0.924782 -0.071418 -0.373735
vn 0.924783 0.071416 -0.373733
vn 0.373729 -0.071423 -0.924784
vn 0.001433 -0.107435 -0.994211
vn 0.001433 0.107436 -0.994211
vn 0.373727 0.071424 -0.924785
vn 0.000979 -0.382563 -0.923929
vn -0.000979 -0.382563 -0.923929
vn -0.001433 -0.107435 -0.994211
vn 0.000979 -0.923933 -0.382553
vn -0.000979 -0.923933 -0.382553
vn -0.373732 -0.071423 -0.924783
vn -0.373728 0.071424 -0.924784
vn -0.001433 0.107436 -0.994211
vn -0.924779 -0.071422 -0.373741
vn -0.924780 0.071425 -0.373739
vn 0.000979 0.923919 -0.382586
vn -0.000979 0.923919 -0.382587
vn 0.000979 0.382583 -0.923921
vn -0.000979 0.382583 -0.923921
vn 0.887913 0.325281 0.325275
vn 0.325277 0.887918 0.325263
vn 0.325302 0.325279 0.887903
vn -0.325295 0.887908 0.325272
vn -0.887902 0.325287 0.325298
vn -0.325313 0.325290 0.887895
vn 0.325268 -0.887919 0.325268
vn 0.887920 -0.325257 0.325277
vn 0.325298 -0.325269 0.887908
vn -0.887903 -0.325284 0.325298
vn -0.325280 -0.887910 0.325283
vn -0.325312 -0.325283 0.887898
vn 0.325297 -0.325268 -0.887909
vn 0.887918 -0.325266 -0.325274
vn 0.325272 -0.887919 -0.325266
vn -0.887905 -0.325275 -0.325301
vn -0.325307 -0.325284 -0.887900
vn -0.325289 -0.887907 -0.325283
vn 0.325279 0.887916 -0.325267
vn 0.887922 0.325262 -0.325268
vn 0.325286 0.325280 -0.887909
vn -0.887902 0.325292 -0.325292
vn -0.325292 0.887910 -0.325271
vn -0.325288 0.325293 -0.887903
vn 0.001515 0.998722 0.050520
vn 0.378907 0.924872 0.032268
vn 0.378907 0.924872 -0.032269
vn 0.001515 0.998722 -0.050520
vn 0.924871 0.378910 0.032270
vn 0.993526 0.103804 0.046158
vn 0.993526 0.103803 -0.046158
vn 0.924872 0.378908 -0.032270
vn 0.001433 0.107436 0.994211
vn 0.000979 0.382583 0.923921
vn -0.000979 0.382583 0.923921
vn -0.001433 0.107436 0.994211
vn 0.000979 0.923919 0.382586
vn -0.001515 0.998722 0.050520
vn -0.000979 0.923919 0.382587
vn 0.924778 0.071420 0.373744
vn 0.924778 -0.071418 0.373745
vn 0.993526 -0.103802 0.046158
vn 0.373730 0.071425 0.924783
vn 0.001433 -0.107435 0.994211
vn 0.373729 -0.071423 0.924784
vn -0.993527 0.103798 0.046159
vn -0.924877 0.378894 0.032273
vn -0.924877 0.378894 -0.032273
vn -0.993527 0.103798 -0.046159
vn -0.378902 0.924874 0.032268
vn -0.001515 0.998722 -0.050520
vn -0.378901 0.924874 -0.032267
vn -0.373734 0.071423 0.924782
vn -0.373731 -0.071423 0.924783
vn -0.001433 -0.107435 0.994211
vn -0.924776 0.071424 0.373749
vn -0.993527 -0.103797 0.046159
vn -0.924776 -0.071425 0.373749
vn 0.924878 -0.378893 0.032270
vn 0.924877 -0.378894 -0.032269
vn 0.993526 -0.103802 -0.046158
vn 0.378869 -0.924887 0.032270
vn 0.001515 -0.998722 0.050514
vn 0.001515 -0.998722 -0.050514
vn 0.378870 -0.924887 -0.032270
vn 0.000979 -0.923933 0.382553
vn -0.000979 -0.923933 0.382553
vn -0.001515 -0.998722 0.050514
vn 0.000979 -0.382563 0.923929
vn -0.000979 -0.382563 0.923929
vn -0.378864 -0.924890 0.032268
vn -0.378865 -0.924889 -0.032269
vn -0.001515 -0.998722 -0.050514
vn -0.924884 -0.378878 0.032272
vn -0.993527 -0.103797 -0.046159
vn -0.924884 -0.378877 -0.032273
vn 0.924781 -0.071418 -0.373737
vn 0.924782 0.071416 -0.373735
vn 0.373729 -0.071424 -0.924784
vn 0.001433 -0.107435 -0.994211
vn 0.001433 0.107436 -0.994211
vn 0.373726 0.071423 -0.924785
vn 0.000979 -0.382563 -0.923929
vn -0.000979 -0.382563 -0.923929
vn -0.001433 -0.107435 -0.994211
vn 0.000979 -0.923933 -0.382553
vn -0.000979 -0.923933 -0.382553
vn -0.373730 -0.071423 -0.924784
vn -0.373728 0.071424 -0.924784
vn -0.001433 0.107436 -0.994211
vn -0.924779 -0.071422 -0.373742
vn -0.924780 0.071425 -0.373740
vn 0.000979 0.923919 -0.382586
vn -0.000979 0.923919 -0.382587
vn 0.000979 0.382583 -0.923921
vn -0.000979 0.382583 -0.923921
vn 0.887911 0.325280 0.325280
vn 0.325279 0.887923 0.325247
vn 0.325306 0.325282 0.887901
vn -0.325295 0.887908 0.325272
vn -0.887901 0.325286 0.325301
vn -0.325318 0.325295 0.887892
vn 0.325270 -0.887923 0.325258
vn 0.887918 -0.325256 0.325285
vn 0.325301 -0.325272 0.887906
vn -0.887901 -0.325283 0.325303
vn -0.325282 -0.887915 0.325267
vn -0.325309 -0.325280 0.887901
vn 0.325304 -0.325275 -0.887904
vn 0.887916 -0.325265 -0.325282
vn 0.325273 -0.887921 -0.325261
vn -0.887903 -0.325274 -0.325306
vn -0.325305 -0.325282 -0.887901
vn -0.325290 -0.887910 -0.325272
vn 0.325280 0.887919 -0.325257
vn 0.887920 0.325261 -0.325273
vn 0.325288 0.325282 -0.887908
vn -0.887901 0.325292 -0.325295
vn -0.325292 0.887911 -0.325268
vn -0.325291 0.325297 -0.887901
vn 0.001515 0.998722 0.050522
vn 0.378907 0.924872 0.032269
vn 0.378907 0.924872 -0.032269
vn 0.001515 0.998722 -0.050522
vn 0.924871 0.378910 0.032268
vn 0.993526 0.103804 0.046158
vn 0.993526 0.103803 -0.046158
vn 0.924872 0.378908 -0.032268
vn 0.001433 0.107436 0.994211
vn 0.000979 0.382583 0.923921
vn -0.000979 0.382583 0.923921
vn -0.001433 0.107436 0.994211
vn 0.000979 0.923912 0.382603
vn -0.001515 0.998722 0.050522
vn -0.000979 0.923912 0.382603
vn 0.924779 0.071421 0.373741
vn 0.924778 -0.071418 0.373745
vn 0.993526 -0.103802 0.046158
vn 0.373730 0.071424 0.924783
vn 0.001433 -0.107435 0.994211
vn 0.373728 -0.071423 0.924784
vn -0.993527 0.103798 0.046159
vn -0.924877 0.378894 0.032273
vn -0.924877 0.378894 -0.032272
vn -0.993527 0.103798 -0.046159
vn -0.378902 0.924874 0.032266
vn -0.001515 0.998722 -0.050522
vn -0.378901 0.924874 -0.032266
vn -0.373733 0.071423 0.924782
vn -0.373733 -0.071423 0.924783
vn -0.001433 -0.107435 0.994211
vn -0.924777 0.071424 0.373747
vn -0.993527 -0.103797 0.046159
vn -0.924776 -0.071425 0.373750
vn 0.924878 -0.378893 0.032269
vn 0.924877 -0.378894 -0.032269
vn 0.993526 -0.103802 -0.046158
vn 0.378869 -0.924888 0.032270
vn 0.001515 -0.998722 0.050514
vn 0.001515 -0.998722 -0.050514
vn 0.378870 -0.924887 -0.032269
vn 0.000979 -0.923933 0.382553
vn -0.000979 -0.923933 0.382553
vn -0.001515 -0.998722 0.050514
vn 0.000979 -0.382563 0.923929
vn -0.000979 -0.382563 0.923929
vn -0.378864 -0.924890 0.032268
vn -0.378865 -0.924889 -0.032269
vn -0.001515 -0.998722 -0.050514
vn -0.924884 -0.378878 0.032273
vn -0.993527 -0.103797 -0.046159
vn -0.924884 -0.378877 -0.032273
vn 0.924781 -0.071418 -0.373737
vn 0.924784 0.071416 -0.373731
vn 0.373728 -0.071423 -0.924784
vn 0.001433 -0.107435 -0.994211
vn 0.001433 0.107436 -0.994211
vn 0.373727 0.071424 -0.924785
vn 0.000979 -0.382563 -0.923929
vn -0.000979 -0.382563 -0.923929
vn -0.001433 -0.107435 -0.994211
vn 0.000979 -0.923933 -0.382553
vn -0.000979 -0.923933 -0.382553
vn -0.373731 -0.071422 -0.924783
vn -0.373728 0.071424 -0.924784
vn -0.001433 0.107436 -0.994211
vn -0.924779 -0.071422 -0.373742
vn -0.924780 0.071425 -0.373738
vn 0.000979 0.923912 -0.382603
vn -0.000979 0.923912 -0.382603
vn 0.000979 0.382583 -0.923921
vn -0.000979 0.382583 -0.923921
vn 0.887916 0.325282 0.325264
vn 0.325278 0.887919 0.325260
vn 0.325306 0.325282 0.887901
vn -0.325298 0.887915 0.325251
vn -0.887904 0.325287 0.325293
vn -0.325316 0.325292 0.887894
vn 0.325270 -0.887923 0.325258
vn 0.887918 -0.325256 0.325285
vn 0.325298 -0.325268 0.887909
vn -0.887900 -0.325283 0.325306
vn -0.325281 -0.887913 0.325275
vn -0.325316 -0.325286 0.887896
vn 0.325298 -0.325268 -0.887909
vn 0.887916 -0.325265 -0.325282
vn 0.325274 -0.887924 -0.325250
vn -0.887903 -0.325274 -0.325309
vn -0.325309 -0.325285 -0.887899
vn -0.325290 -0.887910 -0.325272
vn 0.325280 0.887919 -0.325257
vn 0.887926 0.325263 -0.325257
vn 0.325290 0.325284 -0.887906
vn -0.887904 0.325293 -0.325287
vn -0.325293 0.887914 -0.325258
vn -0.325291 0.325297 -0.887901
vn 0.998722 -0.001534 0.050520
vn 0.924883 -0.378881 0.032266
vn 0.924883 -0.378880 -0.032266
vn 0.998722 -0.001534 -0.050520
vn 0.378885 -0.924881 0.032272
vn 0.103798 -0.993527 0.046157
vn 0.103798 -0.993527 -0.046157
vn 0.378884 -0.924881 -0.032270
vn 0.107432 -0.001450 0.994211
vn 0.382570 -0.000991 0.923926
vn 0.382570 0.000991 0.923926
vn 0.107432 0.001450 0.994211
vn 0.923918 -0.000991 0.382588
vn 0.998722 0.001534 0.050520
vn 0.923919 0.000991 0.382588
vn 0.071423 -0.924786 0.373723
vn -0.071423 -0.924785 0.373727
vn -0.103799 -0.993527 0.046157
vn 0.071423 -0.373719 0.924788
vn -0.107432 -0.001450 0.994211
vn -0.071423 -0.373719 0.924788
vn 0.103797 0.993527 0.046156
vn 0.378880 0.924883 0.032273
vn 0.378880 0.924883 -0.032275
vn 0.103797 0.993527 -0.046157
vn 0.924883 0.378880 0.032267
vn 0.998722 0.001534 -0.050520
vn 0.924883 0.378881 -0.032267
vn 0.071425 0.373718 0.924788
vn -0.071422 0.373717 0.924789
vn -0.107432 0.001450 0.994211
vn 0.071418 0.924789 0.373718
vn -0.103797 0.993527 0.046157
vn -0.071420 0.924786 0.373725
vn -0.378887 -0.924880 0.032269
vn -0.378887 -0.924880 -0.032268
vn -0.103798 -0.993527 -0.046157
vn -0.924867 -0.378920 0.032272
vn -0.998722 -0.001534 0.050520
vn -0.998722 -0.001534 -0.050520
vn -0.924867 -0.378919 -0.032272
vn -0.923918 -0.000991 0.382588
vn -0.923918 0.000991 0.382588
vn -0.998722 0.001534 0.050520
vn -0.382570 -0.000991 0.923926
vn -0.382570 0.000991 0.923926
vn -0.924867 0.378919 0.032273
vn -0.924867 0.378920 -0.032272
vn -0.998722 0.001534 -0.050520
vn -0.378883 0.924882 0.032272
vn -0.103797 0.993527 -0.046156
vn -0.378883 0.924882 -0.032272
vn -0.071422 -0.924785 -0.373727
vn 0.071421 -0.924787 -0.373721
vn -0.071428 -0.373719 -0.924788
vn -0.107432 -0.001450 -0.994211
vn 0.107432 -0.001450 -0.994211
vn 0.071425 -0.373719 -0.924788
vn -0.382570 -0.000991 -0.923926
vn -0.382570 0.000991 -0.923926
vn -0.107432 0.001450 -0.994211
vn -0.923918 -0.000991 -0.382588
vn -0.923918 0.000991 -0.382588
vn -0.071426 0.373717 -0.924789
vn 0.071427 0.373718 -0.924788
vn 0.107432 0.001450 -0.994211
vn -0.071421 0.924786 -0.373725
vn 0.071420 0.924788 -0.373720
vn 0.923919 -0.000991 -0.382588
vn 0.923919 0.000991 -0.382588
vn 0.382570 -0.000991 -0.923926
vn 0.382570 0.000991 -0.923926
vn 0.325270 -0.887922 0.325259
vn 0.887936 -0.325241 0.325250
vn 0.325274 -0.325262 0.887920
vn 0.887933 0.325233 0.325268
vn 0.325250 0.887922 0.325279
vn 0.325294 0.325271 0.887909
vn -0.887902 -0.325286 0.325299
vn -0.325291 -0.887909 0.325274
vn -0.325292 -0.325256 0.887915
vn -0.325275 0.887902 0.325310
vn -0.887902 0.325280 0.325304
vn -0.325298 0.325263 0.887911
vn -0.325313 -0.325254 -0.887908
vn -0.325290 -0.887910 -0.325272
vn -0.887904 -0.325281 -0.325300
vn -0.325277 0.887902 -0.325306
vn -0.325310 0.325264 -0.887906
vn -0.887901 0.325285 -0.325303
vn 0.887937 -0.325234 -0.325255
vn 0.325264 -0.887928 -0.325251
vn 0.325284 -0.325261 -0.887916
vn 0.325256 0.887916 -0.325291
vn 0.887929 0.325243 -0.325267
vn 0.325303 0.325268 -0.887907
vn 0.998722 -0.001534 0.050520
vn 0.924881 -0.378885 0.032269
vn 0.924881 -0.378886 -0.032269
vn 0.998722 -0.001534 -0.050520
vn 0.378887 -0.924880 0.032270
vn 0.103797 -0.993527 0.046156
vn 0.103797 -0.993527 -0.046156
vn 0.378887 -0.924880 -0.032270
vn 0.107432 -0.001450 0.994211
vn 0.382570 -0.000991 0.923926
vn 0.382570 0.000991 0.923926
vn 0.107432 0.001450 0.994211
vn 0.923919 -0.000991 0.382588
vn 0.998722 0.001534 0.050520
vn 0.923918 0.000991 0.382588
vn 0.071422 -0.924786 0.373725
vn -0.071422 -0.924786 0.373725
vn -0.103796 -0.993527 0.046156
vn 0.071423 -0.373722 0.924787
vn -0.107431 -0.001450 0.994212
vn -0.071422 -0.373724 0.924786
vn 0.103796 0.993527 0.046156
vn 0.378883 0.924882 0.032273
vn 0.378883 0.924882 -0.032273
vn 0.103796 0.993527 -0.046156
vn 0.924881 0.378886 0.032270
vn 0.998722 0.001534 -0.050520
vn 0.924881 0.378885 -0.032270
vn 0.071425 0.373720 0.924788
vn -0.071421 0.373722 0.924787
vn -0.107431 0.001450 0.994212
vn 0.071420 0.924788 0.373721
vn -0.103795 0.993527 0.046156
vn -0.071419 0.924786 0.373724
vn -0.378872 -0.924886 0.032269
vn -0.378872 -0.924886 -0.032268
vn -0.103796 -0.993527 -0.046156
vn -0.924896 -0.378848 0.032271
vn -0.998722 -0.001534 0.050513
vn -0.998722 -0.001534 -0.050513
vn -0.924896 -0.378849 -0.032270
vn -0.923935 -0.000991 0.382548
vn -0.923935 0.000991 0.382548
vn -0.998722 0.001534 0.050513
vn -0.382553 -0.000991 0.923933
vn -0.382553 0.000991 0.923933
vn -0.924896 0.378849 0.032270
vn -0.924896 0.378848 -0.032270
vn -0.998722 0.001534 -0.050513
vn -0.378868 0.924888 0.032273
vn -0.103795 0.993527 -0.046156
vn -0.378868 0.924888 -0.032273
vn -0.071421 -0.924786 -0.373725
vn 0.071422 -0.924786 -0.373725
vn -0.071427 -0.373724 -0.924786
vn -0.107431 -0.001450 -0.994212
vn 0.107432 -0.001450 -0.994211
vn 0.071425 -0.373722 -0.924787
vn -0.382553 -0.000991 -0.923933
vn -0.382553 0.000991 -0.923933
vn -0.107431 0.001450 -0.994212
vn -0.923935 -0.000991 -0.382548
vn -0.923935 0.000991 -0.382548
vn -0.071425 0.373723 -0.924786
vn 0.071427 0.373720 -0.924788
vn 0.107432 0.001450 -0.994211
vn -0.071420 0.924787 -0.373723
vn 0.071419 0.924787 -0.373722
vn 0.923919 -0.000991 -0.382588
vn 0.923918 0.000991 -0.382588
vn 0.382570 -0.000991 -0.923926
vn 0.382570 0.000991 -0.923926
vn 0.325291 -0.887907 0.325279
vn 0.887915 -0.325280 0.325270
vn 0.325284 -0.325260 0.887917
vn 0.887906 0.325293 0.325281
vn 0.325277 0.887902 0.325306
vn 0.325302 0.325267 0.887908
vn -0.887920 -0.325257 0.325279
vn -0.325283 -0.887909 0.325283
vn -0.325274 -0.325274 0.887915
vn -0.325266 0.887900 0.325324
vn -0.887919 0.325263 0.325275
vn -0.325281 0.325281 0.887910
vn -0.325296 -0.325272 -0.887908
vn -0.325281 -0.887910 -0.325281
vn -0.887918 -0.325262 -0.325279
vn -0.325268 0.887901 -0.325321
vn -0.325293 0.325281 -0.887906
vn -0.887921 0.325258 -0.325275
vn 0.887909 -0.325294 -0.325272
vn 0.325291 -0.887907 -0.325279
vn 0.325294 -0.325259 -0.887914
vn 0.325276 0.887901 -0.325312
vn 0.887909 0.325283 -0.325283
vn 0.325311 0.325264 -0.887905
vn 0.998722 -0.001534 0.050520
vn 0.924874 -0.378902 0.032269
vn 0.924874 -0.378902 -0.032269
vn 0.998722 -0.001534 -0.050520
vn 0.378885 -0.924881 0.032270
vn 0.103798 -0.993527 0.046157
vn 0.103798 -0.993527 -0.046157
vn 0.378885 -0.924881 -0.032270
vn 0.107432 -0.001450 0.994211
vn 0.382570 -0.000991 0.923926
vn 0.382570 0.000991 0.923926
vn 0.107432 0.001450 0.994211
vn 0.923919 -0.000991 0.382588
vn 0.998722 0.001534 0.050520
vn 0.923918 0.000991 0.382588
vn 0.071423 -0.924786 0.373724
vn -0.071422 -0.924785 0.373727
vn -0.103797 -0.993527 0.046157
vn 0.071423 -0.373722 0.924787
vn -0.107431 -0.001450 0.994212
vn -0.071422 -0.373721 0.924787
vn 0.103796 0.993527 0.046156
vn 0.378881 0.924883 0.032273
vn 0.378881 0.924883 -0.032274
vn 0.103796 0.993527 -0.046156
vn 0.924874 0.378902 0.032270
vn 0.998722 0.001534 -0.050520
vn 0.924874 0.378902 -0.032270
vn 0.071425 0.373720 0.924788
vn -0.071422 0.373719 0.924788
vn -0.107431 0.001450 0.994212
vn 0.071419 0.924788 0.373719
vn -0.103795 0.993527 0.046156
vn -0.071420 0.924785 0.373727
vn -0.378872 -0.924887 0.032269
vn -0.378872 -0.924886 -0.032269
vn -0.103797 -0.993527 -0.046157
vn -0.924896 -0.378848 0.032271
vn -0.998722 -0.001534 0.050513
vn -0.998722 -0.001533 -0.050513
vn -0.924897 -0.378847 -0.032270
vn -0.923935 -0.000991 0.382548
vn -0.923935 0.000991 0.382548
vn -0.998722 0.001533 0.050513
vn -0.382553 -0.000991 0.923933
vn -0.382553 0.000991 0.923933
vn -0.924897 0.378847 0.032270
vn -0.924896 0.378848 -0.032270
vn -0.998722 0.001534 -0.050513
vn -0.378868 0.924888 0.032274
vn -0.103795 0.993527 -0.046156
vn -0.378867 0.924888 -0.032273
vn -0.071422 -0.924785 -0.373728
vn 0.071421 -0.924787 -0.373723
vn -0.071428 -0.373721 -0.924787
vn -0.107431 -0.001450 -0.994212
vn 0.107432 -0.001450 -0.994211
vn 0.071426 -0.373721 -0.924787
vn -0.382553 -0.000991 -0.923933
vn -0.382553 0.000991 -0.923933
vn -0.107431 0.001450 -0.994212
vn -0.923935 -0.000991 -0.382548
vn -0.923935 0.000991 -0.382548
vn -0.071425 0.373719 -0.924788
vn 0.071427 0.373719 -0.924788
vn 0.107432 0.001450 -0.994211
vn -0.071419 0.924786 -0.373725
vn 0.071420 0.924787 -0.373721
vn 0.923919 -0.000991 -0.382588
vn 0.923918 0.000991 -0.382588
vn 0.382570 -0.000991 -0.923926
vn 0.382570 0.000991 -0.923926
vn 0.325274 -0.887920 0.325262
vn 0.887914 -0.325280 0.325270
vn 0.325283 -0.325271 0.887913
vn 0.887909 0.325283 0.325283
vn 0.325257 0.887917 0.325286
vn 0.325301 0.325278 0.887904
vn -0.887921 -0.325252 0.325280
vn -0.325276 -0.887914 0.325276
vn -0.325275 -0.325269 0.887917
vn -0.325262 0.887903 0.325321
vn -0.887926 0.325242 0.325277
vn -0.325282 0.325276 0.887912
vn -0.325296 -0.325267 -0.887910
vn -0.325278 -0.887913 -0.325278
vn -0.887925 -0.325241 -0.325281
vn -0.325261 0.887906 -0.325314
vn -0.325294 0.325276 -0.887907
vn -0.887923 0.325252 -0.325276
vn 0.887912 -0.325284 -0.325273
vn 0.325270 -0.887922 -0.325259
vn 0.325293 -0.325269 -0.887910
vn 0.325260 0.887913 -0.325295
vn 0.887909 0.325283 -0.325283
vn 0.325310 0.325275 -0.887902
vn 0.998722 -0.001534 0.050520
vn 0.924881 -0.378885 0.032269
vn 0.924881 -0.378886 -0.032269
vn 0.998722 -0.001534 -0.050520
vn 0.378886 -0.924881 0.032270
vn 0.103797 -0.993527 0.046156
vn 0.103797 -0.993527 -0.046157
vn 0.378886 -0.924880 -0.032270
vn 0.107432 -0.001450 0.994211
vn 0.382570 -0.000991 0.923926
vn 0.382570 0.000991 0.923926
vn 0.107432 0.001450 0.994211
vn 0.923919 -0.000991 0.382588
vn 0.998722 0.001534 0.050520
vn 0.923918 0.000991 0.382588
vn 0.071422 -0.924785 0.373726
vn -0.071422 -0.924785 0.373727
vn -0.103797 -0.993527 0.046157
vn 0.071423 -0.373719 0.924788
vn -0.107431 -0.001450 0.994212
vn -0.071422 -0.373724 0.924786
vn 0.103796 0.993527 0.046156
vn 0.378882 0.924882 0.032273
vn 0.378882 0.924882 -0.032273
vn 0.103796 0.993527 -0.046156
vn 0.924881 0.378886 0.032270
vn 0.998722 0.001534 -0.050520
vn 0.924881 0.378885 -0.032270
vn 0.071425 0.373718 0.924789
vn -0.071421 0.373722 0.924787
vn -0.107431 0.001450 0.994212
vn 0.071420 0.924787 0.373723
vn -0.103795 0.993527 0.046156
vn -0.071419 0.924785 0.373727
vn -0.378879 -0.924884 0.032269
vn -0.378879 -0.924884 -0.032269
vn -0.103797 -0.993527 -0.046157
vn -0.924889 -0.378866 0.032270
vn -0.998722 -0.001534 0.050513
vn -0.998722 -0.001534 -0.050513
vn -0.924889 -0.378866 -0.032270
vn -0.923935 -0.000991 0.382548
vn -0.923935 0.000991 0.382548
vn -0.998722 0.001534 0.050513
vn -0.382553 -0.000991 0.923933
vn -0.382553 0.000991 0.923933
vn -0.924889 0.378866 0.032269
vn -0.924889 0.378866 -0.032269
vn -0.998722 0.001534 -0.050513
vn -0.378874 0.924885 0.032274
vn -0.103795 0.993527 -0.046156
vn -0.378874 0.924885 -0.032274
vn -0.071422 -0.924785 -0.373727
vn 0.071423 -0.924785 -0.373727
vn -0.071427 -0.373724 -0.924786
vn -0.107431 -0.001450 -0.994212
vn 0.107432 -0.001450 -0.994211
vn 0.071426 -0.373719 -0.924788
vn -0.382553 -0.000991 -0.923933
vn -0.382553 0.000991 -0.923933
vn -0.107431 0.001450 -0.994212
vn -0.923935 -0.000991 -0.382548
vn -0.923935 0.000991 -0.382548
vn -0.071425 0.373722 -0.924787
vn 0.071427 0.373717 -0.924789
vn 0.107432 0.001450 -0.994211
vn -0.071420 0.924786 -0.373725
vn 0.071419 0.924787 -0.373724
vn 0.923919 -0.000991 -0.382588
vn 0.923918 0.000991 -0.382588
vn 0.382570 -0.000991 -0.923926
vn 0.382570 0.000991 -0.923926
vn 0.325282 -0.887914 0.325270
vn 0.887915 -0.325280 0.325270
vn 0.325284 -0.325260 0.887917
vn 0.887907 0.325288 0.325282
vn 0.325270 0.887907 0.325300
vn 0.325302 0.325267 0.887907
vn -0.887918 -0.325262 0.325279
vn -0.325276 -0.887914 0.325276
vn -0.325273 -0.325285 0.887912
vn -0.325260 0.887904 0.325319
vn -0.887919 0.325263 0.325275
vn -0.325280 0.325291 0.887907
vn -0.325294 -0.325283 -0.887905
vn -0.325276 -0.887914 -0.325276
vn -0.887918 -0.325262 -0.325279
vn -0.325261 0.887905 -0.325314
vn -0.325292 0.325292 -0.887902
vn -0.887919 0.325263 -0.325275
vn 0.887910 -0.325289 -0.325273
vn 0.325284 -0.887912 -0.325272
vn 0.325294 -0.325259 -0.887914
vn 0.325268 0.887907 -0.325303
vn 0.887909 0.325283 -0.325283
vn 0.325311 0.325264 -0.887905
vn 0.001515 0.998722 0.050522
vn 0.378907 0.924872 0.032268
vn 0.378907 0.924872 -0.032269
vn 0.001515 0.998722 -0.050522
vn 0.924871 0.378910 0.032269
vn 0.993526 0.103804 0.046158
vn 0.993526 0.103803 -0.046158
vn 0.924872 0.378908 -0.032269
vn 0.001433 0.107436 0.994211
vn 0.000979 0.382583 0.923921
vn -0.000979 0.382583 0.923921
vn -0.001433 0.107436 0.994211
vn 0.000979 0.923912 0.382603
vn -0.001515 0.998722 0.050522
vn -0.000979 0.923912 0.382603
vn 0.924779 0.071421 0.373742
vn 0.924778 -0.071418 0.373745
vn 0.993526 -0.103802 0.046158
vn 0.373728 0.071424 0.924784
vn 0.001433 -0.107435 0.994211
vn 0.373730 -0.071424 0.924784
vn -0.993527 0.103798 0.046159
vn -0.924877 0.378894 0.032273
vn -0.924877 0.378894 -0.032272
vn -0.993527 0.103798 -0.046159
vn -0.378902 0.924874 0.032268
vn -0.001515 0.998722 -0.050522
vn -0.378901 0.924874 -0.032268
vn -0.373732 0.071424 0.924783
vn -0.373733 -0.071423 0.924783
vn -0.001433 -0.107435 0.994211
vn -0.924777 0.071424 0.373747
vn -0.993527 -0.103797 0.046159
vn -0.924776 -0.071425 0.373748
vn 0.924878 -0.378893 0.032270
vn 0.924877 -0.378894 -0.032269
vn 0.993526 -0.103802 -0.046158
vn 0.378869 -0.924887 0.032272
vn 0.001515 -0.998722 0.050514
vn 0.001515 -0.998722 -0.050514
vn 0.378870 -0.924887 -0.032272
vn 0.000979 -0.923933 0.382553
vn -0.000979 -0.923933 0.382553
vn -0.001515 -0.998722 0.050514
vn 0.000979 -0.382563 0.923929
vn -0.000979 -0.382563 0.923929
vn -0.378864 -0.924890 0.032269
vn -0.378865 -0.924889 -0.032269
vn -0.001515 -0.998722 -0.050514
vn -0.924884 -0.378878 0.032272
vn -0.993527 -0.103797 -0.046159
vn -0.924884 -0.378877 -0.032273
vn 0.924781 -0.071418 -0.373737
vn 0.924783 0.071416 -0.373732
vn 0.373730 -0.071423 -0.924784
vn 0.001433 -0.107435 -0.994211
vn 0.001433 0.107436 -0.994211
vn 0.373725 0.071423 -0.924786
vn 0.000979 -0.382563 -0.923929
vn -0.000979 -0.382563 -0.923929
vn -0.001433 -0.107435 -0.994211
vn 0.000979 -0.923933 -0.382553
vn -0.000979 -0.923933 -0.382553
vn -0.373731 -0.071422 -0.924783
vn -0.373726 0.071423 -0.924785
vn -0.001433 0.107436 -0.994211
vn -0.924779 -0.071422 -0.373741
vn -0.924780 0.071424 -0.373738
vn 0.000979 0.923912 -0.382603
vn -0.000979 0.923912 -0.382603
vn 0.000979 0.382583 -0.923921
vn -0.000979 0.382583 -0.923921
vn 0.887914 0.325281 0.325270
vn 0.325279 0.887922 0.325250
vn 0.325299 0.325276 0.887906
vn -0.325295 0.887908 0.325272
vn -0.887904 0.325287 0.325293
vn -0.325314 0.325290 0.887895
vn 0.325267 -0.887916 0.325279
vn 0.887918 -0.325256 0.325285
vn 0.325306 -0.325277 0.887903
vn -0.887902 -0.325283 0.325301
vn -0.325280 -0.887911 0.325280
vn -0.325316 -0.325286 0.887896
vn 0.325304 -0.325275 -0.887904
vn 0.887916 -0.325265 -0.325282
vn 0.325271 -0.887916 -0.325276
vn -0.887904 -0.325274 -0.325304
vn -0.325309 -0.325285 -0.887899
vn -0.325290 -0.887910 -0.325272
vn 0.325280 0.887920 -0.325257
vn 0.887924 0.325262 -0.325262
vn 0.325282 0.325276 -0.887912
vn -0.887904 0.325293 -0.325287
vn -0.325291 0.887909 -0.325274
vn -0.325284 0.325290 -0.887906
vn 0.998722 -0.001534 0.050520
vn 0.924867 -0.378919 0.032269
vn 0.924866 -0.378922 -0.032269
vn 0.998722 -0.001534 -0.050520
vn 0.378900 -0.924875 0.032271
vn 0.103798 -0.993527 0.046157
vn 0.103798 -0.993527 -0.046157
vn 0.378900 -0.924875 -0.032271
vn 0.107432 -0.001450 0.994211
vn 0.382570 -0.000991 0.923926
vn 0.382570 0.000991 0.923926
vn 0.107432 0.001450 0.994211
vn 0.923918 -0.000991 0.382588
vn 0.998722 0.001534 0.050520
vn 0.923918 0.000991 0.382588
vn 0.071422 -0.924786 0.373725
vn -0.071422 -0.924785 0.373727
vn -0.103796 -0.993527 0.046156
vn 0.071423 -0.373720 0.924788
vn -0.107431 -0.001450 0.994212
vn -0.071422 -0.373720 0.924788
vn 0.103797 0.993527 0.046156
vn 0.378896 0.924877 0.032274
vn 0.378895 0.924877 -0.032275
vn 0.103797 0.993527 -0.046156
vn 0.924866 0.378922 0.032269
vn 0.998722 0.001534 -0.050520
vn 0.924867 0.378920 -0.032270
vn 0.071425 0.373718 0.924788
vn -0.071422 0.373718 0.924789
vn -0.107431 0.001450 0.994212
vn 0.071420 0.924787 0.373721
vn -0.103795 0.993527 0.046156
vn -0.071419 0.924785 0.373727
vn -0.378872 -0.924886 0.032269
vn -0.378872 -0.924887 -0.032269
vn -0.103796 -0.993527 -0.046156
vn -0.924895 -0.378852 0.032270
vn -0.998722 -0.001534 0.050513
vn -0.998722 -0.001534 -0.050513
vn -0.924895 -0.378851 -0.032270
vn -0.923935 -0.000991 0.382548
vn -0.923935 0.000991 0.382548
vn -0.998722 0.001534 0.050513
vn -0.382553 -0.000991 0.923933
vn -0.382553 0.000991 0.923933
vn -0.924895 0.378851 0.032270
vn -0.924895 0.378852 -0.032270
vn -0.998722 0.001534 -0.050513
vn -0.378867 0.924888 0.032273
vn -0.103795 0.993527 -0.046156
vn -0.378867 0.924888 -0.032273
vn -0.071422 -0.924785 -0.373727
vn 0.071422 -0.924786 -0.373725
vn -0.071428 -0.373720 -0.924787
vn -0.107431 -0.001450 -0.994212
vn 0.107432 -0.001450 -0.994211
vn 0.071426 -0.373720 -0.924788
vn -0.382553 -0.000991 -0.923933
vn -0.382553 0.000991 -0.923933
vn -0.107431 0.001450 -0.994212
vn -0.923935 -0.000991 -0.382548
vn -0.923935 0.000991 -0.382548
vn -0.071425 0.373718 -0.924788
vn 0.071427 0.373718 -0.924788
vn 0.107432 0.001450 -0.994211
vn -0.071420 0.924786 -0.373725
vn 0.071419 0.924787 -0.373722
vn 0.923919 -0.000991 -0.382588
vn 0.923918 0.000991 -0.382588
vn 0.382570 -0.000991 -0.923926
vn 0.382570 0.000991 -0.923926
vn 0.325277 -0.887917 0.325265
vn 0.887914 -0.325280 0.325270
vn 0.325286 -0.325239 0.887924
vn 0.887902 0.325304 0.325280
vn 0.325264 0.887912 0.325293
vn 0.325305 0.325246 0.887914
vn -0.887908 -0.325294 0.325275
vn -0.325276 -0.887914 0.325276
vn -0.325278 -0.325243 0.887925
vn -0.325260 0.887904 0.325319
vn -0.887912 0.325284 0.325272
vn -0.325285 0.325249 0.887920
vn -0.325299 -0.325241 -0.887918
vn -0.325276 -0.887914 -0.325276
vn -0.887911 -0.325283 -0.325276
vn -0.325261 0.887905 -0.325314
vn -0.325297 0.325250 -0.887916
vn -0.887909 0.325294 -0.325271
vn 0.887905 -0.325305 -0.325271
vn 0.325277 -0.887917 -0.325265
vn 0.325296 -0.325238 -0.887920
vn 0.325263 0.887911 -0.325298
vn 0.887909 0.325283 -0.325283
vn 0.325314 0.325243 -0.887912
vn 0.998722 -0.001534 0.050520
vn 0.924875 -0.378900 0.032269
vn 0.924875 -0.378900 -0.032269
vn 0.998722 -0.001534 -0.050520
vn 0.378893 -0.924878 0.032271
vn 0.103798 -0.993527 0.046157
vn 0.103798 -0.993527 -0.046157
vn 0.378893 -0.924878 -0.032271
vn 0.107432 -0.001450 0.994211
vn 0.382570 -0.000991 0.923926
vn 0.382570 0.000991 0.923926
vn 0.107432 0.001450 0.994211
vn 0.923919 -0.000991 0.382588
vn 0.998722 0.001534 0.050520
vn 0.923918 0.000991 0.382588
vn 0.071422 -0.924785 0.373725
vn -0.071423 -0.924785 0.373727
vn -0.103797 -0.993527 0.046157
vn 0.071423 -0.373722 0.924787
vn -0.107431 -0.001450 0.994212
vn -0.071422 -0.373723 0.924786
vn 0.103796 0.993527 0.046156
vn 0.378888 0.924879 0.032273
vn 0.378889 0.924879 -0.032274
vn 0.103796 0.993527 -0.046156
vn 0.924875 0.378900 0.032270
vn 0.998722 0.001534 -0.050520
vn 0.924875 0.378900 -0.032270
vn 0.071425 0.373720 0.924788
vn -0.071422 0.373721 0.924787
vn -0.107431 0.001450 0.994212
vn 0.071419 0.924788 0.373721
vn -0.103795 0.993527 0.046156
vn -0.071419 0.924786 0.373726
vn -0.378879 -0.924884 0.032270
vn -0.378878 -0.924884 -0.032269
vn -0.103797 -0.993527 -0.046156
vn -0.924888 -0.378867 0.032270
vn -0.998722 -0.001534 0.050513
vn -0.998722 -0.001534 -0.050513
vn -0.924888 -0.378868 -0.032270
vn -0.923935 -0.000991 0.382548
vn -0.923935 0.000991 0.382548
vn -0.998722 0.001534 0.050513
vn -0.382553 -0.000991 0.923933
vn -0.382553 0.000991 0.923933
vn -0.924888 0.378868 0.032269
vn -0.924888 0.378867 -0.032269
vn -0.998722 0.001534 -0.050513
vn -0.378874 0.924885 0.032274
vn -0.103795 0.993527 -0.046156
vn -0.378874 0.924885 -0.032274
vn -0.071421 -0.924785 -0.373726
vn 0.071422 -0.924786 -0.373725
vn -0.071427 -0.373723 -0.924786
vn -0.107431 -0.001450 -0.994212
vn 0.107432 -0.001450 -0.994211
vn 0.071425 -0.373722 -0.924787
vn -0.382553 -0.000991 -0.923933
vn -0.382553 0.000991 -0.923933
vn -0.107431 0.001450 -0.994212
vn -0.923935 -0.000991 -0.382548
vn -0.923935 0.000991 -0.382548
vn -0.071425 0.373721 -0.924787
vn 0.071427 0.373720 -0.924788
vn 0.107432 0.001450 -0.994211
vn -0.071420 0.924786 -0.373725
vn 0.071420 0.924787 -0.373723
vn 0.923919 -0.000991 -0.382588
vn 0.923918 0.000991 -0.382588
vn 0.382570 -0.000991 -0.923926
vn 0.382570 0.000991 -0.923926
vn 0.325279 -0.887916 0.325267
vn 0.887921 -0.325259 0.325273
vn 0.325284 -0.325260 0.887917
vn 0.887917 0.325256 0.325286
vn 0.325264 0.887912 0.325293
vn 0.325302 0.325267 0.887908
vn -0.887913 -0.325278 0.325277
vn -0.325276 -0.887914 0.325276
vn -0.325275 -0.325269 0.887917
vn -0.325257 0.887906 0.325316
vn -0.887912 0.325284 0.325272
vn -0.325282 0.325276 0.887912
vn -0.325296 -0.325267 -0.887910
vn -0.325273 -0.887917 -0.325273
vn -0.887911 -0.325283 -0.325276
vn -0.325261 0.887906 -0.325314
vn -0.325294 0.325276 -0.887907
vn -0.887914 0.325279 -0.325273
vn 0.887920 -0.325258 -0.325277
vn 0.325277 -0.887917 -0.325265
vn 0.325294 -0.325259 -0.887914
vn 0.325265 0.887909 -0.325300
vn 0.887916 0.325262 -0.325285
vn 0.325311 0.325264 -0.887905
s 1
g pCube68
usemtl initialShadingGroup
f 2/1/1 1/193/2 37/222/3 42/126/4
s 2
f 1/194/5 6/127/6 38/8/7 37/221/8
s 3
f 4/2/9 3/195/10 11/202/11 10/121/12
s 1
f 3/196/13 2/1/1 12/3/14 11/201/15
s 2
f 6/127/6 5/197/16 15/205/17 14/128/18
s 3
f 5/197/19 4/2/9 16/5/20 15/205/21
s 4
f 8/4/22 7/198/23 43/227/24 48/12/25
s 1
f 7/199/26 12/3/14 44/13/27 43/226/28
s 3
f 10/121/12 9/200/29 23/210/30 22/6/31
s 4
f 9/200/32 8/4/22 24/7/33 23/210/34
s 2
f 14/128/18 13/203/35 27/214/36 26/129/37
s 5
f 13/204/38 18/122/39 28/9/40 27/213/41
f 18/122/39 17/206/42 21/209/43 20/123/44
s 3
f 17/206/45 16/5/20 22/6/31 21/209/46
s 5
f 20/123/44 19/207/47 35/220/48 34/10/49
s 4
f 19/208/50 24/7/33 36/11/51 35/219/52
s 2
f 26/129/37 25/211/53 39/224/54 38/8/7
s 6
f 25/212/55 30/124/56 40/14/57 39/223/58
f 30/124/56 29/215/59 33/218/60 32/125/61
s 5
f 29/215/62 28/9/40 34/10/49 33/218/63
s 6
f 32/125/61 31/216/64 47/230/65 46/15/66
s 4
f 31/217/67 36/11/51 48/12/25 47/229/68
s 1
f 42/126/4 41/225/69 45/228/70 44/13/27
s 6
f 41/225/71 40/14/57 46/15/66 45/228/72
s 7
f 50/16/73 49/231/74 85/260/75 90/135/76
s 8
f 49/232/77 54/136/78 86/23/79 85/259/80
s 9
f 52/17/81 51/233/82 59/240/83 58/130/84
s 7
f 51/234/85 50/16/73 60/18/86 59/239/87
s 8
f 54/136/78 53/235/88 63/243/89 62/137/90
s 9
f 53/235/91 52/17/81 64/20/92 63/243/93
s 10
f 56/19/94 55/236/95 91/265/96 96/27/97
s 7
f 55/237/98 60/18/86 92/28/99 91/264/100
s 9
f 58/130/84 57/238/101 71/248/102 70/21/103
s 10
f 57/238/104 56/19/94 72/22/105 71/248/106
s 8
f 62/137/90 61/241/107 75/252/108 74/138/109
s 11
f 61/242/110 66/131/111 76/24/112 75/251/113
f 66/131/111 65/244/114 69/247/115 68/132/116
s 9
f 65/244/117 64/20/92 70/21/103 69/247/118
s 11
f 68/132/116 67/245/119 83/258/120 82/25/121
s 10
f 67/246/122 72/22/105 84/26/123 83/257/124
s 8
f 74/138/109 73/249/125 87/262/126 86/23/79
s 12
f 73/250/127 78/133/128 88/29/129 87/261/130
f 78/133/128 77/253/131 81/256/132 80/134/133
s 11
f 77/253/134 76/24/112 82/25/121 81/256/135
s 12
f 80/134/133 79/254/136 95/268/137 94/30/138
s 10
f 79/255/139 84/26/123 96/27/97 95/267/140
s 7
f 90/135/76 89/263/141 93/266/142 92/28/99
s 12
f 89/263/143 88/29/129 94/30/138 93/266/144
s 13
f 98/31/145 97/269/146 133/298/147 138/144/148
s 14
f 97/270/149 102/145/150 134/38/151 133/297/152
s 15
f 100/32/153 99/271/154 107/278/155 106/139/156
s 13
f 99/272/157 98/31/145 108/33/158 107/277/159
s 14
f 102/145/150 101/273/160 111/281/161 110/146/162
s 15
f 101/273/163 100/32/153 112/35/164 111/281/165
s 16
f 104/34/166 103/274/167 139/303/168 144/42/169
s 13
f 103/275/170 108/33/158 140/43/171 139/302/172
s 15
f 106/139/156 105/276/173 119/286/174 118/36/175
s 16
f 105/276/176 104/34/166 120/37/177 119/286/178
s 14
f 110/146/162 109/279/179 123/290/180 122/147/181
s 17
f 109/280/182 114/140/183 124/39/184 123/289/185
f 114/140/183 113/282/186 117/285/187 116/141/188
s 15
f 113/282/189 112/35/164 118/36/175 117/285/190
s 17
f 116/141/188 115/283/191 131/296/192 130/40/193
s 16
f 115/284/194 120/37/177 132/41/195 131/295/196
s 14
f 122/147/181 121/287/197 135/300/198 134/38/151
s 18
f 121/288/199 126/142/200 136/44/201 135/299/202
f 126/142/200 125/291/203 129/294/204 128/143/205
s 17
f 125/291/206 124/39/184 130/40/193 129/294/207
s 18
f 128/143/205 127/292/208 143/306/209 142/45/210
s 16
f 127/293/211 132/41/195 144/42/169 143/305/212
s 13
f 138/144/148 137/301/213 141/304/214 140/43/171
s 18
f 137/301/215 136/44/201 142/45/210 141/304/216
s 19
f 146/46/217 145/307/218 181/336/219 186/153/220
s 20
f 145/308/221 150/154/222 182/53/223 181/335/224
s 21
f 148/47/225 147/309/226 155/316/227 154/148/228
s 19
f 147/310/229 146/46/217 156/48/230 155/315/231
s 20
f 150/154/222 149/311/232 159/319/233 158/155/234
s 21
f 149/311/235 148/47/225 160/50/236 159/319/237
s 22
f 152/49/238 151/312/239 187/341/240 192/57/241
s 19
f 151/313/242 156/48/230 188/58/243 187/340/244
s 21
f 154/148/228 153/314/245 167/324/246 166/51/247
s 22
f 153/314/248 152/49/238 168/52/249 167/324/250
s 20
f 158/155/234 157/317/251 171/328/252 170/156/253
s 23
f 157/318/254 162/149/255 172/54/256 171/327/257
f 162/149/255 161/320/258 165/323/259 164/150/260
s 21
f 161/320/261 160/50/236 166/51/247 165/323/262
s 23
f 164/150/260 163/321/263 179/334/264 178/55/265
s 22
f 163/322/266 168/52/249 180/56/267 179/333/268
s 20
f 170/156/253 169/325/269 183/338/270 182/53/223
s 24
f 169/326/271 174/151/272 184/59/273 183/337/274
f 174/151/272 173/329/275 177/332/276 176/152/277
s 23
f 173/329/278 172/54/256 178/55/265 177/332/279
s 24
f 176/152/277 175/330/280 191/344/281 190/60/282
s 22
f 175/331/283 180/56/267 192/57/241 191/343/284
s 19
f 186/153/220 185/339/285 189/342/286 188/58/243
s 24
f 185/339/287 184/59/273 190/60/282 189/342/288
s 25
f 194/61/289 193/345/290 229/374/291 234/162/292
s 26
f 193/346/293 198/163/294 230/68/295 229/373/296
s 27
f 196/62/297 195/347/298 203/354/299 202/157/300
s 25
f 195/348/301 194/61/289 204/63/302 203/353/303
s 26
f 198/163/294 197/349/304 207/357/305 206/164/306
s 27
f 197/349/307 196/62/297 208/65/308 207/357/309
s 28
f 200/64/310 199/350/311 235/379/312 240/72/313
s 25
f 199/351/314 204/63/302 236/73/315 235/378/316
s 27
f 202/157/300 201/352/317 215/362/318 214/66/319
s 28
f 201/352/320 200/64/310 216/67/321 215/362/322
s 26
f 206/164/306 205/355/323 219/366/324 218/165/325
s 29
f 205/356/326 210/158/327 220/69/328 219/365/329
f 210/158/327 209/358/330 213/361/331 212/159/332
s 27
f 209/358/333 208/65/308 214/66/319 213/361/334
s 29
f 212/159/332 211/359/335 227/372/336 226/70/337
s 28
f 211/360/338 216/67/321 228/71/339 227/371/340
s 26
f 218/165/325 217/363/341 231/376/342 230/68/295
s 30
f 217/364/343 222/160/344 232/74/345 231/375/346
f 222/160/344 221/367/347 225/370/348 224/161/349
s 29
f 221/367/350 220/69/328 226/70/337 225/370/351
s 30
f 224/161/349 223/368/352 239/382/353 238/75/354
s 28
f 223/369/355 228/71/339 240/72/313 239/381/356
s 25
f 234/162/292 233/377/357 237/380/358 236/73/315
s 30
f 233/377/359 232/74/345 238/75/354 237/380/360
s 31
f 242/76/361 241/383/362 277/412/363 282/171/364
s 32
f 241/384/365 246/172/366 278/83/367 277/411/368
s 33
f 244/77/369 243/385/370 251/392/371 250/166/372
s 31
f 243/386/373 242/76/361 252/78/374 251/391/375
s 32
f 246/172/366 245/387/376 255/395/377 254/173/378
s 33
f 245/387/379 244/77/369 256/80/380 255/395/381
s 34
f 248/79/382 247/388/383 283/417/384 288/87/385
s 31
f 247/389/386 252/78/374 284/88/387 283/416/388
s 33
f 250/166/372 249/390/389 263/400/390 262/81/391
s 34
f 249/390/392 248/79/382 264/82/393 263/400/394
s 32
f 254/173/378 253/393/395 267/404/396 266/174/397
s 35
f 253/394/398 258/167/399 268/84/400 267/403/401
f 258/167/399 257/396/402 261/399/403 260/168/404
s 33
f 257/396/405 256/80/380 262/81/391 261/399/406
s 35
f 260/168/404 259/397/407 275/410/408 274/85/409
s 34
f 259/398/410 264/82/393 276/86/411 275/409/412
s 32
f 266/174/397 265/401/413 279/414/414 278/83/367
s 36
f 265/402/415 270/169/416 280/89/417 279/413/418
f 270/169/416 269/405/419 273/408/420 272/170/421
s 35
f 269/405/422 268/84/400 274/85/409 273/408/423
s 36
f 272/170/421 271/406/424 287/420/425 286/90/426
s 34
f 271/407/427 276/86/411 288/87/385 287/419/428
s 31
f 282/171/364 281/415/429 285/418/430 284/88/387
s 36
f 281/415/431 280/89/417 286/90/426 285/418/432
s 37
f 290/91/433 289/421/434 325/450/435 330/180/436
s 38
f 289/422/437 294/181/438 326/98/439 325/449/440
s 39
f 292/92/441 291/423/442 299/430/443 298/175/444
s 37
f 291/424/445 290/91/433 300/93/446 299/429/447
s 38
f 294/181/438 293/425/448 303/433/449 302/182/450
s 39
f 293/425/451 292/92/441 304/95/452 303/433/453
s 40
f 296/94/454 295/426/455 331/455/456 336/102/457
s 37
f 295/427/458 300/93/446 332/103/459 331/454/460
s 39
f 298/175/444 297/428/461 311/438/462 310/96/463
s 40
f 297/428/464 296/94/454 312/97/465 311/438/466
s 38
f 302/182/450 301/431/467 315/442/468 314/183/469
s 41
f 301/432/470 306/176/471 316/99/472 315/441/473
f 306/176/471 305/434/474 309/437/475 308/177/476
s 39
f 305/434/477 304/95/452 310/96/463 309/437/478
s 41
f 308/177/476 307/435/479 323/448/480 322/100/481
s 40
f 307/436/482 312/97/465 324/101/483 323/447/484
s 38
f 314/183/469 313/439/485 327/452/486 326/98/439
s 42
f 313/440/487 318/178/488 328/104/489 327/451/490
f 318/178/488 317/443/491 321/446/492 320/179/493
s 41
f 317/443/494 316/99/472 322/100/481 321/446/495
s 42
f 320/179/493 319/444/496 335/458/497 334/105/498
s 40
f 319/445/499 324/101/483 336/102/457 335/457/500
s 37
f 330/180/436 329/453/501 333/456/502 332/103/459
s 42
f 329/453/503 328/104/489 334/105/498 333/456/504
s 43
f 338/106/505 337/459/506 373/488/507 378/189/508
s 44
f 337/460/509 342/190/510 374/113/511 373/487/512
s 45
f 340/107/513 339/461/514 347/468/515 346/184/516
s 43
f 339/462/517 338/106/505 348/108/518 347/467/519
s 44
f 342/190/510 341/463/520 351/471/521 350/191/522
s 45
f 341/463/523 340/107/513 352/110/524 351/471/525
s 46
f 344/109/526 343/464/527 379/493/528 384/117/529
s 43
f 343/465/530 348/108/518 380/118/531 379/492/532
s 45
f 346/184/516 345/466/533 359/476/534 358/111/535
s 46
f 345/466/536 344/109/526 360/112/537 359/476/538
s 44
f 350/191/522 349/469/539 363/480/540 362/192/541
s 47
f 349/470/542 354/185/543 364/114/544 363/479/545
f 354/185/543 353/472/546 357/475/547 356/186/548
s 45
f 353/472/549 352/110/524 358/111/535 357/475/550
s 47
f 356/186/548 355/473/551 371/486/552 370/115/553
s 46
f 355/474/554 360/112/537 372/116/555 371/485/556
s 44
f 362/192/541 361/477/557 375/490/558 374/113/511
s 48
f 361/478/559 366/187/560 376/119/561 375/489/562
f 366/187/560 365/481/563 369/484/564 368/188/565
s 47
f 365/481/566 364/114/544 370/115/553 369/484/567
s 48
f 368/188/565 367/482/568 383/496/569 382/120/570
s 46
f 367/483/571 372/116/555 384/117/529 383/495/572
s 43
f 378/189/508 377/491/573 381/494/574 380/118/531
s 48
f 377/491/575 376/119/561 382/120/570 381/494/576
s 3
f 4/2/9 10/121/12 22/6/31 16/5/20
s 5
f 18/122/39 20/123/44 34/10/49 28/9/40
s 6
f 30/124/56 32/125/61 46/15/66 40/14/57
s 1
f 42/126/4 44/13/27 12/3/14 2/1/1
s 4
f 8/4/22 48/12/25 36/11/51 24/7/33
s 2
f 38/8/7 6/127/6 14/128/18 26/129/37
s 9
f 52/17/81 58/130/84 70/21/103 64/20/92
s 11
f 66/131/111 68/132/116 82/25/121 76/24/112
s 12
f 78/133/128 80/134/133 94/30/138 88/29/129
s 7
f 90/135/76 92/28/99 60/18/86 50/16/73
s 10
f 56/19/94 96/27/97 84/26/123 72/22/105
s 8
f 86/23/79 54/136/78 62/137/90 74/138/109
s 15
f 100/32/153 106/139/156 118/36/175 112/35/164
s 17
f 114/140/183 116/141/188 130/40/193 124/39/184
s 18
f 126/142/200 128/143/205 142/45/210 136/44/201
s 13
f 138/144/148 140/43/171 108/33/158 98/31/145
s 16
f 104/34/166 144/42/169 132/41/195 120/37/177
s 14
f 134/38/151 102/145/150 110/146/162 122/147/181
s 21
f 148/47/225 154/148/228 166/51/247 160/50/236
s 23
f 162/149/255 164/150/260 178/55/265 172/54/256
s 24
f 174/151/272 176/152/277 190/60/282 184/59/273
s 19
f 186/153/220 188/58/243 156/48/230 146/46/217
s 22
f 152/49/238 192/57/241 180/56/267 168/52/249
s 20
f 182/53/223 150/154/222 158/155/234 170/156/253
s 27
f 196/62/297 202/157/300 214/66/319 208/65/308
s 29
f 210/158/327 212/159/332 226/70/337 220/69/328
s 30
f 222/160/344 224/161/349 238/75/354 232/74/345
s 25
f 234/162/292 236/73/315 204/63/302 194/61/289
s 28
f 200/64/310 240/72/313 228/71/339 216/67/321
s 26
f 230/68/295 198/163/294 206/164/306 218/165/325
s 33
f 244/77/369 250/166/372 262/81/391 256/80/380
s 35
f 258/167/399 260/168/404 274/85/409 268/84/400
s 36
f 270/169/416 272/170/421 286/90/426 280/89/417
s 31
f 282/171/364 284/88/387 252/78/374 242/76/361
s 34
f 248/79/382 288/87/385 276/86/411 264/82/393
s 32
f 278/83/367 246/172/366 254/173/378 266/174/397
s 39
f 292/92/441 298/175/444 310/96/463 304/95/452
s 41
f 306/176/471 308/177/476 322/100/481 316/99/472
s 42
f 318/178/488 320/179/493 334/105/498 328/104/489
s 37
f 330/180/436 332/103/459 300/93/446 290/91/433
s 40
f 296/94/454 336/102/457 324/101/483 312/97/465
s 38
f 326/98/439 294/181/438 302/182/450 314/183/469
s 45
f 340/107/513 346/184/516 358/111/535 352/110/524
s 47
f 354/185/543 356/186/548 370/115/553 364/114/544
s 48
f 366/187/560 368/188/565 382/120/570 376/119/561
s 43
f 378/189/508 380/118/531 348/108/518 338/106/505
s 46
f 344/109/526 384/117/529 372/116/555 360/112/537
s 44
f 374/113/511 342/190/510 350/191/522 362/192/541
s 2
f 5/197/16 6/127/6 1/194/5 385/498/577
s 1
f 1/193/2 2/1/1 3/196/13 385/497/578
s 3
f 3/195/10 4/2/9 5/197/19 385/498/579
s 1
f 11/201/15 12/3/14 7/199/26 386/500/580
s 4
f 7/198/23 8/4/22 9/200/32 386/499/581
s 3
f 9/200/29 10/121/12 11/202/11 386/499/582
s 5
f 17/206/42 18/122/39 13/204/38 387/501/583
s 2
f 13/203/35 14/128/18 15/205/17 387/501/584
s 3
f 15/205/21 16/5/20 17/206/45 387/501/585
s 4
f 23/210/34 24/7/33 19/208/50 388/502/586
s 5
f 19/207/47 20/123/44 21/209/43 388/502/587
s 3
f 21/209/46 22/6/31 23/210/30 388/502/588
s 6
f 29/215/59 30/124/56 25/212/55 389/504/589
s 2
f 25/211/53 26/129/37 27/214/36 389/503/590
s 5
f 27/213/41 28/9/40 29/215/62 389/504/591
s 4
f 35/219/52 36/11/51 31/217/67 390/506/592
s 6
f 31/216/64 32/125/61 33/218/60 390/505/593
s 5
f 33/218/63 34/10/49 35/220/48 390/505/594
s 1
f 41/225/69 42/126/4 37/222/3 391/508/595
s 2
f 37/221/8 38/8/7 39/224/54 391/507/596
s 6
f 39/223/58 40/14/57 41/225/71 391/508/597
s 4
f 47/229/68 48/12/25 43/227/24 392/510/598
s 1
f 43/226/28 44/13/27 45/228/70 392/509/599
s 6
f 45/228/72 46/15/66 47/230/65 392/509/600
s 8
f 53/235/88 54/136/78 49/232/77 393/512/601
s 7
f 49/231/74 50/16/73 51/234/85 393/511/602
s 9
f 51/233/82 52/17/81 53/235/91 393/512/603
s 7
f 59/239/87 60/18/86 55/237/98 394/514/604
s 10
f 55/236/95 56/19/94 57/238/104 394/513/605
s 9
f 57/238/101 58/130/84 59/240/83 394/513/606
s 11
f 65/244/114 66/131/111 61/242/110 395/515/607
s 8
f 61/241/107 62/137/90 63/243/89 395/515/608
s 9
f 63/243/93 64/20/92 65/244/117 395/515/609
s 10
f 71/248/106 72/22/105 67/246/122 396/516/610
s 11
f 67/245/119 68/132/116 69/247/115 396/516/611
s 9
f 69/247/118 70/21/103 71/248/102 396/516/612
s 12
f 77/253/131 78/133/128 73/250/127 397/518/613
s 8
f 73/249/125 74/138/109 75/252/108 397/517/614
s 11
f 75/251/113 76/24/112 77/253/134 397/518/615
s 10
f 83/257/124 84/26/123 79/255/139 398/520/616
s 12
f 79/254/136 80/134/133 81/256/132 398/519/617
s 11
f 81/256/135 82/25/121 83/258/120 398/519/618
s 7
f 89/263/141 90/135/76 85/260/75 399/522/619
s 8
f 85/259/80 86/23/79 87/262/126 399/521/620
s 12
f 87/261/130 88/29/129 89/263/143 399/522/621
s 10
f 95/267/140 96/27/97 91/265/96 400/524/622
s 7
f 91/264/100 92/28/99 93/266/142 400/523/623
s 12
f 93/266/144 94/30/138 95/268/137 400/523/624
s 14
f 101/273/160 102/145/150 97/270/149 401/526/625
s 13
f 97/269/146 98/31/145 99/272/157 401/525/626
s 15
f 99/271/154 100/32/153 101/273/163 401/526/627
s 13
f 107/277/159 108/33/158 103/275/170 402/528/628
s 16
f 103/274/167 104/34/166 105/276/176 402/527/629
s 15
f 105/276/173 106/139/156 107/278/155 402/527/630
s 17
f 113/282/186 114/140/183 109/280/182 403/529/631
s 14
f 109/279/179 110/146/162 111/281/161 403/529/632
s 15
f 111/281/165 112/35/164 113/282/189 403/529/633
s 16
f 119/286/178 120/37/177 115/284/194 404/530/634
s 17
f 115/283/191 116/141/188 117/285/187 404/530/635
s 15
f 117/285/190 118/36/175 119/286/174 404/530/636
s 18
f 125/291/203 126/142/200 121/288/199 405/532/637
s 14
f 121/287/197 122/147/181 123/290/180 405/531/638
s 17
f 123/289/185 124/39/184 125/291/206 405/532/639
s 16
f 131/295/196 132/41/195 127/293/211 406/534/640
s 18
f 127/292/208 128/143/205 129/294/204 406/533/641
s 17
f 129/294/207 130/40/193 131/296/192 406/533/642
s 13
f 137/301/213 138/144/148 133/298/147 407/536/643
s 14
f 133/297/152 134/38/151 135/300/198 407/535/644
s 18
f 135/299/202 136/44/201 137/301/215 407/536/645
s 16
f 143/305/212 144/42/169 139/303/168 408/538/646
s 13
f 139/302/172 140/43/171 141/304/214 408/537/647
s 18
f 141/304/216 142/45/210 143/306/209 408/537/648
s 20
f 149/311/232 150/154/222 145/308/221 409/540/649
s 19
f 145/307/218 146/46/217 147/310/229 409/539/650
s 21
f 147/309/226 148/47/225 149/311/235 409/540/651
s 19
f 155/315/231 156/48/230 151/313/242 410/542/652
s 22
f 151/312/239 152/49/238 153/314/248 410/541/653
s 21
f 153/314/245 154/148/228 155/316/227 410/541/654
s 23
f 161/320/258 162/149/255 157/318/254 411/543/655
s 20
f 157/317/251 158/155/234 159/319/233 411/543/656
s 21
f 159/319/237 160/50/236 161/320/261 411/543/657
s 22
f 167/324/250 168/52/249 163/322/266 412/544/658
s 23
f 163/321/263 164/150/260 165/323/259 412/544/659
s 21
f 165/323/262 166/51/247 167/324/246 412/544/660
s 24
f 173/329/275 174/151/272 169/326/271 413/546/661
s 20
f 169/325/269 170/156/253 171/328/252 413/545/662
s 23
f 171/327/257 172/54/256 173/329/278 413/546/663
s 22
f 179/333/268 180/56/267 175/331/283 414/548/664
s 24
f 175/330/280 176/152/277 177/332/276 414/547/665
s 23
f 177/332/279 178/55/265 179/334/264 414/547/666
s 19
f 185/339/285 186/153/220 181/336/219 415/550/667
s 20
f 181/335/224 182/53/223 183/338/270 415/549/668
s 24
f 183/337/274 184/59/273 185/339/287 415/550/669
s 22
f 191/343/284 192/57/241 187/341/240 416/552/670
s 19
f 187/340/244 188/58/243 189/342/286 416/551/671
s 24
f 189/342/288 190/60/282 191/344/281 416/551/672
s 26
f 197/349/304 198/163/294 193/346/293 417/554/673
s 25
f 193/345/290 194/61/289 195/348/301 417/553/674
s 27
f 195/347/298 196/62/297 197/349/307 417/554/675
s 25
f 203/353/303 204/63/302 199/351/314 418/556/676
s 28
f 199/350/311 200/64/310 201/352/320 418/555/677
s 27
f 201/352/317 202/157/300 203/354/299 418/555/678
s 29
f 209/358/330 210/158/327 205/356/326 419/557/679
s 26
f 205/355/323 206/164/306 207/357/305 419/557/680
s 27
f 207/357/309 208/65/308 209/358/333 419/557/681
s 28
f 215/362/322 216/67/321 211/360/338 420/558/682
s 29
f 211/359/335 212/159/332 213/361/331 420/558/683
s 27
f 213/361/334 214/66/319 215/362/318 420/558/684
s 30
f 221/367/347 222/160/344 217/364/343 421/560/685
s 26
f 217/363/341 218/165/325 219/366/324 421/559/686
s 29
f 219/365/329 220/69/328 221/367/350 421/560/687
s 28
f 227/371/340 228/71/339 223/369/355 422/562/688
s 30
f 223/368/352 224/161/349 225/370/348 422/561/689
s 29
f 225/370/351 226/70/337 227/372/336 422/561/690
s 25
f 233/377/357 234/162/292 229/374/291 423/564/691
s 26
f 229/373/296 230/68/295 231/376/342 423/563/692
s 30
f 231/375/346 232/74/345 233/377/359 423/564/693
s 28
f 239/381/356 240/72/313 235/379/312 424/566/694
s 25
f 235/378/316 236/73/315 237/380/358 424/565/695
s 30
f 237/380/360 238/75/354 239/382/353 424/565/696
s 32
f 245/387/376 246/172/366 241/384/365 425/568/697
s 31
f 241/383/362 242/76/361 243/386/373 425/567/698
s 33
f 243/385/370 244/77/369 245/387/379 425/568/699
s 31
f 251/391/375 252/78/374 247/389/386 426/570/700
s 34
f 247/388/383 248/79/382 249/390/392 426/569/701
s 33
f 249/390/389 250/166/372 251/392/371 426/569/702
s 35
f 257/396/402 258/167/399 253/394/398 427/571/703
s 32
f 253/393/395 254/173/378 255/395/377 427/571/704
s 33
f 255/395/381 256/80/380 257/396/405 427/571/705
s 34
f 263/400/394 264/82/393 259/398/410 428/572/706
s 35
f 259/397/407 260/168/404 261/399/403 428/572/707
s 33
f 261/399/406 262/81/391 263/400/390 428/572/708
s 36
f 269/405/419 270/169/416 265/402/415 429/574/709
s 32
f 265/401/413 266/174/397 267/404/396 429/573/710
s 35
f 267/403/401 268/84/400 269/405/422 429/574/711
s 34
f 275/409/412 276/86/411 271/407/427 430/576/712
s 36
f 271/406/424 272/170/421 273/408/420 430/575/713
s 35
f 273/408/423 274/85/409 275/410/408 430/575/714
s 31
f 281/415/429 282/171/364 277/412/363 431/578/715
s 32
f 277/411/368 278/83/367 279/414/414 431/577/716
s 36
f 279/413/418 280/89/417 281/415/431 431/578/717
s 34
f 287/419/428 288/87/385 283/417/384 432/580/718
s 31
f 283/416/388 284/88/387 285/418/430 432/579/719
s 36
f 285/418/432 286/90/426 287/420/425 432/579/720
s 38
f 293/425/448 294/181/438 289/422/437 433/582/721
s 37
f 289/421/434 290/91/433 291/424/445 433/581/722
s 39
f 291/423/442 292/92/441 293/425/451 433/582/723
s 37
f 299/429/447 300/93/446 295/427/458 434/584/724
s 40
f 295/426/455 296/94/454 297/428/464 434/583/725
s 39
f 297/428/461 298/175/444 299/430/443 434/583/726
s 41
f 305/434/474 306/176/471 301/432/470 435/585/727
s 38
f 301/431/467 302/182/450 303/433/449 435/585/728
s 39
f 303/433/453 304/95/452 305/434/477 435/585/729
s 40
f 311/438/466 312/97/465 307/436/482 436/586/730
s 41
f 307/435/479 308/177/476 309/437/475 436/586/731
s 39
f 309/437/478 310/96/463 311/438/462 436/586/732
s 42
f 317/443/491 318/178/488 313/440/487 437/588/733
s 38
f 313/439/485 314/183/469 315/442/468 437/587/734
s 41
f 315/441/473 316/99/472 317/443/494 437/588/735
s 40
f 323/447/484 324/101/483 319/445/499 438/590/736
s 42
f 319/444/496 320/179/493 321/446/492 438/589/737
s 41
f 321/446/495 322/100/481 323/448/480 438/589/738
s 37
f 329/453/501 330/180/436 325/450/435 439/592/739
s 38
f 325/449/440 326/98/439 327/452/486 439/591/740
s 42
f 327/451/490 328/104/489 329/453/503 439/592/741
s 40
f 335/457/500 336/102/457 331/455/456 440/594/742
s 37
f 331/454/460 332/103/459 333/456/502 440/593/743
s 42
f 333/456/504 334/105/498 335/458/497 440/593/744
s 44
f 341/463/520 342/190/510 337/460/509 441/596/745
s 43
f 337/459/506 338/106/505 339/462/517 441/595/746
s 45
f 339/461/514 340/107/513 341/463/523 441/596/747
s 43
f 347/467/519 348/108/518 343/465/530 442/598/748
s 46
f 343/464/527 344/109/526 345/466/536 442/597/749
s 45
f 345/466/533 346/184/516 347/468/515 442/597/750
s 47
f 353/472/546 354/185/543 349/470/542 443/599/751
s 44
f 349/469/539 350/191/522 351/471/521 443/599/752
s 45
f 351/471/525 352/110/524 353/472/549 443/599/753
s 46
f 359/476/538 360/112/537 355/474/554 444/600/754
s 47
f 355/473/551 356/186/548 357/475/547 444/600/755
s 45
f 357/475/550 358/111/535 359/476/534 444/600/756
s 48
f 365/481/563 366/187/560 361/478/559 445/602/757
s 44
f 361/477/557 362/192/541 363/480/540 445/601/758
s 47
f 363/479/545 364/114/544 365/481/566 445/602/759
s 46
f 371/485/556 372/116/555 367/483/571 446/604/760
s 48
f 367/482/568 368/188/565 369/484/564 446/603/761
s 47
f 369/484/567 370/115/553 371/486/552 446/603/762
s 43
f 377/491/573 378/189/508 373/488/507 447/606/763
s 44
f 373/487/512 374/113/511 375/490/558 447/605/764
s 48
f 375/489/562 376/119/561 377/491/575 447/606/765
s 46
f 383/495/572 384/117/529 379/493/528 448/608/766
s 43
f 379/492/532 380/118/531 381/494/574 448/607/767
s 48
f 381/494/576 382/120/570 383/496/569 448/607/768
s 49
f 450/609/769 449/610/770 485/611/771 490/612/772
s 50
f 449/613/773 454/614/774 486/615/775 485/616/776
s 51
f 452/617/777 451/618/778 459/619/779 458/620/780
s 49
f 451/621/781 450/609/769 460/622/782 459/623/783
s 50
f 454/614/774 453/624/784 463/625/785 462/626/786
s 51
f 453/624/787 452/617/777 464/627/788 463/625/789
s 52
f 456/628/790 455/629/791 491/630/792 496/631/793
s 49
f 455/632/794 460/622/782 492/633/795 491/634/796
s 51
f 458/620/780 457/635/797 471/636/798 470/637/799
s 52
f 457/635/800 456/628/790 472/638/801 471/636/802
s 50
f 462/626/786 461/639/803 475/640/804 474/641/805
s 53
f 461/642/806 466/643/807 476/644/808 475/645/809
f 466/643/807 465/646/810 469/647/811 468/648/812
s 51
f 465/646/813 464/627/788 470/637/799 469/647/814
s 53
f 468/648/812 467/649/815 483/650/816 482/651/817
s 52
f 467/652/818 472/638/801 484/653/819 483/654/820
s 50
f 474/641/805 473/655/821 487/656/822 486/615/775
s 54
f 473/657/823 478/658/824 488/659/825 487/660/826
f 478/658/824 477/661/827 481/662/828 480/663/829
s 53
f 477/661/830 476/644/808 482/651/817 481/662/831
s 54
f 480/663/829 479/664/832 495/665/833 494/666/834
s 52
f 479/667/835 484/653/819 496/631/793 495/668/836
s 49
f 490/612/772 489/669/837 493/670/838 492/633/795
s 54
f 489/669/839 488/659/825 494/666/834 493/670/840
s 51
f 452/617/777 458/620/780 470/637/799 464/627/788
s 53
f 466/643/807 468/648/812 482/651/817 476/644/808
s 54
f 478/658/824 480/663/829 494/666/834 488/659/825
s 49
f 490/612/772 492/633/795 460/622/782 450/609/769
s 52
f 456/628/790 496/631/793 484/653/819 472/638/801
s 50
f 486/615/775 454/614/774 462/626/786 474/641/805
f 453/624/784 454/614/774 449/613/773 497/671/841
s 49
f 449/610/770 450/609/769 451/621/781 497/672/842
s 51
f 451/618/778 452/617/777 453/624/787 497/671/843
s 49
f 459/623/783 460/622/782 455/632/794 498/673/844
s 52
f 455/629/791 456/628/790 457/635/800 498/674/845
s 51
f 457/635/797 458/620/780 459/619/779 498/674/846
s 53
f 465/646/810 466/643/807 461/642/806 499/675/847
s 50
f 461/639/803 462/626/786 463/625/785 499/675/848
s 51
f 463/625/789 464/627/788 465/646/813 499/675/849
s 52
f 471/636/802 472/638/801 467/652/818 500/676/850
s 53
f 467/649/815 468/648/812 469/647/811 500/676/851
s 51
f 469/647/814 470/637/799 471/636/798 500/676/852
s 54
f 477/661/827 478/658/824 473/657/823 501/677/853
s 50
f 473/655/821 474/641/805 475/640/804 501/678/854
s 53
f 475/645/809 476/644/808 477/661/830 501/677/855
s 52
f 483/654/820 484/653/819 479/667/835 502/679/856
s 54
f 479/664/832 480/663/829 481/662/828 502/680/857
s 53
f 481/662/831 482/651/817 483/650/816 502/680/858
s 49
f 489/669/837 490/612/772 485/611/771 503/681/859
s 50
f 485/616/776 486/615/775 487/656/822 503/682/860
s 54
f 487/660/826 488/659/825 489/669/839 503/681/861
s 52
f 495/668/836 496/631/793 491/630/792 504/683/862
s 49
f 491/634/796 492/633/795 493/670/838 504/684/863
s 54
f 493/670/840 494/666/834 495/665/833 504/684/864
s 55
f 506/685/865 505/686/866 541/687/867 546/688/868
s 56
f 505/689/869 510/690/870 542/691/871 541/692/872
s 57
f 508/693/873 507/694/874 515/695/875 514/696/876
s 55
f 507/697/877 506/685/865 516/698/878 515/699/879
s 56
f 510/690/870 509/700/880 519/701/881 518/702/882
s 57
f 509/700/883 508/693/873 520/703/884 519/701/885
s 58
f 512/704/886 511/705/887 547/706/888 552/707/889
s 55
f 511/708/890 516/698/878 548/709/891 547/710/892
s 57
f 514/696/876 513/711/893 527/712/894 526/713/895
s 58
f 513/711/896 512/704/886 528/714/897 527/712/898
s 56
f 518/702/882 517/715/899 531/716/900 530/717/901
s 59
f 517/718/902 522/719/903 532/720/904 531/721/905
f 522/719/903 521/722/906 525/723/907 524/724/908
s 57
f 521/722/909 520/703/884 526/713/895 525/723/910
s 59
f 524/724/908 523/725/911 539/726/912 538/727/913
s 58
f 523/728/914 528/714/897 540/729/915 539/730/916
s 56
f 530/717/901 529/731/917 543/732/918 542/691/871
s 60
f 529/733/919 534/734/920 544/735/921 543/736/922
f 534/734/920 533/737/923 537/738/924 536/739/925
s 59
f 533/737/926 532/720/904 538/727/913 537/738/927
s 60
f 536/739/925 535/740/928 551/741/929 550/742/930
s 58
f 535/743/931 540/729/915 552/707/889 551/744/932
s 55
f 546/688/868 545/745/933 549/746/934 548/709/891
s 60
f 545/745/935 544/735/921 550/742/930 549/746/936
s 57
f 508/693/873 514/696/876 526/713/895 520/703/884
s 59
f 522/719/903 524/724/908 538/727/913 532/720/904
s 60
f 534/734/920 536/739/925 550/742/930 544/735/921
s 55
f 546/688/868 548/709/891 516/698/878 506/685/865
s 58
f 512/704/886 552/707/889 540/729/915 528/714/897
s 56
f 542/691/871 510/690/870 518/702/882 530/717/901
f 509/700/880 510/690/870 505/689/869 553/747/937
s 55
f 505/686/866 506/685/865 507/697/877 553/748/938
s 57
f 507/694/874 508/693/873 509/700/883 553/747/939
s 55
f 515/699/879 516/698/878 511/708/890 554/749/940
s 58
f 511/705/887 512/704/886 513/711/896 554/750/941
s 57
f 513/711/893 514/696/876 515/695/875 554/750/942
s 59
f 521/722/906 522/719/903 517/718/902 555/751/943
s 56
f 517/715/899 518/702/882 519/701/881 555/751/944
s 57
f 519/701/885 520/703/884 521/722/909 555/751/945
s 58
f 527/712/898 528/714/897 523/728/914 556/752/946
s 59
f 523/725/911 524/724/908 525/723/907 556/752/947
s 57
f 525/723/910 526/713/895 527/712/894 556/752/948
s 60
f 533/737/923 534/734/920 529/733/919 557/753/949
s 56
f 529/731/917 530/717/901 531/716/900 557/754/950
s 59
f 531/721/905 532/720/904 533/737/926 557/753/951
s 58
f 539/730/916 540/729/915 535/743/931 558/755/952
s 60
f 535/740/928 536/739/925 537/738/924 558/756/953
s 59
f 537/738/927 538/727/913 539/726/912 558/756/954
s 55
f 545/745/933 546/688/868 541/687/867 559/757/955
s 56
f 541/692/872 542/691/871 543/732/918 559/758/956
s 60
f 543/736/922 544/735/921 545/745/935 559/757/957
s 58
f 551/744/932 552/707/889 547/706/888 560/759/958
s 55
f 547/710/892 548/709/891 549/746/934 560/760/959
s 60
f 549/746/936 550/742/930 551/741/929 560/760/960
s 61
f 562/761/961 561/762/962 597/763/963 602/764/964
s 62
f 561/765/965 566/766/966 598/767/967 597/768/968
s 63
f 564/769/969 563/770/970 571/771/971 570/772/972
s 61
f 563/773/973 562/761/961 572/774/974 571/775/975
s 62
f 566/766/966 565/776/976 575/777/977 574/778/978
s 63
f 565/776/979 564/769/969 576/779/980 575/777/981
s 64
f 568/780/982 567/781/983 603/782/984 608/783/985
s 61
f 567/784/986 572/774/974 604/785/987 603/786/988
s 63
f 570/772/972 569/787/989 583/788/990 582/789/991
s 64
f 569/787/992 568/780/982 584/790/993 583/788/994
s 62
f 574/778/978 573/791/995 587/792/996 586/793/997
s 65
f 573/794/998 578/795/999 588/796/1000 587/797/1001
f 578/795/999 577/798/1002 581/799/1003 580/800/1004
s 63
f 577/798/1005 576/779/980 582/789/991 581/799/1006
s 65
f 580/800/1004 579/801/1007 595/802/1008 594/803/1009
s 64
f 579/804/1010 584/790/993 596/805/1011 595/806/1012
s 62
f 586/793/997 585/807/1013 599/808/1014 598/767/967
s 66
f 585/809/1015 590/810/1016 600/811/1017 599/812/1018
f 590/810/1016 589/813/1019 593/814/1020 592/815/1021
s 65
f 589/813/1022 588/796/1000 594/803/1009 593/814/1023
s 66
f 592/815/1021 591/816/1024 607/817/1025 606/818/1026
s 64
f 591/819/1027 596/805/1011 608/783/985 607/820/1028
s 61
f 602/764/964 601/821/1029 605/822/1030 604/785/987
s 66
f 601/821/1031 600/811/1017 606/818/1026 605/822/1032
s 63
f 564/769/969 570/772/972 582/789/991 576/779/980
s 65
f 578/795/999 580/800/1004 594/803/1009 588/796/1000
s 66
f 590/810/1016 592/815/1021 606/818/1026 600/811/1017
s 61
f 602/764/964 604/785/987 572/774/974 562/761/961
s 64
f 568/780/982 608/783/985 596/805/1011 584/790/993
s 62
f 598/767/967 566/766/966 574/778/978 586/793/997
f 565/776/976 566/766/966 561/765/965 609/823/1033
s 61
f 561/762/962 562/761/961 563/773/973 609/824/1034
s 63
f 563/770/970 564/769/969 565/776/979 609/823/1035
s 61
f 571/775/975 572/774/974 567/784/986 610/825/1036
s 64
f 567/781/983 568/780/982 569/787/992 610/826/1037
s 63
f 569/787/989 570/772/972 571/771/971 610/826/1038
s 65
f 577/798/1002 578/795/999 573/794/998 611/827/1039
s 62
f 573/791/995 574/778/978 575/777/977 611/827/1040
s 63
f 575/777/981 576/779/980 577/798/1005 611/827/1041
s 64
f 583/788/994 584/790/993 579/804/1010 612/828/1042
s 65
f 579/801/1007 580/800/1004 581/799/1003 612/828/1043
s 63
f 581/799/1006 582/789/991 583/788/990 612/828/1044
s 66
f 589/813/1019 590/810/1016 585/809/1015 613/829/1045
s 62
f 585/807/1013 586/793/997 587/792/996 613/830/1046
s 65
f 587/797/1001 588/796/1000 589/813/1022 613/829/1047
s 64
f 595/806/1012 596/805/1011 591/819/1027 614/831/1048
s 66
f 591/816/1024 592/815/1021 593/814/1020 614/832/1049
s 65
f 593/814/1023 594/803/1009 595/802/1008 614/832/1050
s 61
f 601/821/1029 602/764/964 597/763/963 615/833/1051
s 62
f 597/768/968 598/767/967 599/808/1014 615/834/1052
s 66
f 599/812/1018 600/811/1017 601/821/1031 615/833/1053
s 64
f 607/820/1028 608/783/985 603/782/984 616/835/1054
s 61
f 603/786/988 604/785/987 605/822/1030 616/836/1055
s 66
f 605/822/1032 606/818/1026 607/817/1025 616/836/1056
s 67
f 618/837/1057 617/838/1058 653/839/1059 658/840/1060
s 68
f 617/841/1061 622/842/1062 654/843/1063 653/844/1064
s 69
f 620/845/1065 619/846/1066 627/847/1067 626/848/1068
s 67
f 619/849/1069 618/837/1057 628/850/1070 627/851/1071
s 68
f 622/842/1062 621/852/1072 631/853/1073 630/854/1074
s 69
f 621/852/1075 620/845/1065 632/855/1076 631/853/1077
s 70
f 624/856/1078 623/857/1079 659/858/1080 664/859/1081
s 67
f 623/860/1082 628/850/1070 660/861/1083 659/862/1084
s 69
f 626/848/1068 625/863/1085 639/864/1086 638/865/1087
s 70
f 625/863/1088 624/856/1078 640/866/1089 639/864/1090
s 68
f 630/854/1074 629/867/1091 643/868/1092 642/869/1093
s 71
f 629/870/1094 634/871/1095 644/872/1096 643/873/1097
f 634/871/1095 633/874/1098 637/875/1099 636/876/1100
s 69
f 633/874/1101 632/855/1076 638/865/1087 637/875/1102
s 71
f 636/876/1100 635/877/1103 651/878/1104 650/879/1105
s 70
f 635/880/1106 640/866/1089 652/881/1107 651/882/1108
s 68
f 642/869/1093 641/883/1109 655/884/1110 654/843/1063
s 72
f 641/885/1111 646/886/1112 656/887/1113 655/888/1114
f 646/886/1112 645/889/1115 649/890/1116 648/891/1117
s 71
f 645/889/1118 644/872/1096 650/879/1105 649/890/1119
s 72
f 648/891/1117 647/892/1120 663/893/1121 662/894/1122
s 70
f 647/895/1123 652/881/1107 664/859/1081 663/896/1124
s 67
f 658/840/1060 657/897/1125 661/898/1126 660/861/1083
s 72
f 657/897/1127 656/887/1113 662/894/1122 661/898/1128
s 69
f 620/845/1065 626/848/1068 638/865/1087 632/855/1076
s 71
f 634/871/1095 636/876/1100 650/879/1105 644/872/1096
s 72
f 646/886/1112 648/891/1117 662/894/1122 656/887/1113
s 67
f 658/840/1060 660/861/1083 628/850/1070 618/837/1057
s 70
f 624/856/1078 664/859/1081 652/881/1107 640/866/1089
s 68
f 654/843/1063 622/842/1062 630/854/1074 642/869/1093
f 621/852/1072 622/842/1062 617/841/1061 665/899/1129
s 67
f 617/838/1058 618/837/1057 619/849/1069 665/900/1130
s 69
f 619/846/1066 620/845/1065 621/852/1075 665/899/1131
s 67
f 627/851/1071 628/850/1070 623/860/1082 666/901/1132
s 70
f 623/857/1079 624/856/1078 625/863/1088 666/902/1133
s 69
f 625/863/1085 626/848/1068 627/847/1067 666/902/1134
s 71
f 633/874/1098 634/871/1095 629/870/1094 667/903/1135
s 68
f 629/867/1091 630/854/1074 631/853/1073 667/903/1136
s 69
f 631/853/1077 632/855/1076 633/874/1101 667/903/1137
s 70
f 639/864/1090 640/866/1089 635/880/1106 668/904/1138
s 71
f 635/877/1103 636/876/1100 637/875/1099 668/904/1139
s 69
f 637/875/1102 638/865/1087 639/864/1086 668/904/1140
s 72
f 645/889/1115 646/886/1112 641/885/1111 669/905/1141
s 68
f 641/883/1109 642/869/1093 643/868/1092 669/906/1142
s 71
f 643/873/1097 644/872/1096 645/889/1118 669/905/1143
s 70
f 651/882/1108 652/881/1107 647/895/1123 670/907/1144
s 72
f 647/892/1120 648/891/1117 649/890/1116 670/908/1145
s 71
f 649/890/1119 650/879/1105 651/878/1104 670/908/1146
s 67
f 657/897/1125 658/840/1060 653/839/1059 671/909/1147
s 68
f 653/844/1064 654/843/1063 655/884/1110 671/910/1148
s 72
f 655/888/1114 656/887/1113 657/897/1127 671/909/1149
s 70
f 663/896/1124 664/859/1081 659/858/1080 672/911/1150
s 67
f 659/862/1084 660/861/1083 661/898/1126 672/912/1151
s 72
f 661/898/1128 662/894/1122 663/893/1121 672/912/1152
s 73
f 674/913/1153 673/914/1154 709/915/1155 714/916/1156
s 74
f 673/917/1157 678/918/1158 710/919/1159 709/920/1160
s 75
f 676/921/1161 675/922/1162 683/923/1163 682/924/1164
s 73
f 675/925/1165 674/913/1153 684/926/1166 683/927/1167
s 74
f 678/918/1158 677/928/1168 687/929/1169 686/930/1170
s 75
f 677/928/1171 676/921/1161 688/931/1172 687/929/1173
s 76
f 680/932/1174 679/933/1175 715/934/1176 720/935/1177
s 73
f 679/936/1178 684/926/1166 716/937/1179 715/938/1180
s 75
f 682/924/1164 681/939/1181 695/940/1182 694/941/1183
s 76
f 681/939/1184 680/932/1174 696/942/1185 695/940/1186
s 74
f 686/930/1170 685/943/1187 699/944/1188 698/945/1189
s 77
f 685/946/1190 690/947/1191 700/948/1192 699/949/1193
f 690/947/1191 689/950/1194 693/951/1195 692/952/1196
s 75
f 689/950/1197 688/931/1172 694/941/1183 693/951/1198
s 77
f 692/952/1196 691/953/1199 707/954/1200 706/955/1201
s 76
f 691/956/1202 696/942/1185 708/957/1203 707/958/1204
s 74
f 698/945/1189 697/959/1205 711/960/1206 710/919/1159
s 78
f 697/961/1207 702/962/1208 712/963/1209 711/964/1210
f 702/962/1208 701/965/1211 705/966/1212 704/967/1213
s 77
f 701/965/1214 700/948/1192 706/955/1201 705/966/1215
s 78
f 704/967/1213 703/968/1216 719/969/1217 718/970/1218
s 76
f 703/971/1219 708/957/1203 720/935/1177 719/972/1220
s 73
f 714/916/1156 713/973/1221 717/974/1222 716/937/1179
s 78
f 713/973/1223 712/963/1209 718/970/1218 717/974/1224
s 75
f 676/921/1161 682/924/1164 694/941/1183 688/931/1172
s 77
f 690/947/1191 692/952/1196 706/955/1201 700/948/1192
s 78
f 702/962/1208 704/967/1213 718/970/1218 712/963/1209
s 73
f 714/916/1156 716/937/1179 684/926/1166 674/913/1153
s 76
f 680/932/1174 720/935/1177 708/957/1203 696/942/1185
s 74
f 710/919/1159 678/918/1158 686/930/1170 698/945/1189
f 677/928/1168 678/918/1158 673/917/1157 721/975/1225
s 73
f 673/914/1154 674/913/1153 675/925/1165 721/976/1226
s 75
f 675/922/1162 676/921/1161 677/928/1171 721/975/1227
s 73
f 683/927/1167 684/926/1166 679/936/1178 722/977/1228
s 76
f 679/933/1175 680/932/1174 681/939/1184 722/978/1229
s 75
f 681/939/1181 682/924/1164 683/923/1163 722/978/1230
s 77
f 689/950/1194 690/947/1191 685/946/1190 723/979/1231
s 74
f 685/943/1187 686/930/1170 687/929/1169 723/979/1232
s 75
f 687/929/1173 688/931/1172 689/950/1197 723/979/1233
s 76
f 695/940/1186 696/942/1185 691/956/1202 724/980/1234
s 77
f 691/953/1199 692/952/1196 693/951/1195 724/980/1235
s 75
f 693/951/1198 694/941/1183 695/940/1182 724/980/1236
s 78
f 701/965/1211 702/962/1208 697/961/1207 725/981/1237
s 74
f 697/959/1205 698/945/1189 699/944/1188 725/982/1238
s 77
f 699/949/1193 700/948/1192 701/965/1214 725/981/1239
s 76
f 707/958/1204 708/957/1203 703/971/1219 726/983/1240
s 78
f 703/968/1216 704/967/1213 705/966/1212 726/984/1241
s 77
f 705/966/1215 706/955/1201 707/954/1200 726/984/1242
s 73
f 713/973/1221 714/916/1156 709/915/1155 727/985/1243
s 74
f 709/920/1160 710/919/1159 711/960/1206 727/986/1244
s 78
f 711/964/1210 712/963/1209 713/973/1223 727/985/1245
s 76
f 719/972/1220 720/935/1177 715/934/1176 728/987/1246
s 73
f 715/938/1180 716/937/1179 717/974/1222 728/988/1247
s 78
f 717/974/1224 718/970/1218 719/969/1217 728/988/1248
s 79
f 730/989/1249 729/990/1250 765/991/1251 770/992/1252
s 80
f 729/993/1253 734/994/1254 766/995/1255 765/996/1256
s 81
f 732/997/1257 731/998/1258 739/999/1259 738/1000/1260
s 79
f 731/1001/1261 730/989/1249 740/1002/1262 739/1003/1263
s 80
f 734/994/1254 733/1004/1264 743/1005/1265 742/1006/1266
s 81
f 733/1004/1267 732/997/1257 744/1007/1268 743/1005/1269
s 82
f 736/1008/1270 735/1009/1271 771/1010/1272 776/1011/1273
s 79
f 735/1012/1274 740/1002/1262 772/1013/1275 771/1014/1276
s 81
f 738/1000/1260 737/1015/1277 751/1016/1278 750/1017/1279
s 82
f 737/1015/1280 736/1008/1270 752/1018/1281 751/1016/1282
s 80
f 742/1006/1266 741/1019/1283 755/1020/1284 754/1021/1285
s 83
f 741/1022/1286 746/1023/1287 756/1024/1288 755/1025/1289
f 746/1023/1287 745/1026/1290 749/1027/1291 748/1028/1292
s 81
f 745/1026/1293 744/1007/1268 750/1017/1279 749/1027/1294
s 83
f 748/1028/1292 747/1029/1295 763/1030/1296 762/1031/1297
s 82
f 747/1032/1298 752/1018/1281 764/1033/1299 763/1034/1300
s 80
f 754/1021/1285 753/1035/1301 767/1036/1302 766/995/1255
s 84
f 753/1037/1303 758/1038/1304 768/1039/1305 767/1040/1306
f 758/1038/1304 757/1041/1307 761/1042/1308 760/1043/1309
s 83
f 757/1041/1310 756/1024/1288 762/1031/1297 761/1042/1311
s 84
f 760/1043/1309 759/1044/1312 775/1045/1313 774/1046/1314
s 82
f 759/1047/1315 764/1033/1299 776/1011/1273 775/1048/1316
s 79
f 770/992/1252 769/1049/1317 773/1050/1318 772/1013/1275
s 84
f 769/1049/1319 768/1039/1305 774/1046/1314 773/1050/1320
s 81
f 732/997/1257 738/1000/1260 750/1017/1279 744/1007/1268
s 83
f 746/1023/1287 748/1028/1292 762/1031/1297 756/1024/1288
s 84
f 758/1038/1304 760/1043/1309 774/1046/1314 768/1039/1305
s 79
f 770/992/1252 772/1013/1275 740/1002/1262 730/989/1249
s 82
f 736/1008/1270 776/1011/1273 764/1033/1299 752/1018/1281
s 80
f 766/995/1255 734/994/1254 742/1006/1266 754/1021/1285
f 733/1004/1264 734/994/1254 729/993/1253 777/1051/1321
s 79
f 729/990/1250 730/989/1249 731/1001/1261 777/1052/1322
s 81
f 731/998/1258 732/997/1257 733/1004/1267 777/1051/1323
s 79
f 739/1003/1263 740/1002/1262 735/1012/1274 778/1053/1324
s 82
f 735/1009/1271 736/1008/1270 737/1015/1280 778/1054/1325
s 81
f 737/1015/1277 738/1000/1260 739/999/1259 778/1054/1326
s 83
f 745/1026/1290 746/1023/1287 741/1022/1286 779/1055/1327
s 80
f 741/1019/1283 742/1006/1266 743/1005/1265 779/1055/1328
s 81
f 743/1005/1269 744/1007/1268 745/1026/1293 779/1055/1329
s 82
f 751/1016/1282 752/1018/1281 747/1032/1298 780/1056/1330
s 83
f 747/1029/1295 748/1028/1292 749/1027/1291 780/1056/1331
s 81
f 749/1027/1294 750/1017/1279 751/1016/1278 780/1056/1332
s 84
f 757/1041/1307 758/1038/1304 753/1037/1303 781/1057/1333
s 80
f 753/1035/1301 754/1021/1285 755/1020/1284 781/1058/1334
s 83
f 755/1025/1289 756/1024/1288 757/1041/1310 781/1057/1335
s 82
f 763/1034/1300 764/1033/1299 759/1047/1315 782/1059/1336
s 84
f 759/1044/1312 760/1043/1309 761/1042/1308 782/1060/1337
s 83
f 761/1042/1311 762/1031/1297 763/1030/1296 782/1060/1338
s 79
f 769/1049/1317 770/992/1252 765/991/1251 783/1061/1339
s 80
f 765/996/1256 766/995/1255 767/1036/1302 783/1062/1340
s 84
f 767/1040/1306 768/1039/1305 769/1049/1319 783/1061/1341
s 82
f 775/1048/1316 776/1011/1273 771/1010/1272 784/1063/1342
s 79
f 771/1014/1276 772/1013/1275 773/1050/1318 784/1064/1343
s 84
f 773/1050/1320 774/1046/1314 775/1045/1313 784/1064/1344
s 85
f 786/1065/1345 785/1066/1346 821/1067/1347 826/1068/1348
s 86
f 785/1069/1349 790/1070/1350 822/1071/1351 821/1072/1352
s 87
f 788/1073/1353 787/1074/1354 795/1075/1355 794/1076/1356
s 85
f 787/1077/1357 786/1065/1345 796/1078/1358 795/1079/1359
s 86
f 790/1070/1350 789/1080/1360 799/1081/1361 798/1082/1362
s 87
f 789/1080/1363 788/1073/1353 800/1083/1364 799/1081/1365
s 88
f 792/1084/1366 791/1085/1367 827/1086/1368 832/1087/1369
s 85
f 791/1088/1370 796/1078/1358 828/1089/1371 827/1090/1372
s 87
f 794/1076/1356 793/1091/1373 807/1092/1374 806/1093/1375
s 88
f 793/1091/1376 792/1084/1366 808/1094/1377 807/1092/1378
s 86
f 798/1082/1362 797/1095/1379 811/1096/1380 810/1097/1381
s 89
f 797/1098/1382 802/1099/1383 812/1100/1384 811/1101/1385
f 802/1099/1383 801/1102/1386 805/1103/1387 804/1104/1388
s 87
f 801/1102/1389 800/1083/1364 806/1093/1375 805/1103/1390
s 89
f 804/1104/1388 803/1105/1391 819/1106/1392 818/1107/1393
s 88
f 803/1108/1394 808/1094/1377 820/1109/1395 819/1110/1396
s 86
f 810/1097/1381 809/1111/1397 823/1112/1398 822/1071/1351
s 90
f 809/1113/1399 814/1114/1400 824/1115/1401 823/1116/1402
f 814/1114/1400 813/1117/1403 817/1118/1404 816/1119/1405
s 89
f 813/1117/1406 812/1100/1384 818/1107/1393 817/1118/1407
s 90
f 816/1119/1405 815/1120/1408 831/1121/1409 830/1122/1410
s 88
f 815/1123/1411 820/1109/1395 832/1087/1369 831/1124/1412
s 85
f 826/1068/1348 825/1125/1413 829/1126/1414 828/1089/1371
s 90
f 825/1125/1415 824/1115/1401 830/1122/1410 829/1126/1416
s 87
f 788/1073/1353 794/1076/1356 806/1093/1375 800/1083/1364
s 89
f 802/1099/1383 804/1104/1388 818/1107/1393 812/1100/1384
s 90
f 814/1114/1400 816/1119/1405 830/1122/1410 824/1115/1401
s 85
f 826/1068/1348 828/1089/1371 796/1078/1358 786/1065/1345
s 88
f 792/1084/1366 832/1087/1369 820/1109/1395 808/1094/1377
s 86
f 822/1071/1351 790/1070/1350 798/1082/1362 810/1097/1381
f 789/1080/1360 790/1070/1350 785/1069/1349 833/1127/1417
s 85
f 785/1066/1346 786/1065/1345 787/1077/1357 833/1128/1418
s 87
f 787/1074/1354 788/1073/1353 789/1080/1363 833/1127/1419
s 85
f 795/1079/1359 796/1078/1358 791/1088/1370 834/1129/1420
s 88
f 791/1085/1367 792/1084/1366 793/1091/1376 834/1130/1421
s 87
f 793/1091/1373 794/1076/1356 795/1075/1355 834/1130/1422
s 89
f 801/1102/1386 802/1099/1383 797/1098/1382 835/1131/1423
s 86
f 797/1095/1379 798/1082/1362 799/1081/1361 835/1131/1424
s 87
f 799/1081/1365 800/1083/1364 801/1102/1389 835/1131/1425
s 88
f 807/1092/1378 808/1094/1377 803/1108/1394 836/1132/1426
s 89
f 803/1105/1391 804/1104/1388 805/1103/1387 836/1132/1427
s 87
f 805/1103/1390 806/1093/1375 807/1092/1374 836/1132/1428
s 90
f 813/1117/1403 814/1114/1400 809/1113/1399 837/1133/1429
s 86
f 809/1111/1397 810/1097/1381 811/1096/1380 837/1134/1430
s 89
f 811/1101/1385 812/1100/1384 813/1117/1406 837/1133/1431
s 88
f 819/1110/1396 820/1109/1395 815/1123/1411 838/1135/1432
s 90
f 815/1120/1408 816/1119/1405 817/1118/1404 838/1136/1433
s 89
f 817/1118/1407 818/1107/1393 819/1106/1392 838/1136/1434
s 85
f 825/1125/1413 826/1068/1348 821/1067/1347 839/1137/1435
s 86
f 821/1072/1352 822/1071/1351 823/1112/1398 839/1138/1436
s 90
f 823/1116/1402 824/1115/1401 825/1125/1415 839/1137/1437
s 88
f 831/1124/1412 832/1087/1369 827/1086/1368 840/1139/1438
s 85
f 827/1090/1372 828/1089/1371 829/1126/1414 840/1140/1439
s 90
f 829/1126/1416 830/1122/1410 831/1121/1409 840/1140/1440
s 91
f 842/1141/1441 841/1142/1442 877/1143/1443 882/1144/1444
s 92
f 841/1145/1445 846/1146/1446 878/1147/1447 877/1148/1448
s 93
f 844/1149/1449 843/1150/1450 851/1151/1451 850/1152/1452
s 91
f 843/1153/1453 842/1141/1441 852/1154/1454 851/1155/1455
s 92
f 846/1146/1446 845/1156/1456 855/1157/1457 854/1158/1458
s 93
f 845/1156/1459 844/1149/1449 856/1159/1460 855/1157/1461
s 94
f 848/1160/1462 847/1161/1463 883/1162/1464 888/1163/1465
s 91
f 847/1164/1466 852/1154/1454 884/1165/1467 883/1166/1468
s 93
f 850/1152/1452 849/1167/1469 863/1168/1470 862/1169/1471
s 94
f 849/1167/1472 848/1160/1462 864/1170/1473 863/1168/1474
s 92
f 854/1158/1458 853/1171/1475 867/1172/1476 866/1173/1477
s 95
f 853/1174/1478 858/1175/1479 868/1176/1480 867/1177/1481
f 858/1175/1479 857/1178/1482 861/1179/1483 860/1180/1484
s 93
f 857/1178/1485 856/1159/1460 862/1169/1471 861/1179/1486
s 95
f 860/1180/1484 859/1181/1487 875/1182/1488 874/1183/1489
s 94
f 859/1184/1490 864/1170/1473 876/1185/1491 875/1186/1492
s 92
f 866/1173/1477 865/1187/1493 879/1188/1494 878/1147/1447
s 96
f 865/1189/1495 870/1190/1496 880/1191/1497 879/1192/1498
f 870/1190/1496 869/1193/1499 873/1194/1500 872/1195/1501
s 95
f 869/1193/1502 868/1176/1480 874/1183/1489 873/1194/1503
s 96
f 872/1195/1501 871/1196/1504 887/1197/1505 886/1198/1506
s 94
f 871/1199/1507 876/1185/1491 888/1163/1465 887/1200/1508
s 91
f 882/1144/1444 881/1201/1509 885/1202/1510 884/1165/1467
s 96
f 881/1201/1511 880/1191/1497 886/1198/1506 885/1202/1512
s 93
f 844/1149/1449 850/1152/1452 862/1169/1471 856/1159/1460
s 95
f 858/1175/1479 860/1180/1484 874/1183/1489 868/1176/1480
s 96
f 870/1190/1496 872/1195/1501 886/1198/1506 880/1191/1497
s 91
f 882/1144/1444 884/1165/1467 852/1154/1454 842/1141/1441
s 94
f 848/1160/1462 888/1163/1465 876/1185/1491 864/1170/1473
s 92
f 878/1147/1447 846/1146/1446 854/1158/1458 866/1173/1477
f 845/1156/1456 846/1146/1446 841/1145/1445 889/1203/1513
s 91
f 841/1142/1442 842/1141/1441 843/1153/1453 889/1204/1514
s 93
f 843/1150/1450 844/1149/1449 845/1156/1459 889/1203/1515
s 91
f 851/1155/1455 852/1154/1454 847/1164/1466 890/1205/1516
s 94
f 847/1161/1463 848/1160/1462 849/1167/1472 890/1206/1517
s 93
f 849/1167/1469 850/1152/1452 851/1151/1451 890/1206/1518
s 95
f 857/1178/1482 858/1175/1479 853/1174/1478 891/1207/1519
s 92
f 853/1171/1475 854/1158/1458 855/1157/1457 891/1207/1520
s 93
f 855/1157/1461 856/1159/1460 857/1178/1485 891/1207/1521
s 94
f 863/1168/1474 864/1170/1473 859/1184/1490 892/1208/1522
s 95
f 859/1181/1487 860/1180/1484 861/1179/1483 892/1208/1523
s 93
f 861/1179/1486 862/1169/1471 863/1168/1470 892/1208/1524
s 96
f 869/1193/1499 870/1190/1496 865/1189/1495 893/1209/1525
s 92
f 865/1187/1493 866/1173/1477 867/1172/1476 893/1210/1526
s 95
f 867/1177/1481 868/1176/1480 869/1193/1502 893/1209/1527
s 94
f 875/1186/1492 876/1185/1491 871/1199/1507 894/1211/1528
s 96
f 871/1196/1504 872/1195/1501 873/1194/1500 894/1212/1529
s 95
f 873/1194/1503 874/1183/1489 875/1182/1488 894/1212/1530
s 91
f 881/1201/1509 882/1144/1444 877/1143/1443 895/1213/1531
s 92
f 877/1148/1448 878/1147/1447 879/1188/1494 895/1214/1532
s 96
f 879/1192/1498 880/1191/1497 881/1201/1511 895/1213/1533
s 94
f 887/1200/1508 888/1163/1465 883/1162/1464 896/1215/1534
s 91
f 883/1166/1468 884/1165/1467 885/1202/1510 896/1216/1535
s 96
f 885/1202/1512 886/1198/1506 887/1197/1505 896/1216/1536
s 97
f 898/1217/1537 897/1218/1538 933/1219/1539 938/1220/1540
s 98
f 897/1221/1541 902/1222/1542 934/1223/1543 933/1224/1544
s 99
f 900/1225/1545 899/1226/1546 907/1227/1547 906/1228/1548
s 97
f 899/1229/1549 898/1217/1537 908/1230/1550 907/1231/1551
s 98
f 902/1222/1542 901/1232/1552 911/1233/1553 910/1234/1554
s 99
f 901/1232/1555 900/1225/1545 912/1235/1556 911/1233/1557
s 100
f 904/1236/1558 903/1237/1559 939/1238/1560 944/1239/1561
s 97
f 903/1240/1562 908/1230/1550 940/1241/1563 939/1242/1564
s 99
f 906/1228/1548 905/1243/1565 919/1244/1566 918/1245/1567
s 100
f 905/1243/1568 904/1236/1558 920/1246/1569 919/1244/1570
s 98
f 910/1234/1554 909/1247/1571 923/1248/1572 922/1249/1573
s 101
f 909/1250/1574 914/1251/1575 924/1252/1576 923/1253/1577
f 914/1251/1575 913/1254/1578 917/1255/1579 916/1256/1580
s 99
f 913/1254/1581 912/1235/1556 918/1245/1567 917/1255/1582
s 101
f 916/1256/1580 915/1257/1583 931/1258/1584 930/1259/1585
s 100
f 915/1260/1586 920/1246/1569 932/1261/1587 931/1262/1588
s 98
f 922/1249/1573 921/1263/1589 935/1264/1590 934/1223/1543
s 102
f 921/1265/1591 926/1266/1592 936/1267/1593 935/1268/1594
f 926/1266/1592 925/1269/1595 929/1270/1596 928/1271/1597
s 101
f 925/1269/1598 924/1252/1576 930/1259/1585 929/1270/1599
s 102
f 928/1271/1597 927/1272/1600 943/1273/1601 942/1274/1602
s 100
f 927/1275/1603 932/1261/1587 944/1239/1561 943/1276/1604
s 97
f 938/1220/1540 937/1277/1605 941/1278/1606 940/1241/1563
s 102
f 937/1277/1607 936/1267/1593 942/1274/1602 941/1278/1608
s 99
f 900/1225/1545 906/1228/1548 918/1245/1567 912/1235/1556
s 101
f 914/1251/1575 916/1256/1580 930/1259/1585 924/1252/1576
s 102
f 926/1266/1592 928/1271/1597 942/1274/1602 936/1267/1593
s 97
f 938/1220/1540 940/1241/1563 908/1230/1550 898/1217/1537
s 100
f 904/1236/1558 944/1239/1561 932/1261/1587 920/1246/1569
s 98
f 934/1223/1543 902/1222/1542 910/1234/1554 922/1249/1573
f 901/1232/1552 902/1222/1542 897/1221/1541 945/1279/1609
s 97
f 897/1218/1538 898/1217/1537 899/1229/1549 945/1280/1610
s 99
f 899/1226/1546 900/1225/1545 901/1232/1555 945/1279/1611
s 97
f 907/1231/1551 908/1230/1550 903/1240/1562 946/1281/1612
s 100
f 903/1237/1559 904/1236/1558 905/1243/1568 946/1282/1613
s 99
f 905/1243/1565 906/1228/1548 907/1227/1547 946/1282/1614
s 101
f 913/1254/1578 914/1251/1575 909/1250/1574 947/1283/1615
s 98
f 909/1247/1571 910/1234/1554 911/1233/1553 947/1283/1616
s 99
f 911/1233/1557 912/1235/1556 913/1254/1581 947/1283/1617
s 100
f 919/1244/1570 920/1246/1569 915/1260/1586 948/1284/1618
s 101
f 915/1257/1583 916/1256/1580 917/1255/1579 948/1284/1619
s 99
f 917/1255/1582 918/1245/1567 919/1244/1566 948/1284/1620
s 102
f 925/1269/1595 926/1266/1592 921/1265/1591 949/1285/1621
s 98
f 921/1263/1589 922/1249/1573 923/1248/1572 949/1286/1622
s 101
f 923/1253/1577 924/1252/1576 925/1269/1598 949/1285/1623
s 100
f 931/1262/1588 932/1261/1587 927/1275/1603 950/1287/1624
s 102
f 927/1272/1600 928/1271/1597 929/1270/1596 950/1288/1625
s 101
f 929/1270/1599 930/1259/1585 931/1258/1584 950/1288/1626
s 97
f 937/1277/1605 938/1220/1540 933/1219/1539 951/1289/1627
s 98
f 933/1224/1544 934/1223/1543 935/1264/1590 951/1290/1628
s 102
f 935/1268/1594 936/1267/1593 937/1277/1607 951/1289/1629
s 100
f 943/1276/1604 944/1239/1561 939/1238/1560 952/1291/1630
s 97
f 939/1242/1564 940/1241/1563 941/1278/1606 952/1292/1631
s 102
f 941/1278/1608 942/1274/1602 943/1273/1601 952/1292/1632
s 103
f 954/1293/1633 953/1294/1634 989/1295/1635 994/1296/1636
s 104
f 953/1297/1637 958/1298/1638 990/1299/1639 989/1300/1640
s 105
f 956/1301/1641 955/1302/1642 963/1303/1643 962/1304/1644
s 103
f 955/1305/1645 954/1293/1633 964/1306/1646 963/1307/1647
s 104
f 958/1298/1638 957/1308/1648 967/1309/1649 966/1310/1650
s 105
f 957/1308/1651 956/1301/1641 968/1311/1652 967/1309/1653
s 106
f 960/1312/1654 959/1313/1655 995/1314/1656 1000/1315/1657
s 103
f 959/1316/1658 964/1306/1646 996/1317/1659 995/1318/1660
s 105
f 962/1304/1644 961/1319/1661 975/1320/1662 974/1321/1663
s 106
f 961/1319/1664 960/1312/1654 976/1322/1665 975/1320/1666
s 104
f 966/1310/1650 965/1323/1667 979/1324/1668 978/1325/1669
s 107
f 965/1326/1670 970/1327/1671 980/1328/1672 979/1329/1673
f 970/1327/1671 969/1330/1674 973/1331/1675 972/1332/1676
s 105
f 969/1330/1677 968/1311/1652 974/1321/1663 973/1331/1678
s 107
f 972/1332/1676 971/1333/1679 987/1334/1680 986/1335/1681
s 106
f 971/1336/1682 976/1322/1665 988/1337/1683 987/1338/1684
s 104
f 978/1325/1669 977/1339/1685 991/1340/1686 990/1299/1639
s 108
f 977/1341/1687 982/1342/1688 992/1343/1689 991/1344/1690
f 982/1342/1688 981/1345/1691 985/1346/1692 984/1347/1693
s 107
f 981/1345/1694 980/1328/1672 986/1335/1681 985/1346/1695
s 108
f 984/1347/1693 983/1348/1696 999/1349/1697 998/1350/1698
s 106
f 983/1351/1699 988/1337/1683 1000/1315/1657 999/1352/1700
s 103
f 994/1296/1636 993/1353/1701 997/1354/1702 996/1317/1659
s 108
f 993/1353/1703 992/1343/1689 998/1350/1698 997/1354/1704
s 105
f 956/1301/1641 962/1304/1644 974/1321/1663 968/1311/1652
s 107
f 970/1327/1671 972/1332/1676 986/1335/1681 980/1328/1672
s 108
f 982/1342/1688 984/1347/1693 998/1350/1698 992/1343/1689
s 103
f 994/1296/1636 996/1317/1659 964/1306/1646 954/1293/1633
s 106
f 960/1312/1654 1000/1315/1657 988/1337/1683 976/1322/1665
s 104
f 990/1299/1639 958/1298/1638 966/1310/1650 978/1325/1669
f 957/1308/1648 958/1298/1638 953/1297/1637 1001/1355/1705
s 103
f 953/1294/1634 954/1293/1633 955/1305/1645 1001/1356/1706
s 105
f 955/1302/1642 956/1301/1641 957/1308/1651 1001/1355/1707
s 103
f 963/1307/1647 964/1306/1646 959/1316/1658 1002/1357/1708
s 106
f 959/1313/1655 960/1312/1654 961/1319/1664 1002/1358/1709
s 105
f 961/1319/1661 962/1304/1644 963/1303/1643 1002/1358/1710
s 107
f 969/1330/1674 970/1327/1671 965/1326/1670 1003/1359/1711
s 104
f 965/1323/1667 966/1310/1650 967/1309/1649 1003/1359/1712
s 105
f 967/1309/1653 968/1311/1652 969/1330/1677 1003/1359/1713
s 106
f 975/1320/1666 976/1322/1665 971/1336/1682 1004/1360/1714
s 107
f 971/1333/1679 972/1332/1676 973/1331/1675 1004/1360/1715
s 105
f 973/1331/1678 974/1321/1663 975/1320/1662 1004/1360/1716
s 108
f 981/1345/1691 982/1342/1688 977/1341/1687 1005/1361/1717
s 104
f 977/1339/1685 978/1325/1669 979/1324/1668 1005/1362/1718
s 107
f 979/1329/1673 980/1328/1672 981/1345/1694 1005/1361/1719
s 106
f 987/1338/1684 988/1337/1683 983/1351/1699 1006/1363/1720
s 108
f 983/1348/1696 984/1347/1693 985/1346/1692 1006/1364/1721
s 107
f 985/1346/1695 986/1335/1681 987/1334/1680 1006/1364/1722
s 103
f 993/1353/1701 994/1296/1636 989/1295/1635 1007/1365/1723
s 104
f 989/1300/1640 990/1299/1639 991/1340/1686 1007/1366/1724
s 108
f 991/1344/1690 992/1343/1689 993/1353/1703 1007/1365/1725
s 106
f 999/1352/1700 1000/1315/1657 995/1314/1656 1008/1367/1726
s 103
f 995/1318/1660 996/1317/1659 997/1354/1702 1008/1368/1727
s 108
f 997/1354/1704 998/1350/1698 999/1349/1697 1008/1368/1728
s 109
f 1010/1369/1729 1009/1370/1730 1045/1371/1731 1050/1372/1732
s 110
f 1009/1373/1733 1014/1374/1734 1046/1375/1735 1045/1376/1736
s 111
f 1012/1377/1737 1011/1378/1738 1019/1379/1739 1018/1380/1740
s 109
f 1011/1381/1741 1010/1369/1729 1020/1382/1742 1019/1383/1743
s 110
f 1014/1374/1734 1013/1384/1744 1023/1385/1745 1022/1386/1746
s 111
f 1013/1384/1747 1012/1377/1737 1024/1387/1748 1023/1385/1749
s 112
f 1016/1388/1750 1015/1389/1751 1051/1390/1752 1056/1391/1753
s 109
f 1015/1392/1754 1020/1382/1742 1052/1393/1755 1051/1394/1756
s 111
f 1018/1380/1740 1017/1395/1757 1031/1396/1758 1030/1397/1759
s 112
f 1017/1395/1760 1016/1388/1750 1032/1398/1761 1031/1396/1762
s 110
f 1022/1386/1746 1021/1399/1763 1035/1400/1764 1034/1401/1765
s 113
f 1021/1402/1766 1026/1403/1767 1036/1404/1768 1035/1405/1769
f 1026/1403/1767 1025/1406/1770 1029/1407/1771 1028/1408/1772
s 111
f 1025/1406/1773 1024/1387/1748 1030/1397/1759 1029/1407/1774
s 113
f 1028/1408/1772 1027/1409/1775 1043/1410/1776 1042/1411/1777
s 112
f 1027/1412/1778 1032/1398/1761 1044/1413/1779 1043/1414/1780
s 110
f 1034/1401/1765 1033/1415/1781 1047/1416/1782 1046/1375/1735
s 114
f 1033/1417/1783 1038/1418/1784 1048/1419/1785 1047/1420/1786
f 1038/1418/1784 1037/1421/1787 1041/1422/1788 1040/1423/1789
s 113
f 1037/1421/1790 1036/1404/1768 1042/1411/1777 1041/1422/1791
s 114
f 1040/1423/1789 1039/1424/1792 1055/1425/1793 1054/1426/1794
s 112
f 1039/1427/1795 1044/1413/1779 1056/1391/1753 1055/1428/1796
s 109
f 1050/1372/1732 1049/1429/1797 1053/1430/1798 1052/1393/1755
s 114
f 1049/1429/1799 1048/1419/1785 1054/1426/1794 1053/1430/1800
s 111
f 1012/1377/1737 1018/1380/1740 1030/1397/1759 1024/1387/1748
s 113
f 1026/1403/1767 1028/1408/1772 1042/1411/1777 1036/1404/1768
s 114
f 1038/1418/1784 1040/1423/1789 1054/1426/1794 1048/1419/1785
s 109
f 1050/1372/1732 1052/1393/1755 1020/1382/1742 1010/1369/1729
s 112
f 1016/1388/1750 1056/1391/1753 1044/1413/1779 1032/1398/1761
s 110
f 1046/1375/1735 1014/1374/1734 1022/1386/1746 1034/1401/1765
f 1013/1384/1744 1014/1374/1734 1009/1373/1733 1057/1431/1801
s 109
f 1009/1370/1730 1010/1369/1729 1011/1381/1741 1057/1432/1802
s 111
f 1011/1378/1738 1012/1377/1737 1013/1384/1747 1057/1431/1803
s 109
f 1019/1383/1743 1020/1382/1742 1015/1392/1754 1058/1433/1804
s 112
f 1015/1389/1751 1016/1388/1750 1017/1395/1760 1058/1434/1805
s 111
f 1017/1395/1757 1018/1380/1740 1019/1379/1739 1058/1434/1806
s 113
f 1025/1406/1770 1026/1403/1767 1021/1402/1766 1059/1435/1807
s 110
f 1021/1399/1763 1022/1386/1746 1023/1385/1745 1059/1435/1808
s 111
f 1023/1385/1749 1024/1387/1748 1025/1406/1773 1059/1435/1809
s 112
f 1031/1396/1762 1032/1398/1761 1027/1412/1778 1060/1436/1810
s 113
f 1027/1409/1775 1028/1408/1772 1029/1407/1771 1060/1436/1811
s 111
f 1029/1407/1774 1030/1397/1759 1031/1396/1758 1060/1436/1812
s 114
f 1037/1421/1787 1038/1418/1784 1033/1417/1783 1061/1437/1813
s 110
f 1033/1415/1781 1034/1401/1765 1035/1400/1764 1061/1438/1814
s 113
f 1035/1405/1769 1036/1404/1768 1037/1421/1790 1061/1437/1815
s 112
f 1043/1414/1780 1044/1413/1779 1039/1427/1795 1062/1439/1816
s 114
f 1039/1424/1792 1040/1423/1789 1041/1422/1788 1062/1440/1817
s 113
f 1041/1422/1791 1042/1411/1777 1043/1410/1776 1062/1440/1818
s 109
f 1049/1429/1797 1050/1372/1732 1045/1371/1731 1063/1441/1819
s 110
f 1045/1376/1736 1046/1375/1735 1047/1416/1782 1063/1442/1820
s 114
f 1047/1420/1786 1048/1419/1785 1049/1429/1799 1063/1441/1821
s 112
f 1055/1428/1796 1056/1391/1753 1051/1390/1752 1064/1443/1822
s 109
f 1051/1394/1756 1052/1393/1755 1053/1430/1798 1064/1444/1823
s 114
f 1053/1430/1800 1054/1426/1794 1055/1425/1793 1064/1444/1824
s 115
f 1066/1445/1825 1065/1446/1826 1101/1447/1827 1106/1448/1828
s 116
f 1065/1449/1829 1070/1450/1830 1102/1451/1831 1101/1452/1832
s 117
f 1068/1453/1833 1067/1454/1834 1075/1455/1835 1074/1456/1836
s 115
f 1067/1457/1837 1066/1445/1825 1076/1458/1838 1075/1459/1839
s 116
f 1070/1450/1830 1069/1460/1840 1079/1461/1841 1078/1462/1842
s 117
f 1069/1460/1843 1068/1453/1833 1080/1463/1844 1079/1461/1845
s 118
f 1072/1464/1846 1071/1465/1847 1107/1466/1848 1112/1467/1849
s 115
f 1071/1468/1850 1076/1458/1838 1108/1469/1851 1107/1470/1852
s 117
f 1074/1456/1836 1073/1471/1853 1087/1472/1854 1086/1473/1855
s 118
f 1073/1471/1856 1072/1464/1846 1088/1474/1857 1087/1472/1858
s 116
f 1078/1462/1842 1077/1475/1859 1091/1476/1860 1090/1477/1861
s 119
f 1077/1478/1862 1082/1479/1863 1092/1480/1864 1091/1481/1865
f 1082/1479/1863 1081/1482/1866 1085/1483/1867 1084/1484/1868
s 117
f 1081/1482/1869 1080/1463/1844 1086/1473/1855 1085/1483/1870
s 119
f 1084/1484/1868 1083/1485/1871 1099/1486/1872 1098/1487/1873
s 118
f 1083/1488/1874 1088/1474/1857 1100/1489/1875 1099/1490/1876
s 116
f 1090/1477/1861 1089/1491/1877 1103/1492/1878 1102/1451/1831
s 120
f 1089/1493/1879 1094/1494/1880 1104/1495/1881 1103/1496/1882
f 1094/1494/1880 1093/1497/1883 1097/1498/1884 1096/1499/1885
s 119
f 1093/1497/1886 1092/1480/1864 1098/1487/1873 1097/1498/1887
s 120
f 1096/1499/1885 1095/1500/1888 1111/1501/1889 1110/1502/1890
s 118
f 1095/1503/1891 1100/1489/1875 1112/1467/1849 1111/1504/1892
s 115
f 1106/1448/1828 1105/1505/1893 1109/1506/1894 1108/1469/1851
s 120
f 1105/1505/1895 1104/1495/1881 1110/1502/1890 1109/1506/1896
s 117
f 1068/1453/1833 1074/1456/1836 1086/1473/1855 1080/1463/1844
s 119
f 1082/1479/1863 1084/1484/1868 1098/1487/1873 1092/1480/1864
s 120
f 1094/1494/1880 1096/1499/1885 1110/1502/1890 1104/1495/1881
s 115
f 1106/1448/1828 1108/1469/1851 1076/1458/1838 1066/1445/1825
s 118
f 1072/1464/1846 1112/1467/1849 1100/1489/1875 1088/1474/1857
s 116
f 1102/1451/1831 1070/1450/1830 1078/1462/1842 1090/1477/1861
f 1069/1460/1840 1070/1450/1830 1065/1449/1829 1113/1507/1897
s 115
f 1065/1446/1826 1066/1445/1825 1067/1457/1837 1113/1508/1898
s 117
f 1067/1454/1834 1068/1453/1833 1069/1460/1843 1113/1507/1899
s 115
f 1075/1459/1839 1076/1458/1838 1071/1468/1850 1114/1509/1900
s 118
f 1071/1465/1847 1072/1464/1846 1073/1471/1856 1114/1510/1901
s 117
f 1073/1471/1853 1074/1456/1836 1075/1455/1835 1114/1510/1902
s 119
f 1081/1482/1866 1082/1479/1863 1077/1478/1862 1115/1511/1903
s 116
f 1077/1475/1859 1078/1462/1842 1079/1461/1841 1115/1511/1904
s 117
f 1079/1461/1845 1080/1463/1844 1081/1482/1869 1115/1511/1905
s 118
f 1087/1472/1858 1088/1474/1857 1083/1488/1874 1116/1512/1906
s 119
f 1083/1485/1871 1084/1484/1868 1085/1483/1867 1116/1512/1907
s 117
f 1085/1483/1870 1086/1473/1855 1087/1472/1854 1116/1512/1908
s 120
f 1093/1497/1883 1094/1494/1880 1089/1493/1879 1117/1513/1909
s 116
f 1089/1491/1877 1090/1477/1861 1091/1476/1860 1117/1514/1910
s 119
f 1091/1481/1865 1092/1480/1864 1093/1497/1886 1117/1513/1911
s 118
f 1099/1490/1876 1100/1489/1875 1095/1503/1891 1118/1515/1912
s 120
f 1095/1500/1888 1096/1499/1885 1097/1498/1884 1118/1516/1913
s 119
f 1097/1498/1887 1098/1487/1873 1099/1486/1872 1118/1516/1914
s 115
f 1105/1505/1893 1106/1448/1828 1101/1447/1827 1119/1517/1915
s 116
f 1101/1452/1832 1102/1451/1831 1103/1492/1878 1119/1518/1916
s 120
f 1103/1496/1882 1104/1495/1881 1105/1505/1895 1119/1517/1917
s 118
f 1111/1504/1892 1112/1467/1849 1107/1466/1848 1120/1519/1918
s 115
f 1107/1470/1852 1108/1469/1851 1109/1506/1894 1120/1520/1919
s 120
f 1109/1506/1896 1110/1502/1890 1111/1501/1889 1120/1520/1920
s 121
f 1122/1521/1921 1121/1522/1922 1157/1523/1923 1162/1524/1924
s 122
f 1121/1525/1925 1126/1526/1926 1158/1527/1927 1157/1528/1928
s 123
f 1124/1529/1929 1123/1530/1930 1131/1531/1931 1130/1532/1932
s 121
f 1123/1533/1933 1122/1521/1921 1132/1534/1934 1131/1535/1935
s 122
f 1126/1526/1926 1125/1536/1936 1135/1537/1937 1134/1538/1938
s 123
f 1125/1536/1939 1124/1529/1929 1136/1539/1940 1135/1537/1941
s 124
f 1128/1540/1942 1127/1541/1943 1163/1542/1944 1168/1543/1945
s 121
f 1127/1544/1946 1132/1534/1934 1164/1545/1947 1163/1546/1948
s 123
f 1130/1532/1932 1129/1547/1949 1143/1548/1950 1142/1549/1951
s 124
f 1129/1547/1952 1128/1540/1942 1144/1550/1953 1143/1548/1954
s 122
f 1134/1538/1938 1133/1551/1955 1147/1552/1956 1146/1553/1957
s 125
f 1133/1554/1958 1138/1555/1959 1148/1556/1960 1147/1557/1961
f 1138/1555/1959 1137/1558/1962 1141/1559/1963 1140/1560/1964
s 123
f 1137/1558/1965 1136/1539/1940 1142/1549/1951 1141/1559/1966
s 125
f 1140/1560/1964 1139/1561/1967 1155/1562/1968 1154/1563/1969
s 124
f 1139/1564/1970 1144/1550/1953 1156/1565/1971 1155/1566/1972
s 122
f 1146/1553/1957 1145/1567/1973 1159/1568/1974 1158/1527/1927
s 126
f 1145/1569/1975 1150/1570/1976 1160/1571/1977 1159/1572/1978
f 1150/1570/1976 1149/1573/1979 1153/1574/1980 1152/1575/1981
s 125
f 1149/1573/1982 1148/1556/1960 1154/1563/1969 1153/1574/1983
s 126
f 1152/1575/1981 1151/1576/1984 1167/1577/1985 1166/1578/1986
s 124
f 1151/1579/1987 1156/1565/1971 1168/1543/1945 1167/1580/1988
s 121
f 1162/1524/1924 1161/1581/1989 1165/1582/1990 1164/1545/1947
s 126
f 1161/1581/1991 1160/1571/1977 1166/1578/1986 1165/1582/1992
s 123
f 1124/1529/1929 1130/1532/1932 1142/1549/1951 1136/1539/1940
s 125
f 1138/1555/1959 1140/1560/1964 1154/1563/1969 1148/1556/1960
s 126
f 1150/1570/1976 1152/1575/1981 1166/1578/1986 1160/1571/1977
s 121
f 1162/1524/1924 1164/1545/1947 1132/1534/1934 1122/1521/1921
s 124
f 1128/1540/1942 1168/1543/1945 1156/1565/1971 1144/1550/1953
s 122
f 1158/1527/1927 1126/1526/1926 1134/1538/1938 1146/1553/1957
f 1125/1536/1936 1126/1526/1926 1121/1525/1925 1169/1583/1993
s 121
f 1121/1522/1922 1122/1521/1921 1123/1533/1933 1169/1584/1994
s 123
f 1123/1530/1930 1124/1529/1929 1125/1536/1939 1169/1583/1995
s 121
f 1131/1535/1935 1132/1534/1934 1127/1544/1946 1170/1585/1996
s 124
f 1127/1541/1943 1128/1540/1942 1129/1547/1952 1170/1586/1997
s 123
f 1129/1547/1949 1130/1532/1932 1131/1531/1931 1170/1586/1998
s 125
f 1137/1558/1962 1138/1555/1959 1133/1554/1958 1171/1587/1999
s 122
f 1133/1551/1955 1134/1538/1938 1135/1537/1937 1171/1587/2000
s 123
f 1135/1537/1941 1136/1539/1940 1137/1558/1965 1171/1587/2001
s 124
f 1143/1548/1954 1144/1550/1953 1139/1564/1970 1172/1588/2002
s 125
f 1139/1561/1967 1140/1560/1964 1141/1559/1963 1172/1588/2003
s 123
f 1141/1559/1966 1142/1549/1951 1143/1548/1950 1172/1588/2004
s 126
f 1149/1573/1979 1150/1570/1976 1145/1569/1975 1173/1589/2005
s 122
f 1145/1567/1973 1146/1553/1957 1147/1552/1956 1173/1590/2006
s 125
f 1147/1557/1961 1148/1556/1960 1149/1573/1982 1173/1589/2007
s 124
f 1155/1566/1972 1156/1565/1971 1151/1579/1987 1174/1591/2008
s 126
f 1151/1576/1984 1152/1575/1981 1153/1574/1980 1174/1592/2009
s 125
f 1153/1574/1983 1154/1563/1969 1155/1562/1968 1174/1592/2010
s 121
f 1161/1581/1989 1162/1524/1924 1157/1523/1923 1175/1593/2011
s 122
f 1157/1528/1928 1158/1527/1927 1159/1568/1974 1175/1594/2012
s 126
f 1159/1572/1978 1160/1571/1977 1161/1581/1991 1175/1593/2013
s 124
f 1167/1580/1988 1168/1543/1945 1163/1542/1944 1176/1595/2014
s 121
f 1163/1546/1948 1164/1545/1947 1165/1582/1990 1176/1596/2015
s 126
f 1165/1582/1992 1166/1578/1986 1167/1577/1985 1176/1596/2016
s 127
f 1178/1597/2017 1177/1598/2018 1213/1599/2019 1218/1600/2020
s 128
f 1177/1601/2021 1182/1602/2022 1214/1603/2023 1213/1604/2024
s 129
f 1180/1605/2025 1179/1606/2026 1187/1607/2027 1186/1608/2028
s 127
f 1179/1609/2029 1178/1597/2017 1188/1610/2030 1187/1611/2031
s 128
f 1182/1602/2022 1181/1612/2032 1191/1613/2033 1190/1614/2034
s 129
f 1181/1612/2035 1180/1605/2025 1192/1615/2036 1191/1613/2037
s 130
f 1184/1616/2038 1183/1617/2039 1219/1618/2040 1224/1619/2041
s 127
f 1183/1620/2042 1188/1610/2030 1220/1621/2043 1219/1622/2044
s 129
f 1186/1608/2028 1185/1623/2045 1199/1624/2046 1198/1625/2047
s 130
f 1185/1623/2048 1184/1616/2038 1200/1626/2049 1199/1624/2050
s 128
f 1190/1614/2034 1189/1627/2051 1203/1628/2052 1202/1629/2053
s 131
f 1189/1630/2054 1194/1631/2055 1204/1632/2056 1203/1633/2057
f 1194/1631/2055 1193/1634/2058 1197/1635/2059 1196/1636/2060
s 129
f 1193/1634/2061 1192/1615/2036 1198/1625/2047 1197/1635/2062
s 131
f 1196/1636/2060 1195/1637/2063 1211/1638/2064 1210/1639/2065
s 130
f 1195/1640/2066 1200/1626/2049 1212/1641/2067 1211/1642/2068
s 128
f 1202/1629/2053 1201/1643/2069 1215/1644/2070 1214/1603/2023
s 132
f 1201/1645/2071 1206/1646/2072 1216/1647/2073 1215/1648/2074
f 1206/1646/2072 1205/1649/2075 1209/1650/2076 1208/1651/2077
s 131
f 1205/1649/2078 1204/1632/2056 1210/1639/2065 1209/1650/2079
s 132
f 1208/1651/2077 1207/1652/2080 1223/1653/2081 1222/1654/2082
s 130
f 1207/1655/2083 1212/1641/2067 1224/1619/2041 1223/1656/2084
s 127
f 1218/1600/2020 1217/1657/2085 1221/1658/2086 1220/1621/2043
s 132
f 1217/1657/2087 1216/1647/2073 1222/1654/2082 1221/1658/2088
s 129
f 1180/1605/2025 1186/1608/2028 1198/1625/2047 1192/1615/2036
s 131
f 1194/1631/2055 1196/1636/2060 1210/1639/2065 1204/1632/2056
s 132
f 1206/1646/2072 1208/1651/2077 1222/1654/2082 1216/1647/2073
s 127
f 1218/1600/2020 1220/1621/2043 1188/1610/2030 1178/1597/2017
s 130
f 1184/1616/2038 1224/1619/2041 1212/1641/2067 1200/1626/2049
s 128
f 1214/1603/2023 1182/1602/2022 1190/1614/2034 1202/1629/2053
f 1181/1612/2032 1182/1602/2022 1177/1601/2021 1225/1659/2089
s 127
f 1177/1598/2018 1178/1597/2017 1179/1609/2029 1225/1660/2090
s 129
f 1179/1606/2026 1180/1605/2025 1181/1612/2035 1225/1659/2091
s 127
f 1187/1611/2031 1188/1610/2030 1183/1620/2042 1226/1661/2092
s 130
f 1183/1617/2039 1184/1616/2038 1185/1623/2048 1226/1662/2093
s 129
f 1185/1623/2045 1186/1608/2028 1187/1607/2027 1226/1662/2094
s 131
f 1193/1634/2058 1194/1631/2055 1189/1630/2054 1227/1663/2095
s 128
f 1189/1627/2051 1190/1614/2034 1191/1613/2033 1227/1663/2096
s 129
f 1191/1613/2037 1192/1615/2036 1193/1634/2061 1227/1663/2097
s 130
f 1199/1624/2050 1200/1626/2049 1195/1640/2066 1228/1664/2098
s 131
f 1195/1637/2063 1196/1636/2060 1197/1635/2059 1228/1664/2099
s 129
f 1197/1635/2062 1198/1625/2047 1199/1624/2046 1228/1664/2100
s 132
f 1205/1649/2075 1206/1646/2072 1201/1645/2071 1229/1665/2101
s 128
f 1201/1643/2069 1202/1629/2053 1203/1628/2052 1229/1666/2102
s 131
f 1203/1633/2057 1204/1632/2056 1205/1649/2078 1229/1665/2103
s 130
f 1211/1642/2068 1212/1641/2067 1207/1655/2083 1230/1667/2104
s 132
f 1207/1652/2080 1208/1651/2077 1209/1650/2076 1230/1668/2105
s 131
f 1209/1650/2079 1210/1639/2065 1211/1638/2064 1230/1668/2106
s 127
f 1217/1657/2085 1218/1600/2020 1213/1599/2019 1231/1669/2107
s 128
f 1213/1604/2024 1214/1603/2023 1215/1644/2070 1231/1670/2108
s 132
f 1215/1648/2074 1216/1647/2073 1217/1657/2087 1231/1669/2109
s 130
f 1223/1656/2084 1224/1619/2041 1219/1618/2040 1232/1671/2110
s 127
f 1219/1622/2044 1220/1621/2043 1221/1658/2086 1232/1672/2111
s 132
f 1221/1658/2088 1222/1654/2082 1223/1653/2081 1232/1672/2112
s 133
f 1234/1673/2113 1233/1674/2114 1269/1675/2115 1274/1676/2116
s 134
f 1233/1677/2117 1238/1678/2118 1270/1679/2119 1269/1680/2120
s 135
f 1236/1681/2121 1235/1682/2122 1243/1683/2123 1242/1684/2124
s 133
f 1235/1685/2125 1234/1673/2113 1244/1686/2126 1243/1687/2127
s 134
f 1238/1678/2118 1237/1688/2128 1247/1689/2129 1246/1690/2130
s 135
f 1237/1688/2131 1236/1681/2121 1248/1691/2132 1247/1689/2133
s 136
f 1240/1692/2134 1239/1693/2135 1275/1694/2136 1280/1695/2137
s 133
f 1239/1696/2138 1244/1686/2126 1276/1697/2139 1275/1698/2140
s 135
f 1242/1684/2124 1241/1699/2141 1255/1700/2142 1254/1701/2143
s 136
f 1241/1699/2144 1240/1692/2134 1256/1702/2145 1255/1700/2146
s 134
f 1246/1690/2130 1245/1703/2147 1259/1704/2148 1258/1705/2149
s 137
f 1245/1706/2150 1250/1707/2151 1260/1708/2152 1259/1709/2153
f 1250/1707/2151 1249/1710/2154 1253/1711/2155 1252/1712/2156
s 135
f 1249/1710/2157 1248/1691/2132 1254/1701/2143 1253/1711/2158
s 137
f 1252/1712/2156 1251/1713/2159 1267/1714/2160 1266/1715/2161
s 136
f 1251/1716/2162 1256/1702/2145 1268/1717/2163 1267/1718/2164
s 134
f 1258/1705/2149 1257/1719/2165 1271/1720/2166 1270/1679/2119
s 138
f 1257/1721/2167 1262/1722/2168 1272/1723/2169 1271/1724/2170
f 1262/1722/2168 1261/1725/2171 1265/1726/2172 1264/1727/2173
s 137
f 1261/1725/2174 1260/1708/2152 1266/1715/2161 1265/1726/2175
s 138
f 1264/1727/2173 1263/1728/2176 1279/1729/2177 1278/1730/2178
s 136
f 1263/1731/2179 1268/1717/2163 1280/1695/2137 1279/1732/2180
s 133
f 1274/1676/2116 1273/1733/2181 1277/1734/2182 1276/1697/2139
s 138
f 1273/1733/2183 1272/1723/2169 1278/1730/2178 1277/1734/2184
s 135
f 1236/1681/2121 1242/1684/2124 1254/1701/2143 1248/1691/2132
s 137
f 1250/1707/2151 1252/1712/2156 1266/1715/2161 1260/1708/2152
s 138
f 1262/1722/2168 1264/1727/2173 1278/1730/2178 1272/1723/2169
s 133
f 1274/1676/2116 1276/1697/2139 1244/1686/2126 1234/1673/2113
s 136
f 1240/1692/2134 1280/1695/2137 1268/1717/2163 1256/1702/2145
s 134
f 1270/1679/2119 1238/1678/2118 1246/1690/2130 1258/1705/2149
f 1237/1688/2128 1238/1678/2118 1233/1677/2117 1281/1735/2185
s 133
f 1233/1674/2114 1234/1673/2113 1235/1685/2125 1281/1736/2186
s 135
f 1235/1682/2122 1236/1681/2121 1237/1688/2131 1281/1735/2187
s 133
f 1243/1687/2127 1244/1686/2126 1239/1696/2138 1282/1737/2188
s 136
f 1239/1693/2135 1240/1692/2134 1241/1699/2144 1282/1738/2189
s 135
f 1241/1699/2141 1242/1684/2124 1243/1683/2123 1282/1738/2190
s 137
f 1249/1710/2154 1250/1707/2151 1245/1706/2150 1283/1739/2191
s 134
f 1245/1703/2147 1246/1690/2130 1247/1689/2129 1283/1739/2192
s 135
f 1247/1689/2133 1248/1691/2132 1249/1710/2157 1283/1739/2193
s 136
f 1255/1700/2146 1256/1702/2145 1251/1716/2162 1284/1740/2194
s 137
f 1251/1713/2159 1252/1712/2156 1253/1711/2155 1284/1740/2195
s 135
f 1253/1711/2158 1254/1701/2143 1255/1700/2142 1284/1740/2196
s 138
f 1261/1725/2171 1262/1722/2168 1257/1721/2167 1285/1741/2197
s 134
f 1257/1719/2165 1258/1705/2149 1259/1704/2148 1285/1742/2198
s 137
f 1259/1709/2153 1260/1708/2152 1261/1725/2174 1285/1741/2199
s 136
f 1267/1718/2164 1268/1717/2163 1263/1731/2179 1286/1743/2200
s 138
f 1263/1728/2176 1264/1727/2173 1265/1726/2172 1286/1744/2201
s 137
f 1265/1726/2175 1266/1715/2161 1267/1714/2160 1286/1744/2202
s 133
f 1273/1733/2181 1274/1676/2116 1269/1675/2115 1287/1745/2203
s 134
f 1269/1680/2120 1270/1679/2119 1271/1720/2166 1287/1746/2204
s 138
f 1271/1724/2170 1272/1723/2169 1273/1733/2183 1287/1745/2205
s 136
f 1279/1732/2180 1280/1695/2137 1275/1694/2136 1288/1747/2206
s 133
f 1275/1698/2140 1276/1697/2139 1277/1734/2182 1288/1748/2207
s 138
f 1277/1734/2184 1278/1730/2178 1279/1729/2177 1288/1748/2208
s 139
f 1290/1749/2209 1289/1750/2210 1325/1751/2211 1330/1752/2212
s 140
f 1289/1753/2213 1294/1754/2214 1326/1755/2215 1325/1756/2216
s 141
f 1292/1757/2217 1291/1758/2218 1299/1759/2219 1298/1760/2220
s 139
f 1291/1761/2221 1290/1749/2209 1300/1762/2222 1299/1763/2223
s 140
f 1294/1754/2214 1293/1764/2224 1303/1765/2225 1302/1766/2226
s 141
f 1293/1764/2227 1292/1757/2217 1304/1767/2228 1303/1765/2229
s 142
f 1296/1768/2230 1295/1769/2231 1331/1770/2232 1336/1771/2233
s 139
f 1295/1772/2234 1300/1762/2222 1332/1773/2235 1331/1774/2236
s 141
f 1298/1760/2220 1297/1775/2237 1311/1776/2238 1310/1777/2239
s 142
f 1297/1775/2240 1296/1768/2230 1312/1778/2241 1311/1776/2242
s 140
f 1302/1766/2226 1301/1779/2243 1315/1780/2244 1314/1781/2245
s 143
f 1301/1782/2246 1306/1783/2247 1316/1784/2248 1315/1785/2249
f 1306/1783/2247 1305/1786/2250 1309/1787/2251 1308/1788/2252
s 141
f 1305/1786/2253 1304/1767/2228 1310/1777/2239 1309/1787/2254
s 143
f 1308/1788/2252 1307/1789/2255 1323/1790/2256 1322/1791/2257
s 142
f 1307/1792/2258 1312/1778/2241 1324/1793/2259 1323/1794/2260
s 140
f 1314/1781/2245 1313/1795/2261 1327/1796/2262 1326/1755/2215
s 144
f 1313/1797/2263 1318/1798/2264 1328/1799/2265 1327/1800/2266
f 1318/1798/2264 1317/1801/2267 1321/1802/2268 1320/1803/2269
s 143
f 1317/1801/2270 1316/1784/2248 1322/1791/2257 1321/1802/2271
s 144
f 1320/1803/2269 1319/1804/2272 1335/1805/2273 1334/1806/2274
s 142
f 1319/1807/2275 1324/1793/2259 1336/1771/2233 1335/1808/2276
s 139
f 1330/1752/2212 1329/1809/2277 1333/1810/2278 1332/1773/2235
s 144
f 1329/1809/2279 1328/1799/2265 1334/1806/2274 1333/1810/2280
s 141
f 1292/1757/2217 1298/1760/2220 1310/1777/2239 1304/1767/2228
s 143
f 1306/1783/2247 1308/1788/2252 1322/1791/2257 1316/1784/2248
s 144
f 1318/1798/2264 1320/1803/2269 1334/1806/2274 1328/1799/2265
s 139
f 1330/1752/2212 1332/1773/2235 1300/1762/2222 1290/1749/2209
s 142
f 1296/1768/2230 1336/1771/2233 1324/1793/2259 1312/1778/2241
s 140
f 1326/1755/2215 1294/1754/2214 1302/1766/2226 1314/1781/2245
f 1293/1764/2224 1294/1754/2214 1289/1753/2213 1337/1811/2281
s 139
f 1289/1750/2210 1290/1749/2209 1291/1761/2221 1337/1812/2282
s 141
f 1291/1758/2218 1292/1757/2217 1293/1764/2227 1337/1811/2283
s 139
f 1299/1763/2223 1300/1762/2222 1295/1772/2234 1338/1813/2284
s 142
f 1295/1769/2231 1296/1768/2230 1297/1775/2240 1338/1814/2285
s 141
f 1297/1775/2237 1298/1760/2220 1299/1759/2219 1338/1814/2286
s 143
f 1305/1786/2250 1306/1783/2247 1301/1782/2246 1339/1815/2287
s 140
f 1301/1779/2243 1302/1766/2226 1303/1765/2225 1339/1815/2288
s 141
f 1303/1765/2229 1304/1767/2228 1305/1786/2253 1339/1815/2289
s 142
f 1311/1776/2242 1312/1778/2241 1307/1792/2258 1340/1816/2290
s 143
f 1307/1789/2255 1308/1788/2252 1309/1787/2251 1340/1816/2291
s 141
f 1309/1787/2254 1310/1777/2239 1311/1776/2238 1340/1816/2292
s 144
f 1317/1801/2267 1318/1798/2264 1313/1797/2263 1341/1817/2293
s 140
f 1313/1795/2261 1314/1781/2245 1315/1780/2244 1341/1818/2294
s 143
f 1315/1785/2249 1316/1784/2248 1317/1801/2270 1341/1817/2295
s 142
f 1323/1794/2260 1324/1793/2259 1319/1807/2275 1342/1819/2296
s 144
f 1319/1804/2272 1320/1803/2269 1321/1802/2268 1342/1820/2297
s 143
f 1321/1802/2271 1322/1791/2257 1323/1790/2256 1342/1820/2298
s 139
f 1329/1809/2277 1330/1752/2212 1325/1751/2211 1343/1821/2299
s 140
f 1325/1756/2216 1326/1755/2215 1327/1796/2262 1343/1822/2300
s 144
f 1327/1800/2266 1328/1799/2265 1329/1809/2279 1343/1821/2301
s 142
f 1335/1808/2276 1336/1771/2233 1331/1770/2232 1344/1823/2302
s 139
f 1331/1774/2236 1332/1773/2235 1333/1810/2278 1344/1824/2303
s 144
f 1333/1810/2280 1334/1806/2274 1335/1805/2273 1344/1824/2304
s 145
f 1346/1825/2305 1345/1826/2306 1381/1827/2307 1386/1828/2308
s 146
f 1345/1829/2309 1350/1830/2310 1382/1831/2311 1381/1832/2312
s 147
f 1348/1833/2313 1347/1834/2314 1355/1835/2315 1354/1836/2316
s 145
f 1347/1837/2317 1346/1825/2305 1356/1838/2318 1355/1839/2319
s 146
f 1350/1830/2310 1349/1840/2320 1359/1841/2321 1358/1842/2322
s 147
f 1349/1840/2323 1348/1833/2313 1360/1843/2324 1359/1841/2325
s 148
f 1352/1844/2326 1351/1845/2327 1387/1846/2328 1392/1847/2329
s 145
f 1351/1848/2330 1356/1838/2318 1388/1849/2331 1387/1850/2332
s 147
f 1354/1836/2316 1353/1851/2333 1367/1852/2334 1366/1853/2335
s 148
f 1353/1851/2336 1352/1844/2326 1368/1854/2337 1367/1852/2338
s 146
f 1358/1842/2322 1357/1855/2339 1371/1856/2340 1370/1857/2341
s 149
f 1357/1858/2342 1362/1859/2343 1372/1860/2344 1371/1861/2345
f 1362/1859/2343 1361/1862/2346 1365/1863/2347 1364/1864/2348
s 147
f 1361/1862/2349 1360/1843/2324 1366/1853/2335 1365/1863/2350
s 149
f 1364/1864/2348 1363/1865/2351 1379/1866/2352 1378/1867/2353
s 148
f 1363/1868/2354 1368/1854/2337 1380/1869/2355 1379/1870/2356
s 146
f 1370/1857/2341 1369/1871/2357 1383/1872/2358 1382/1831/2311
s 150
f 1369/1873/2359 1374/1874/2360 1384/1875/2361 1383/1876/2362
f 1374/1874/2360 1373/1877/2363 1377/1878/2364 1376/1879/2365
s 149
f 1373/1877/2366 1372/1860/2344 1378/1867/2353 1377/1878/2367
s 150
f 1376/1879/2365 1375/1880/2368 1391/1881/2369 1390/1882/2370
s 148
f 1375/1883/2371 1380/1869/2355 1392/1847/2329 1391/1884/2372
s 145
f 1386/1828/2308 1385/1885/2373 1389/1886/2374 1388/1849/2331
s 150
f 1385/1885/2375 1384/1875/2361 1390/1882/2370 1389/1886/2376
s 147
f 1348/1833/2313 1354/1836/2316 1366/1853/2335 1360/1843/2324
s 149
f 1362/1859/2343 1364/1864/2348 1378/1867/2353 1372/1860/2344
s 150
f 1374/1874/2360 1376/1879/2365 1390/1882/2370 1384/1875/2361
s 145
f 1386/1828/2308 1388/1849/2331 1356/1838/2318 1346/1825/2305
s 148
f 1352/1844/2326 1392/1847/2329 1380/1869/2355 1368/1854/2337
s 146
f 1382/1831/2311 1350/1830/2310 1358/1842/2322 1370/1857/2341
f 1349/1840/2320 1350/1830/2310 1345/1829/2309 1393/1887/2377
s 145
f 1345/1826/2306 1346/1825/2305 1347/1837/2317 1393/1888/2378
s 147
f 1347/1834/2314 1348/1833/2313 1349/1840/2323 1393/1887/2379
s 145
f 1355/1839/2319 1356/1838/2318 1351/1848/2330 1394/1889/2380
s 148
f 1351/1845/2327 1352/1844/2326 1353/1851/2336 1394/1890/2381
s 147
f 1353/1851/2333 1354/1836/2316 1355/1835/2315 1394/1890/2382
s 149
f 1361/1862/2346 1362/1859/2343 1357/1858/2342 1395/1891/2383
s 146
f 1357/1855/2339 1358/1842/2322 1359/1841/2321 1395/1891/2384
s 147
f 1359/1841/2325 1360/1843/2324 1361/1862/2349 1395/1891/2385
s 148
f 1367/1852/2338 1368/1854/2337 1363/1868/2354 1396/1892/2386
s 149
f 1363/1865/2351 1364/1864/2348 1365/1863/2347 1396/1892/2387
s 147
f 1365/1863/2350 1366/1853/2335 1367/1852/2334 1396/1892/2388
s 150
f 1373/1877/2363 1374/1874/2360 1369/1873/2359 1397/1893/2389
s 146
f 1369/1871/2357 1370/1857/2341 1371/1856/2340 1397/1894/2390
s 149
f 1371/1861/2345 1372/1860/2344 1373/1877/2366 1397/1893/2391
s 148
f 1379/1870/2356 1380/1869/2355 1375/1883/2371 1398/1895/2392
s 150
f 1375/1880/2368 1376/1879/2365 1377/1878/2364 1398/1896/2393
s 149
f 1377/1878/2367 1378/1867/2353 1379/1866/2352 1398/1896/2394
s 145
f 1385/1885/2373 1386/1828/2308 1381/1827/2307 1399/1897/2395
s 146
f 1381/1832/2312 1382/1831/2311 1383/1872/2358 1399/1898/2396
s 150
f 1383/1876/2362 1384/1875/2361 1385/1885/2375 1399/1897/2397
s 148
f 1391/1884/2372 1392/1847/2329 1387/1846/2328 1400/1899/2398
s 145
f 1387/1850/2332 1388/1849/2331 1389/1886/2374 1400/1900/2399
s 150
f 1389/1886/2376 1390/1882/2370 1391/1881/2369 1400/1900/2400
s 151
f 1402/1901/2401 1401/1902/2402 1437/1903/2403 1442/1904/2404
s 152
f 1401/1905/2405 1406/1906/2406 1438/1907/2407 1437/1908/2408
s 153
f 1404/1909/2409 1403/1910/2410 1411/1911/2411 1410/1912/2412
s 151
f 1403/1913/2413 1402/1901/2401 1412/1914/2414 1411/1915/2415
s 152
f 1406/1906/2406 1405/1916/2416 1415/1917/2417 1414/1918/2418
s 153
f 1405/1916/2419 1404/1909/2409 1416/1919/2420 1415/1917/2421
s 154
f 1408/1920/2422 1407/1921/2423 1443/1922/2424 1448/1923/2425
s 151
f 1407/1924/2426 1412/1914/2414 1444/1925/2427 1443/1926/2428
s 153
f 1410/1912/2412 1409/1927/2429 1423/1928/2430 1422/1929/2431
s 154
f 1409/1927/2432 1408/1920/2422 1424/1930/2433 1423/1928/2434
s 152
f 1414/1918/2418 1413/1931/2435 1427/1932/2436 1426/1933/2437
s 155
f 1413/1934/2438 1418/1935/2439 1428/1936/2440 1427/1937/2441
f 1418/1935/2439 1417/1938/2442 1421/1939/2443 1420/1940/2444
s 153
f 1417/1938/2445 1416/1919/2420 1422/1929/2431 1421/1939/2446
s 155
f 1420/1940/2444 1419/1941/2447 1435/1942/2448 1434/1943/2449
s 154
f 1419/1944/2450 1424/1930/2433 1436/1945/2451 1435/1946/2452
s 152
f 1426/1933/2437 1425/1947/2453 1439/1948/2454 1438/1907/2407
s 156
f 1425/1949/2455 1430/1950/2456 1440/1951/2457 1439/1952/2458
f 1430/1950/2456 1429/1953/2459 1433/1954/2460 1432/1955/2461
s 155
f 1429/1953/2462 1428/1936/2440 1434/1943/2449 1433/1954/2463
s 156
f 1432/1955/2461 1431/1956/2464 1447/1957/2465 1446/1958/2466
s 154
f 1431/1959/2467 1436/1945/2451 1448/1923/2425 1447/1960/2468
s 151
f 1442/1904/2404 1441/1961/2469 1445/1962/2470 1444/1925/2427
s 156
f 1441/1961/2471 1440/1951/2457 1446/1958/2466 1445/1962/2472
s 153
f 1404/1909/2409 1410/1912/2412 1422/1929/2431 1416/1919/2420
s 155
f 1418/1935/2439 1420/1940/2444 1434/1943/2449 1428/1936/2440
s 156
f 1430/1950/2456 1432/1955/2461 1446/1958/2466 1440/1951/2457
s 151
f 1442/1904/2404 1444/1925/2427 1412/1914/2414 1402/1901/2401
s 154
f 1408/1920/2422 1448/1923/2425 1436/1945/2451 1424/1930/2433
s 152
f 1438/1907/2407 1406/1906/2406 1414/1918/2418 1426/1933/2437
f 1405/1916/2416 1406/1906/2406 1401/1905/2405 1449/1963/2473
s 151
f 1401/1902/2402 1402/1901/2401 1403/1913/2413 1449/1964/2474
s 153
f 1403/1910/2410 1404/1909/2409 1405/1916/2419 1449/1963/2475
s 151
f 1411/1915/2415 1412/1914/2414 1407/1924/2426 1450/1965/2476
s 154
f 1407/1921/2423 1408/1920/2422 1409/1927/2432 1450/1966/2477
s 153
f 1409/1927/2429 1410/1912/2412 1411/1911/2411 1450/1966/2478
s 155
f 1417/1938/2442 1418/1935/2439 1413/1934/2438 1451/1967/2479
s 152
f 1413/1931/2435 1414/1918/2418 1415/1917/2417 1451/1967/2480
s 153
f 1415/1917/2421 1416/1919/2420 1417/1938/2445 1451/1967/2481
s 154
f 1423/1928/2434 1424/1930/2433 1419/1944/2450 1452/1968/2482
s 155
f 1419/1941/2447 1420/1940/2444 1421/1939/2443 1452/1968/2483
s 153
f 1421/1939/2446 1422/1929/2431 1423/1928/2430 1452/1968/2484
s 156
f 1429/1953/2459 1430/1950/2456 1425/1949/2455 1453/1969/2485
s 152
f 1425/1947/2453 1426/1933/2437 1427/1932/2436 1453/1970/2486
s 155
f 1427/1937/2441 1428/1936/2440 1429/1953/2462 1453/1969/2487
s 154
f 1435/1946/2452 1436/1945/2451 1431/1959/2467 1454/1971/2488
s 156
f 1431/1956/2464 1432/1955/2461 1433/1954/2460 1454/1972/2489
s 155
f 1433/1954/2463 1434/1943/2449 1435/1942/2448 1454/1972/2490
s 151
f 1441/1961/2469 1442/1904/2404 1437/1903/2403 1455/1973/2491
s 152
f 1437/1908/2408 1438/1907/2407 1439/1948/2454 1455/1974/2492
s 156
f 1439/1952/2458 1440/1951/2457 1441/1961/2471 1455/1973/2493
s 154
f 1447/1960/2468 1448/1923/2425 1443/1922/2424 1456/1975/2494
s 151
f 1443/1926/2428 1444/1925/2427 1445/1962/2470 1456/1976/2495
s 156
f 1445/1962/2472 1446/1958/2466 1447/1957/2465 1456/1976/2496
s 157
f 1458/1977/2497 1457/1978/2498 1493/1979/2499 1498/1980/2500
s 158
f 1457/1981/2501 1462/1982/2502 1494/1983/2503 1493/1984/2504
s 159
f 1460/1985/2505 1459/1986/2506 1467/1987/2507 1466/1988/2508
s 157
f 1459/1989/2509 1458/1977/2497 1468/1990/2510 1467/1991/2511
s 158
f 1462/1982/2502 1461/1992/2512 1471/1993/2513 1470/1994/2514
s 159
f 1461/1992/2515 1460/1985/2505 1472/1995/2516 1471/1993/2517
s 160
f 1464/1996/2518 1463/1997/2519 1499/1998/2520 1504/1999/2521
s 157
f 1463/2000/2522 1468/1990/2510 1500/2001/2523 1499/2002/2524
s 159
f 1466/1988/2508 1465/2003/2525 1479/2004/2526 1478/2005/2527
s 160
f 1465/2003/2528 1464/1996/2518 1480/2006/2529 1479/2004/2530
s 158
f 1470/1994/2514 1469/2007/2531 1483/2008/2532 1482/2009/2533
s 161
f 1469/2010/2534 1474/2011/2535 1484/2012/2536 1483/2013/2537
f 1474/2011/2535 1473/2014/2538 1477/2015/2539 1476/2016/2540
s 159
f 1473/2014/2541 1472/1995/2516 1478/2005/2527 1477/2015/2542
s 161
f 1476/2016/2540 1475/2017/2543 1491/2018/2544 1490/2019/2545
s 160
f 1475/2020/2546 1480/2006/2529 1492/2021/2547 1491/2022/2548
s 158
f 1482/2009/2533 1481/2023/2549 1495/2024/2550 1494/1983/2503
s 162
f 1481/2025/2551 1486/2026/2552 1496/2027/2553 1495/2028/2554
f 1486/2026/2552 1485/2029/2555 1489/2030/2556 1488/2031/2557
s 161
f 1485/2029/2558 1484/2012/2536 1490/2019/2545 1489/2030/2559
s 162
f 1488/2031/2557 1487/2032/2560 1503/2033/2561 1502/2034/2562
s 160
f 1487/2035/2563 1492/2021/2547 1504/1999/2521 1503/2036/2564
s 157
f 1498/1980/2500 1497/2037/2565 1501/2038/2566 1500/2001/2523
s 162
f 1497/2037/2567 1496/2027/2553 1502/2034/2562 1501/2038/2568
s 159
f 1460/1985/2505 1466/1988/2508 1478/2005/2527 1472/1995/2516
s 161
f 1474/2011/2535 1476/2016/2540 1490/2019/2545 1484/2012/2536
s 162
f 1486/2026/2552 1488/2031/2557 1502/2034/2562 1496/2027/2553
s 157
f 1498/1980/2500 1500/2001/2523 1468/1990/2510 1458/1977/2497
s 160
f 1464/1996/2518 1504/1999/2521 1492/2021/2547 1480/2006/2529
s 158
f 1494/1983/2503 1462/1982/2502 1470/1994/2514 1482/2009/2533
f 1461/1992/2512 1462/1982/2502 1457/1981/2501 1505/2039/2569
s 157
f 1457/1978/2498 1458/1977/2497 1459/1989/2509 1505/2040/2570
s 159
f 1459/1986/2506 1460/1985/2505 1461/1992/2515 1505/2039/2571
s 157
f 1467/1991/2511 1468/1990/2510 1463/2000/2522 1506/2041/2572
s 160
f 1463/1997/2519 1464/1996/2518 1465/2003/2528 1506/2042/2573
s 159
f 1465/2003/2525 1466/1988/2508 1467/1987/2507 1506/2042/2574
s 161
f 1473/2014/2538 1474/2011/2535 1469/2010/2534 1507/2043/2575
s 158
f 1469/2007/2531 1470/1994/2514 1471/1993/2513 1507/2043/2576
s 159
f 1471/1993/2517 1472/1995/2516 1473/2014/2541 1507/2043/2577
s 160
f 1479/2004/2530 1480/2006/2529 1475/2020/2546 1508/2044/2578
s 161
f 1475/2017/2543 1476/2016/2540 1477/2015/2539 1508/2044/2579
s 159
f 1477/2015/2542 1478/2005/2527 1479/2004/2526 1508/2044/2580
s 162
f 1485/2029/2555 1486/2026/2552 1481/2025/2551 1509/2045/2581
s 158
f 1481/2023/2549 1482/2009/2533 1483/2008/2532 1509/2046/2582
s 161
f 1483/2013/2537 1484/2012/2536 1485/2029/2558 1509/2045/2583
s 160
f 1491/2022/2548 1492/2021/2547 1487/2035/2563 1510/2047/2584
s 162
f 1487/2032/2560 1488/2031/2557 1489/2030/2556 1510/2048/2585
s 161
f 1489/2030/2559 1490/2019/2545 1491/2018/2544 1510/2048/2586
s 157
f 1497/2037/2565 1498/1980/2500 1493/1979/2499 1511/2049/2587
s 158
f 1493/1984/2504 1494/1983/2503 1495/2024/2550 1511/2050/2588
s 162
f 1495/2028/2554 1496/2027/2553 1497/2037/2567 1511/2049/2589
s 160
f 1503/2036/2564 1504/1999/2521 1499/1998/2520 1512/2051/2590
s 157
f 1499/2002/2524 1500/2001/2523 1501/2038/2566 1512/2052/2591
s 162
f 1501/2038/2568 1502/2034/2562 1503/2033/2561 1512/2052/2592
s 163
f 1514/2053/2593 1513/2054/2594 1549/2055/2595 1554/2056/2596
s 164
f 1513/2057/2597 1518/2058/2598 1550/2059/2599 1549/2060/2600
s 165
f 1516/2061/2601 1515/2062/2602 1523/2063/2603 1522/2064/2604
s 163
f 1515/2065/2605 1514/2053/2593 1524/2066/2606 1523/2067/2607
s 164
f 1518/2058/2598 1517/2068/2608 1527/2069/2609 1526/2070/2610
s 165
f 1517/2068/2611 1516/2061/2601 1528/2071/2612 1527/2069/2613
s 166
f 1520/2072/2614 1519/2073/2615 1555/2074/2616 1560/2075/2617
s 163
f 1519/2076/2618 1524/2066/2606 1556/2077/2619 1555/2078/2620
s 165
f 1522/2064/2604 1521/2079/2621 1535/2080/2622 1534/2081/2623
s 166
f 1521/2079/2624 1520/2072/2614 1536/2082/2625 1535/2080/2626
s 164
f 1526/2070/2610 1525/2083/2627 1539/2084/2628 1538/2085/2629
s 167
f 1525/2086/2630 1530/2087/2631 1540/2088/2632 1539/2089/2633
f 1530/2087/2631 1529/2090/2634 1533/2091/2635 1532/2092/2636
s 165
f 1529/2090/2637 1528/2071/2612 1534/2081/2623 1533/2091/2638
s 167
f 1532/2092/2636 1531/2093/2639 1547/2094/2640 1546/2095/2641
s 166
f 1531/2096/2642 1536/2082/2625 1548/2097/2643 1547/2098/2644
s 164
f 1538/2085/2629 1537/2099/2645 1551/2100/2646 1550/2059/2599
s 168
f 1537/2101/2647 1542/2102/2648 1552/2103/2649 1551/2104/2650
f 1542/2102/2648 1541/2105/2651 1545/2106/2652 1544/2107/2653
s 167
f 1541/2105/2654 1540/2088/2632 1546/2095/2641 1545/2106/2655
s 168
f 1544/2107/2653 1543/2108/2656 1559/2109/2657 1558/2110/2658
s 166
f 1543/2111/2659 1548/2097/2643 1560/2075/2617 1559/2112/2660
s 163
f 1554/2056/2596 1553/2113/2661 1557/2114/2662 1556/2077/2619
s 168
f 1553/2113/2663 1552/2103/2649 1558/2110/2658 1557/2114/2664
s 165
f 1516/2061/2601 1522/2064/2604 1534/2081/2623 1528/2071/2612
s 167
f 1530/2087/2631 1532/2092/2636 1546/2095/2641 1540/2088/2632
s 168
f 1542/2102/2648 1544/2107/2653 1558/2110/2658 1552/2103/2649
s 163
f 1554/2056/2596 1556/2077/2619 1524/2066/2606 1514/2053/2593
s 166
f 1520/2072/2614 1560/2075/2617 1548/2097/2643 1536/2082/2625
s 164
f 1550/2059/2599 1518/2058/2598 1526/2070/2610 1538/2085/2629
f 1517/2068/2608 1518/2058/2598 1513/2057/2597 1561/2115/2665
s 163
f 1513/2054/2594 1514/2053/2593 1515/2065/2605 1561/2116/2666
s 165
f 1515/2062/2602 1516/2061/2601 1517/2068/2611 1561/2115/2667
s 163
f 1523/2067/2607 1524/2066/2606 1519/2076/2618 1562/2117/2668
s 166
f 1519/2073/2615 1520/2072/2614 1521/2079/2624 1562/2118/2669
s 165
f 1521/2079/2621 1522/2064/2604 1523/2063/2603 1562/2118/2670
s 167
f 1529/2090/2634 1530/2087/2631 1525/2086/2630 1563/2119/2671
s 164
f 1525/2083/2627 1526/2070/2610 1527/2069/2609 1563/2119/2672
s 165
f 1527/2069/2613 1528/2071/2612 1529/2090/2637 1563/2119/2673
s 166
f 1535/2080/2626 1536/2082/2625 1531/2096/2642 1564/2120/2674
s 167
f 1531/2093/2639 1532/2092/2636 1533/2091/2635 1564/2120/2675
s 165
f 1533/2091/2638 1534/2081/2623 1535/2080/2622 1564/2120/2676
s 168
f 1541/2105/2651 1542/2102/2648 1537/2101/2647 1565/2121/2677
s 164
f 1537/2099/2645 1538/2085/2629 1539/2084/2628 1565/2122/2678
s 167
f 1539/2089/2633 1540/2088/2632 1541/2105/2654 1565/2121/2679
s 166
f 1547/2098/2644 1548/2097/2643 1543/2111/2659 1566/2123/2680
s 168
f 1543/2108/2656 1544/2107/2653 1545/2106/2652 1566/2124/2681
s 167
f 1545/2106/2655 1546/2095/2641 1547/2094/2640 1566/2124/2682
s 163
f 1553/2113/2661 1554/2056/2596 1549/2055/2595 1567/2125/2683
s 164
f 1549/2060/2600 1550/2059/2599 1551/2100/2646 1567/2126/2684
s 168
f 1551/2104/2650 1552/2103/2649 1553/2113/2663 1567/2125/2685
s 166
f 1559/2112/2660 1560/2075/2617 1555/2074/2616 1568/2127/2686
s 163
f 1555/2078/2620 1556/2077/2619 1557/2114/2662 1568/2128/2687
s 168
f 1557/2114/2664 1558/2110/2658 1559/2109/2657 1568/2128/2688
s 169
f 1570/2129/2689 1569/2130/2690 1605/2131/2691 1610/2132/2692
s 170
f 1569/2133/2693 1574/2134/2694 1606/2135/2695 1605/2136/2696
s 171
f 1572/2137/2697 1571/2138/2698 1579/2139/2699 1578/2140/2700
s 169
f 1571/2141/2701 1570/2129/2689 1580/2142/2702 1579/2143/2703
s 170
f 1574/2134/2694 1573/2144/2704 1583/2145/2705 1582/2146/2706
s 171
f 1573/2144/2707 1572/2137/2697 1584/2147/2708 1583/2145/2709
s 172
f 1576/2148/2710 1575/2149/2711 1611/2150/2712 1616/2151/2713
s 169
f 1575/2152/2714 1580/2142/2702 1612/2153/2715 1611/2154/2716
s 171
f 1578/2140/2700 1577/2155/2717 1591/2156/2718 1590/2157/2719
s 172
f 1577/2155/2720 1576/2148/2710 1592/2158/2721 1591/2156/2722
s 170
f 1582/2146/2706 1581/2159/2723 1595/2160/2724 1594/2161/2725
s 173
f 1581/2162/2726 1586/2163/2727 1596/2164/2728 1595/2165/2729
f 1586/2163/2727 1585/2166/2730 1589/2167/2731 1588/2168/2732
s 171
f 1585/2166/2733 1584/2147/2708 1590/2157/2719 1589/2167/2734
s 173
f 1588/2168/2732 1587/2169/2735 1603/2170/2736 1602/2171/2737
s 172
f 1587/2172/2738 1592/2158/2721 1604/2173/2739 1603/2174/2740
s 170
f 1594/2161/2725 1593/2175/2741 1607/2176/2742 1606/2135/2695
s 174
f 1593/2177/2743 1598/2178/2744 1608/2179/2745 1607/2180/2746
f 1598/2178/2744 1597/2181/2747 1601/2182/2748 1600/2183/2749
s 173
f 1597/2181/2750 1596/2164/2728 1602/2171/2737 1601/2182/2751
s 174
f 1600/2183/2749 1599/2184/2752 1615/2185/2753 1614/2186/2754
s 172
f 1599/2187/2755 1604/2173/2739 1616/2151/2713 1615/2188/2756
s 169
f 1610/2132/2692 1609/2189/2757 1613/2190/2758 1612/2153/2715
s 174
f 1609/2189/2759 1608/2179/2745 1614/2186/2754 1613/2190/2760
s 171
f 1572/2137/2697 1578/2140/2700 1590/2157/2719 1584/2147/2708
s 173
f 1586/2163/2727 1588/2168/2732 1602/2171/2737 1596/2164/2728
s 174
f 1598/2178/2744 1600/2183/2749 1614/2186/2754 1608/2179/2745
s 169
f 1610/2132/2692 1612/2153/2715 1580/2142/2702 1570/2129/2689
s 172
f 1576/2148/2710 1616/2151/2713 1604/2173/2739 1592/2158/2721
s 170
f 1606/2135/2695 1574/2134/2694 1582/2146/2706 1594/2161/2725
f 1573/2144/2704 1574/2134/2694 1569/2133/2693 1617/2191/2761
s 169
f 1569/2130/2690 1570/2129/2689 1571/2141/2701 1617/2192/2762
s 171
f 1571/2138/2698 1572/2137/2697 1573/2144/2707 1617/2191/2763
s 169
f 1579/2143/2703 1580/2142/2702 1575/2152/2714 1618/2193/2764
s 172
f 1575/2149/2711 1576/2148/2710 1577/2155/2720 1618/2194/2765
s 171
f 1577/2155/2717 1578/2140/2700 1579/2139/2699 1618/2194/2766
s 173
f 1585/2166/2730 1586/2163/2727 1581/2162/2726 1619/2195/2767
s 170
f 1581/2159/2723 1582/2146/2706 1583/2145/2705 1619/2195/2768
s 171
f 1583/2145/2709 1584/2147/2708 1585/2166/2733 1619/2195/2769
s 172
f 1591/2156/2722 1592/2158/2721 1587/2172/2738 1620/2196/2770
s 173
f 1587/2169/2735 1588/2168/2732 1589/2167/2731 1620/2196/2771
s 171
f 1589/2167/2734 1590/2157/2719 1591/2156/2718 1620/2196/2772
s 174
f 1597/2181/2747 1598/2178/2744 1593/2177/2743 1621/2197/2773
s 170
f 1593/2175/2741 1594/2161/2725 1595/2160/2724 1621/2198/2774
s 173
f 1595/2165/2729 1596/2164/2728 1597/2181/2750 1621/2197/2775
s 172
f 1603/2174/2740 1604/2173/2739 1599/2187/2755 1622/2199/2776
s 174
f 1599/2184/2752 1600/2183/2749 1601/2182/2748 1622/2200/2777
s 173
f 1601/2182/2751 1602/2171/2737 1603/2170/2736 1622/2200/2778
s 169
f 1609/2189/2757 1610/2132/2692 1605/2131/2691 1623/2201/2779
s 170
f 1605/2136/2696 1606/2135/2695 1607/2176/2742 1623/2202/2780
s 174
f 1607/2180/2746 1608/2179/2745 1609/2189/2759 1623/2201/2781
s 172
f 1615/2188/2756 1616/2151/2713 1611/2150/2712 1624/2203/2782
s 169
f 1611/2154/2716 1612/2153/2715 1613/2190/2758 1624/2204/2783
s 174
f 1613/2190/2760 1614/2186/2754 1615/2185/2753 1624/2204/2784
s 175
f 1626/2205/2785 1625/2206/2786 1661/2207/2787 1666/2208/2788
s 176
f 1625/2209/2789 1630/2210/2790 1662/2211/2791 1661/2212/2792
s 177
f 1628/2213/2793 1627/2214/2794 1635/2215/2795 1634/2216/2796
s 175
f 1627/2217/2797 1626/2205/2785 1636/2218/2798 1635/2219/2799
s 176
f 1630/2210/2790 1629/2220/2800 1639/2221/2801 1638/2222/2802
s 177
f 1629/2220/2803 1628/2213/2793 1640/2223/2804 1639/2221/2805
s 178
f 1632/2224/2806 1631/2225/2807 1667/2226/2808 1672/2227/2809
s 175
f 1631/2228/2810 1636/2218/2798 1668/2229/2811 1667/2230/2812
s 177
f 1634/2216/2796 1633/2231/2813 1647/2232/2814 1646/2233/2815
s 178
f 1633/2231/2816 1632/2224/2806 1648/2234/2817 1647/2232/2818
s 176
f 1638/2222/2802 1637/2235/2819 1651/2236/2820 1650/2237/2821
s 179
f 1637/2238/2822 1642/2239/2823 1652/2240/2824 1651/2241/2825
f 1642/2239/2823 1641/2242/2826 1645/2243/2827 1644/2244/2828
s 177
f 1641/2242/2829 1640/2223/2804 1646/2233/2815 1645/2243/2830
s 179
f 1644/2244/2828 1643/2245/2831 1659/2246/2832 1658/2247/2833
s 178
f 1643/2248/2834 1648/2234/2817 1660/2249/2835 1659/2250/2836
s 176
f 1650/2237/2821 1649/2251/2837 1663/2252/2838 1662/2211/2791
s 180
f 1649/2253/2839 1654/2254/2840 1664/2255/2841 1663/2256/2842
f 1654/2254/2840 1653/2257/2843 1657/2258/2844 1656/2259/2845
s 179
f 1653/2257/2846 1652/2240/2824 1658/2247/2833 1657/2258/2847
s 180
f 1656/2259/2845 1655/2260/2848 1671/2261/2849 1670/2262/2850
s 178
f 1655/2263/2851 1660/2249/2835 1672/2227/2809 1671/2264/2852
s 175
f 1666/2208/2788 1665/2265/2853 1669/2266/2854 1668/2229/2811
s 180
f 1665/2265/2855 1664/2255/2841 1670/2262/2850 1669/2266/2856
s 177
f 1628/2213/2793 1634/2216/2796 1646/2233/2815 1640/2223/2804
s 179
f 1642/2239/2823 1644/2244/2828 1658/2247/2833 1652/2240/2824
s 180
f 1654/2254/2840 1656/2259/2845 1670/2262/2850 1664/2255/2841
s 175
f 1666/2208/2788 1668/2229/2811 1636/2218/2798 1626/2205/2785
s 178
f 1632/2224/2806 1672/2227/2809 1660/2249/2835 1648/2234/2817
s 176
f 1662/2211/2791 1630/2210/2790 1638/2222/2802 1650/2237/2821
f 1629/2220/2800 1630/2210/2790 1625/2209/2789 1673/2267/2857
s 175
f 1625/2206/2786 1626/2205/2785 1627/2217/2797 1673/2268/2858
s 177
f 1627/2214/2794 1628/2213/2793 1629/2220/2803 1673/2267/2859
s 175
f 1635/2219/2799 1636/2218/2798 1631/2228/2810 1674/2269/2860
s 178
f 1631/2225/2807 1632/2224/2806 1633/2231/2816 1674/2270/2861
s 177
f 1633/2231/2813 1634/2216/2796 1635/2215/2795 1674/2270/2862
s 179
f 1641/2242/2826 1642/2239/2823 1637/2238/2822 1675/2271/2863
s 176
f 1637/2235/2819 1638/2222/2802 1639/2221/2801 1675/2271/2864
s 177
f 1639/2221/2805 1640/2223/2804 1641/2242/2829 1675/2271/2865
s 178
f 1647/2232/2818 1648/2234/2817 1643/2248/2834 1676/2272/2866
s 179
f 1643/2245/2831 1644/2244/2828 1645/2243/2827 1676/2272/2867
s 177
f 1645/2243/2830 1646/2233/2815 1647/2232/2814 1676/2272/2868
s 180
f 1653/2257/2843 1654/2254/2840 1649/2253/2839 1677/2273/2869
s 176
f 1649/2251/2837 1650/2237/2821 1651/2236/2820 1677/2274/2870
s 179
f 1651/2241/2825 1652/2240/2824 1653/2257/2846 1677/2273/2871
s 178
f 1659/2250/2836 1660/2249/2835 1655/2263/2851 1678/2275/2872
s 180
f 1655/2260/2848 1656/2259/2845 1657/2258/2844 1678/2276/2873
s 179
f 1657/2258/2847 1658/2247/2833 1659/2246/2832 1678/2276/2874
s 175
f 1665/2265/2853 1666/2208/2788 1661/2207/2787 1679/2277/2875
s 176
f 1661/2212/2792 1662/2211/2791 1663/2252/2838 1679/2278/2876
s 180
f 1663/2256/2842 1664/2255/2841 1665/2265/2855 1679/2277/2877
s 178
f 1671/2264/2852 1672/2227/2809 1667/2226/2808 1680/2279/2878
s 175
f 1667/2230/2812 1668/2229/2811 1669/2266/2854 1680/2280/2879
s 180
f 1669/2266/2856 1670/2262/2850 1671/2261/2849 1680/2280/2880
s 181
f 1682/2281/2881 1681/2282/2882 1717/2283/2883 1722/2284/2884
s 182
f 1681/2285/2885 1686/2286/2886 1718/2287/2887 1717/2288/2888
s 183
f 1684/2289/2889 1683/2290/2890 1691/2291/2891 1690/2292/2892
s 181
f 1683/2293/2893 1682/2281/2881 1692/2294/2894 1691/2295/2895
s 182
f 1686/2286/2886 1685/2296/2896 1695/2297/2897 1694/2298/2898
s 183
f 1685/2296/2899 1684/2289/2889 1696/2299/2900 1695/2297/2901
s 184
f 1688/2300/2902 1687/2301/2903 1723/2302/2904 1728/2303/2905
s 181
f 1687/2304/2906 1692/2294/2894 1724/2305/2907 1723/2306/2908
s 183
f 1690/2292/2892 1689/2307/2909 1703/2308/2910 1702/2309/2911
s 184
f 1689/2307/2912 1688/2300/2902 1704/2310/2913 1703/2308/2914
s 182
f 1694/2298/2898 1693/2311/2915 1707/2312/2916 1706/2313/2917
s 185
f 1693/2314/2918 1698/2315/2919 1708/2316/2920 1707/2317/2921
f 1698/2315/2919 1697/2318/2922 1701/2319/2923 1700/2320/2924
s 183
f 1697/2318/2925 1696/2299/2900 1702/2309/2911 1701/2319/2926
s 185
f 1700/2320/2924 1699/2321/2927 1715/2322/2928 1714/2323/2929
s 184
f 1699/2324/2930 1704/2310/2913 1716/2325/2931 1715/2326/2932
s 182
f 1706/2313/2917 1705/2327/2933 1719/2328/2934 1718/2287/2887
s 186
f 1705/2329/2935 1710/2330/2936 1720/2331/2937 1719/2332/2938
f 1710/2330/2936 1709/2333/2939 1713/2334/2940 1712/2335/2941
s 185
f 1709/2333/2942 1708/2316/2920 1714/2323/2929 1713/2334/2943
s 186
f 1712/2335/2941 1711/2336/2944 1727/2337/2945 1726/2338/2946
s 184
f 1711/2339/2947 1716/2325/2931 1728/2303/2905 1727/2340/2948
s 181
f 1722/2284/2884 1721/2341/2949 1725/2342/2950 1724/2305/2907
s 186
f 1721/2341/2951 1720/2331/2937 1726/2338/2946 1725/2342/2952
s 183
f 1684/2289/2889 1690/2292/2892 1702/2309/2911 1696/2299/2900
s 185
f 1698/2315/2919 1700/2320/2924 1714/2323/2929 1708/2316/2920
s 186
f 1710/2330/2936 1712/2335/2941 1726/2338/2946 1720/2331/2937
s 181
f 1722/2284/2884 1724/2305/2907 1692/2294/2894 1682/2281/2881
s 184
f 1688/2300/2902 1728/2303/2905 1716/2325/2931 1704/2310/2913
s 182
f 1718/2287/2887 1686/2286/2886 1694/2298/2898 1706/2313/2917
f 1685/2296/2896 1686/2286/2886 1681/2285/2885 1729/2343/2953
s 181
f 1681/2282/2882 1682/2281/2881 1683/2293/2893 1729/2344/2954
s 183
f 1683/2290/2890 1684/2289/2889 1685/2296/2899 1729/2343/2955
s 181
f 1691/2295/2895 1692/2294/2894 1687/2304/2906 1730/2345/2956
s 184
f 1687/2301/2903 1688/2300/2902 1689/2307/2912 1730/2346/2957
s 183
f 1689/2307/2909 1690/2292/2892 1691/2291/2891 1730/2346/2958
s 185
f 1697/2318/2922 1698/2315/2919 1693/2314/2918 1731/2347/2959
s 182
f 1693/2311/2915 1694/2298/2898 1695/2297/2897 1731/2347/2960
s 183
f 1695/2297/2901 1696/2299/2900 1697/2318/2925 1731/2347/2961
s 184
f 1703/2308/2914 1704/2310/2913 1699/2324/2930 1732/2348/2962
s 185
f 1699/2321/2927 1700/2320/2924 1701/2319/2923 1732/2348/2963
s 183
f 1701/2319/2926 1702/2309/2911 1703/2308/2910 1732/2348/2964
s 186
f 1709/2333/2939 1710/2330/2936 1705/2329/2935 1733/2349/2965
s 182
f 1705/2327/2933 1706/2313/2917 1707/2312/2916 1733/2350/2966
s 185
f 1707/2317/2921 1708/2316/2920 1709/2333/2942 1733/2349/2967
s 184
f 1715/2326/2932 1716/2325/2931 1711/2339/2947 1734/2351/2968
s 186
f 1711/2336/2944 1712/2335/2941 1713/2334/2940 1734/2352/2969
s 185
f 1713/2334/2943 1714/2323/2929 1715/2322/2928 1734/2352/2970
s 181
f 1721/2341/2949 1722/2284/2884 1717/2283/2883 1735/2353/2971
s 182
f 1717/2288/2888 1718/2287/2887 1719/2328/2934 1735/2354/2972
s 186
f 1719/2332/2938 1720/2331/2937 1721/2341/2951 1735/2353/2973
s 184
f 1727/2340/2948 1728/2303/2905 1723/2302/2904 1736/2355/2974
s 181
f 1723/2306/2908 1724/2305/2907 1725/2342/2950 1736/2356/2975
s 186
f 1725/2342/2952 1726/2338/2946 1727/2337/2945 1736/2356/2976
s 187
f 1738/2357/2977 1737/2358/2978 1773/2359/2979 1778/2360/2980
s 188
f 1737/2361/2981 1742/2362/2982 1774/2363/2983 1773/2364/2984
s 189
f 1740/2365/2985 1739/2366/2986 1747/2367/2987 1746/2368/2988
s 187
f 1739/2369/2989 1738/2357/2977 1748/2370/2990 1747/2371/2991
s 188
f 1742/2362/2982 1741/2372/2992 1751/2373/2993 1750/2374/2994
s 189
f 1741/2372/2995 1740/2365/2985 1752/2375/2996 1751/2373/2997
s 190
f 1744/2376/2998 1743/2377/2999 1779/2378/3000 1784/2379/3001
s 187
f 1743/2380/3002 1748/2370/2990 1780/2381/3003 1779/2382/3004
s 189
f 1746/2368/2988 1745/2383/3005 1759/2384/3006 1758/2385/3007
s 190
f 1745/2383/3008 1744/2376/2998 1760/2386/3009 1759/2384/3010
s 188
f 1750/2374/2994 1749/2387/3011 1763/2388/3012 1762/2389/3013
s 191
f 1749/2390/3014 1754/2391/3015 1764/2392/3016 1763/2393/3017
f 1754/2391/3015 1753/2394/3018 1757/2395/3019 1756/2396/3020
s 189
f 1753/2394/3021 1752/2375/2996 1758/2385/3007 1757/2395/3022
s 191
f 1756/2396/3020 1755/2397/3023 1771/2398/3024 1770/2399/3025
s 190
f 1755/2400/3026 1760/2386/3009 1772/2401/3027 1771/2402/3028
s 188
f 1762/2389/3013 1761/2403/3029 1775/2404/3030 1774/2363/2983
s 192
f 1761/2405/3031 1766/2406/3032 1776/2407/3033 1775/2408/3034
f 1766/2406/3032 1765/2409/3035 1769/2410/3036 1768/2411/3037
s 191
f 1765/2409/3038 1764/2392/3016 1770/2399/3025 1769/2410/3039
s 192
f 1768/2411/3037 1767/2412/3040 1783/2413/3041 1782/2414/3042
s 190
f 1767/2415/3043 1772/2401/3027 1784/2379/3001 1783/2416/3044
s 187
f 1778/2360/2980 1777/2417/3045 1781/2418/3046 1780/2381/3003
s 192
f 1777/2417/3047 1776/2407/3033 1782/2414/3042 1781/2418/3048
s 189
f 1740/2365/2985 1746/2368/2988 1758/2385/3007 1752/2375/2996
s 191
f 1754/2391/3015 1756/2396/3020 1770/2399/3025 1764/2392/3016
s 192
f 1766/2406/3032 1768/2411/3037 1782/2414/3042 1776/2407/3033
s 187
f 1778/2360/2980 1780/2381/3003 1748/2370/2990 1738/2357/2977
s 190
f 1744/2376/2998 1784/2379/3001 1772/2401/3027 1760/2386/3009
s 188
f 1774/2363/2983 1742/2362/2982 1750/2374/2994 1762/2389/3013
f 1741/2372/2992 1742/2362/2982 1737/2361/2981 1785/2419/3049
s 187
f 1737/2358/2978 1738/2357/2977 1739/2369/2989 1785/2420/3050
s 189
f 1739/2366/2986 1740/2365/2985 1741/2372/2995 1785/2419/3051
s 187
f 1747/2371/2991 1748/2370/2990 1743/2380/3002 1786/2421/3052
s 190
f 1743/2377/2999 1744/2376/2998 1745/2383/3008 1786/2422/3053
s 189
f 1745/2383/3005 1746/2368/2988 1747/2367/2987 1786/2422/3054
s 191
f 1753/2394/3018 1754/2391/3015 1749/2390/3014 1787/2423/3055
s 188
f 1749/2387/3011 1750/2374/2994 1751/2373/2993 1787/2423/3056
s 189
f 1751/2373/2997 1752/2375/2996 1753/2394/3021 1787/2423/3057
s 190
f 1759/2384/3010 1760/2386/3009 1755/2400/3026 1788/2424/3058
s 191
f 1755/2397/3023 1756/2396/3020 1757/2395/3019 1788/2424/3059
s 189
f 1757/2395/3022 1758/2385/3007 1759/2384/3006 1788/2424/3060
s 192
f 1765/2409/3035 1766/2406/3032 1761/2405/3031 1789/2425/3061
s 188
f 1761/2403/3029 1762/2389/3013 1763/2388/3012 1789/2426/3062
s 191
f 1763/2393/3017 1764/2392/3016 1765/2409/3038 1789/2425/3063
s 190
f 1771/2402/3028 1772/2401/3027 1767/2415/3043 1790/2427/3064
s 192
f 1767/2412/3040 1768/2411/3037 1769/2410/3036 1790/2428/3065
s 191
f 1769/2410/3039 1770/2399/3025 1771/2398/3024 1790/2428/3066
s 187
f 1777/2417/3045 1778/2360/2980 1773/2359/2979 1791/2429/3067
s 188
f 1773/2364/2984 1774/2363/2983 1775/2404/3030 1791/2430/3068
s 192
f 1775/2408/3034 1776/2407/3033 1777/2417/3047 1791/2429/3069
s 190
f 1783/2416/3044 1784/2379/3001 1779/2378/3000 1792/2431/3070
s 187
f 1779/2382/3004 1780/2381/3003 1781/2418/3046 1792/2432/3071
s 192
f 1781/2418/3048 1782/2414/3042 1783/2413/3041 1792/2432/3072
g default
v 19.391808 2.904254 -12.329047
v 19.405716 2.937833 -12.329047
v 19.391808 2.937833 -12.313898
v 19.358227 2.937833 -12.307623
v 19.358227 2.904254 -12.313898
v 19.358227 2.890345 -12.329047
v 19.391808 4.727455 -12.329047
v 19.358227 4.741364 -12.329047
v 19.358227 4.727455 -12.313898
v 19.358227 4.693876 -12.307623
v 19.391808 4.693876 -12.313898
v 19.405716 4.693876 -12.329047
v 17.609566 2.904254 -12.329047
v 17.643145 2.890345 -12.329047
v 17.643145 2.904254 -12.313898
v 17.643145 2.937833 -12.307623
v 17.609566 2.937833 -12.313898
v 17.595657 2.937833 -12.329047
v 17.609566 4.727455 -12.329047
v 17.595657 4.693876 -12.329047
v 17.609566 4.693876 -12.313898
v 17.643145 4.693876 -12.307623
v 17.643145 4.727455 -12.313898
v 17.643145 4.741364 -12.329047
v 17.643145 2.904254 -12.380426
v 17.643145 2.890345 -12.365278
v 17.609566 2.904254 -12.365278
v 17.595657 2.937833 -12.365278
v 17.609566 2.937833 -12.380426
v 17.643145 2.937833 -12.386702
v 17.643145 4.727455 -12.380426
v 17.643145 4.693876 -12.386702
v 17.609566 4.693876 -12.380426
v 17.595657 4.693876 -12.365278
v 17.609566 4.727455 -12.365278
v 17.643145 4.741364 -12.365278
v 19.391808 2.904254 -12.365278
v 19.358227 2.890345 -12.365278
v 19.358227 2.904254 -12.380426
v 19.358227 2.937833 -12.386702
v 19.391808 2.937833 -12.380426
v 19.405716 2.937833 -12.365278
v 19.391808 4.727455 -12.365278
v 19.405716 4.693876 -12.365278
v 19.391808 4.693876 -12.380426
v 19.358227 4.693876 -12.386702
v 19.358227 4.727455 -12.380426
v 19.358227 4.741364 -12.365278
v 19.385637 2.910425 -12.316683
v 19.385637 4.721284 -12.316683
v 17.615736 2.910425 -12.316683
v 17.615736 4.721284 -12.316683
v 17.615736 2.910425 -12.377642
v 17.615736 4.721284 -12.377642
v 19.385637 2.910425 -12.377642
v 19.385637 4.721284 -12.377642
v 15.562857 2.904254 -12.329047
v 15.576765 2.937833 -12.329047
v 15.562857 2.937833 -12.313898
v 15.529276 2.937833 -12.307623
v 15.529276 2.904254 -12.313898
v 15.529276 2.890345 -12.329047
v 15.562857 4.727455 -12.329047
v 15.529276 4.741364 -12.329047
v 15.529276 4.727455 -12.313898
v 15.529276 4.693876 -12.307623
v 15.562857 4.693876 -12.313898
v 15.576765 4.693876 -12.329047
v 13.780615 2.904254 -12.329047
v 13.814196 2.890345 -12.329047
v 13.814196 2.904254 -12.313898
v 13.814196 2.937833 -12.307623
v 13.780615 2.937833 -12.313898
v 13.766706 2.937833 -12.329047
v 13.780615 4.727455 -12.329047
v 13.766706 4.693876 -12.329047
v 13.780615 4.693876 -12.313898
v 13.814196 4.693876 -12.307623
v 13.814196 4.727455 -12.313898
v 13.814196 4.741364 -12.329047
v 13.814196 2.904254 -12.380426
v 13.814196 2.890345 -12.365278
v 13.780615 2.904254 -12.365278
v 13.766706 2.937833 -12.365278
v 13.780615 2.937833 -12.380426
v 13.814196 2.937833 -12.386702
v 13.814196 4.727455 -12.380426
v 13.814196 4.693876 -12.386702
v 13.780615 4.693876 -12.380426
v 13.766706 4.693876 -12.365278
v 13.780615 4.727455 -12.365278
v 13.814196 4.741364 -12.365278
v 15.562857 2.904254 -12.365278
v 15.529276 2.890345 -12.365278
v 15.529276 2.904254 -12.380426
v 15.529276 2.937833 -12.386702
v 15.562857 2.937833 -12.380426
v 15.576765 2.937833 -12.365278
v 15.562857 4.727455 -12.365278
v 15.576765 4.693876 -12.365278
v 15.562857 4.693876 -12.380426
v 15.529276 4.693876 -12.386702
v 15.529276 4.727455 -12.380426
v 15.529276 4.741364 -12.365278
v 15.556686 2.910425 -12.316683
v 15.556686 4.721284 -12.316683
v 13.786787 2.910425 -12.316683
v 13.786787 4.721284 -12.316683
v 13.786787 2.910425 -12.377642
v 13.786787 4.721284 -12.377642
v 15.556686 2.910425 -12.377642
v 15.556686 4.721284 -12.377642
v 11.768137 2.904254 -12.329047
v 11.782045 2.937833 -12.329047
v 11.768137 2.937833 -12.313898
v 11.734556 2.937833 -12.307623
v 11.734556 2.904254 -12.313898
v 11.734556 2.890345 -12.329047
v 11.768137 4.727455 -12.329047
v 11.734556 4.741364 -12.329047
v 11.734556 4.727455 -12.313898
v 11.734556 4.693876 -12.307623
v 11.768137 4.693876 -12.313898
v 11.782045 4.693876 -12.329047
v 9.985895 2.904254 -12.329047
v 10.019474 2.890345 -12.329047
v 10.019474 2.904254 -12.313898
v 10.019474 2.937833 -12.307623
v 9.985895 2.937833 -12.313898
v 9.971987 2.937833 -12.329047
v 9.985895 4.727455 -12.329047
v 9.971987 4.693876 -12.329047
v 9.985895 4.693876 -12.313898
v 10.019474 4.693876 -12.307623
v 10.019474 4.727455 -12.313898
v 10.019474 4.741364 -12.329047
v 10.019474 2.904254 -12.380426
v 10.019474 2.890345 -12.365278
v 9.985895 2.904254 -12.365278
v 9.971987 2.937833 -12.365278
v 9.985895 2.937833 -12.380426
v 10.019474 2.937833 -12.386702
v 10.019474 4.727455 -12.380426
v 10.019474 4.693876 -12.386702
v 9.985895 4.693876 -12.380426
v 9.971987 4.693876 -12.365278
v 9.985895 4.727455 -12.365278
v 10.019474 4.741364 -12.365278
v 11.768137 2.904254 -12.365278
v 11.734556 2.890345 -12.365278
v 11.734556 2.904254 -12.380426
v 11.734556 2.937833 -12.386702
v 11.768137 2.937833 -12.380426
v 11.782045 2.937833 -12.365278
v 11.768137 4.727455 -12.365278
v 11.782045 4.693876 -12.365278
v 11.768137 4.693876 -12.380426
v 11.734556 4.693876 -12.386702
v 11.734556 4.727455 -12.380426
v 11.734556 4.741364 -12.365278
v 11.761967 2.910425 -12.316683
v 11.761967 4.721284 -12.316683
v 9.992065 2.910425 -12.316683
v 9.992065 4.721284 -12.316683
v 9.992065 2.910425 -12.377642
v 9.992065 4.721284 -12.377642
v 11.761967 2.910425 -12.377642
v 11.761967 4.721284 -12.377642
v 11.737773 6.602958 -12.329047
v 11.751681 6.636537 -12.329047
v 11.737773 6.636537 -12.313898
v 11.704192 6.636537 -12.307623
v 11.704192 6.602958 -12.313898
v 11.704192 6.589048 -12.329047
v 11.737773 8.426159 -12.329047
v 11.704192 8.440068 -12.329047
v 11.704192 8.426159 -12.313898
v 11.704192 8.392580 -12.307623
v 11.737773 8.392580 -12.313898
v 11.751681 8.392580 -12.329047
v 9.955531 6.602958 -12.329047
v 9.989111 6.589048 -12.329047
v 9.989111 6.602958 -12.313898
v 9.989111 6.636537 -12.307623
v 9.955531 6.636537 -12.313898
v 9.941623 6.636537 -12.329047
v 9.955531 8.426159 -12.329047
v 9.941623 8.392580 -12.329047
v 9.955531 8.392580 -12.313898
v 9.989111 8.392580 -12.307623
v 9.989111 8.426159 -12.313898
v 9.989111 8.440068 -12.329047
v 9.989111 6.602958 -12.380426
v 9.989111 6.589048 -12.365278
v 9.955531 6.602958 -12.365278
v 9.941623 6.636537 -12.365278
v 9.955531 6.636537 -12.380426
v 9.989111 6.636537 -12.386702
v 9.989111 8.426159 -12.380426
v 9.989111 8.392580 -12.386702
v 9.955531 8.392580 -12.380426
v 9.941623 8.392580 -12.365278
v 9.955531 8.426159 -12.365278
v 9.989111 8.440068 -12.365278
v 11.737773 6.602958 -12.365278
v 11.704192 6.589048 -12.365278
v 11.704192 6.602958 -12.380426
v 11.704192 6.636537 -12.386702
v 11.737773 6.636537 -12.380426
v 11.751681 6.636537 -12.365278
v 11.737773 8.426159 -12.365278
v 11.751681 8.392580 -12.365278
v 11.737773 8.392580 -12.380426
v 11.704192 8.392580 -12.386702
v 11.704192 8.426159 -12.380426
v 11.704192 8.440068 -12.365278
v 11.731603 6.609129 -12.316683
v 11.731603 8.419988 -12.316683
v 9.961702 6.609129 -12.316683
v 9.961702 8.419988 -12.316683
v 9.961702 6.609129 -12.377642
v 9.961702 8.419988 -12.377642
v 11.731603 6.609129 -12.377642
v 11.731603 8.419988 -12.377642
v 11.751291 10.471651 -12.329047
v 11.765200 10.505230 -12.329047
v 11.751291 10.505230 -12.313898
v 11.717710 10.505230 -12.307623
v 11.717710 10.471651 -12.313898
v 11.717710 10.457741 -12.329047
v 11.751291 12.294851 -12.329047
v 11.717710 12.308762 -12.329047
v 11.717710 12.294851 -12.313898
v 11.717710 12.261272 -12.307623
v 11.751291 12.261272 -12.313898
v 11.765200 12.261272 -12.329047
v 9.969049 10.471651 -12.329047
v 10.002629 10.457741 -12.329047
v 10.002629 10.471651 -12.313898
v 10.002629 10.505230 -12.307623
v 9.969049 10.505230 -12.313898
v 9.955141 10.505230 -12.329047
v 9.969049 12.294851 -12.329047
v 9.955141 12.261272 -12.329047
v 9.969049 12.261272 -12.313898
v 10.002629 12.261272 -12.307623
v 10.002629 12.294851 -12.313898
v 10.002629 12.308762 -12.329047
v 10.002629 10.471651 -12.380426
v 10.002629 10.457741 -12.365278
v 9.969049 10.471651 -12.365278
v 9.955141 10.505230 -12.365278
v 9.969049 10.505230 -12.380426
v 10.002629 10.505230 -12.386702
v 10.002629 12.294851 -12.380426
v 10.002629 12.261272 -12.386702
v 9.969049 12.261272 -12.380426
v 9.955141 12.261272 -12.365278
v 9.969049 12.294851 -12.365278
v 10.002629 12.308762 -12.365278
v 11.751291 10.471651 -12.365278
v 11.717710 10.457741 -12.365278
v 11.717710 10.471651 -12.380426
v 11.717710 10.505230 -12.386702
v 11.751291 10.505230 -12.380426
v 11.765200 10.505230 -12.365278
v 11.751291 12.294851 -12.365278
v 11.765200 12.261272 -12.365278
v 11.751291 12.261272 -12.380426
v 11.717710 12.261272 -12.386702
v 11.717710 12.294851 -12.380426
v 11.717710 12.308762 -12.365278
v 11.745121 10.477821 -12.316683
v 11.745121 12.288681 -12.316683
v 9.975221 10.477821 -12.316683
v 9.975221 12.288681 -12.316683
v 9.975221 10.477821 -12.377642
v 9.975221 12.288681 -12.377642
v 11.745121 10.477821 -12.377642
v 11.745121 12.288681 -12.377642
v 15.562252 10.471651 -12.329047
v 15.576160 10.505230 -12.329047
v 15.562252 10.505230 -12.313898
v 15.528671 10.505230 -12.307623
v 15.528671 10.471651 -12.313898
v 15.528671 10.457741 -12.329047
v 15.562252 12.294851 -12.329047
v 15.528671 12.308762 -12.329047
v 15.528671 12.294851 -12.313898
v 15.528671 12.261272 -12.307623
v 15.562252 12.261272 -12.313898
v 15.576160 12.261272 -12.329047
v 13.780010 10.471651 -12.329047
v 13.813590 10.457741 -12.329047
v 13.813590 10.471651 -12.313898
v 13.813590 10.505230 -12.307623
v 13.780010 10.505230 -12.313898
v 13.766102 10.505230 -12.329047
v 13.780010 12.294851 -12.329047
v 13.766102 12.261272 -12.329047
v 13.780010 12.261272 -12.313898
v 13.813590 12.261272 -12.307623
v 13.813590 12.294851 -12.313898
v 13.813590 12.308762 -12.329047
v 13.813590 10.471651 -12.380426
v 13.813590 10.457741 -12.365278
v 13.780010 10.471651 -12.365278
v 13.766102 10.505230 -12.365278
v 13.780010 10.505230 -12.380426
v 13.813590 10.505230 -12.386702
v 13.813590 12.294851 -12.380426
v 13.813590 12.261272 -12.386702
v 13.780010 12.261272 -12.380426
v 13.766102 12.261272 -12.365278
v 13.780010 12.294851 -12.365278
v 13.813590 12.308762 -12.365278
v 15.562252 10.471651 -12.365278
v 15.528671 10.457741 -12.365278
v 15.528671 10.471651 -12.380426
v 15.528671 10.505230 -12.386702
v 15.562252 10.505230 -12.380426
v 15.576160 10.505230 -12.365278
v 15.562252 12.294851 -12.365278
v 15.576160 12.261272 -12.365278
v 15.562252 12.261272 -12.380426
v 15.528671 12.261272 -12.386702
v 15.528671 12.294851 -12.380426
v 15.528671 12.308762 -12.365278
v 15.556082 10.477821 -12.316683
v 15.556082 12.288681 -12.316683
v 13.786181 10.477821 -12.316683
v 13.786181 12.288681 -12.316683
v 13.786181 10.477821 -12.377642
v 13.786181 12.288681 -12.377642
v 15.556082 10.477821 -12.377642
v 15.556082 12.288681 -12.377642
v 19.455517 10.471651 -12.329047
v 19.470192 10.505230 -12.329047
v 19.455517 10.505230 -12.313898
v 19.420080 10.505230 -12.307623
v 19.420080 10.471651 -12.313898
v 19.420080 10.457741 -12.329047
v 19.455517 12.294851 -12.329047
v 19.420080 12.308762 -12.329047
v 19.420080 12.294851 -12.313898
v 19.420080 12.261272 -12.307623
v 19.455517 12.261272 -12.313898
v 19.470192 12.261272 -12.329047
v 17.574869 10.471651 -12.329047
v 17.610302 10.457741 -12.329047
v 17.610302 10.471651 -12.313898
v 17.610302 10.505230 -12.307623
v 17.574869 10.505230 -12.313898
v 17.560192 10.505230 -12.329047
v 17.574869 12.294851 -12.329047
v 17.560192 12.261272 -12.329047
v 17.574869 12.261272 -12.313898
v 17.610302 12.261272 -12.307623
v 17.610302 12.294851 -12.313898
v 17.610302 12.308762 -12.329047
v 17.610302 10.471651 -12.380426
v 17.610302 10.457741 -12.365278
v 17.574869 10.471651 -12.365278
v 17.560192 10.505230 -12.365278
v 17.574869 10.505230 -12.380426
v 17.610302 10.505230 -12.386702
v 17.610302 12.294851 -12.380426
v 17.610302 12.261272 -12.386702
v 17.574869 12.261272 -12.380426
v 17.560192 12.261272 -12.365278
v 17.574869 12.294851 -12.365278
v 17.610302 12.308762 -12.365278
v 19.455517 10.471651 -12.365278
v 19.420080 10.457741 -12.365278
v 19.420080 10.471651 -12.380426
v 19.420080 10.505230 -12.386702
v 19.455517 10.505230 -12.380426
v 19.470192 10.505230 -12.365278
v 19.455517 12.294851 -12.365278
v 19.470192 12.261272 -12.365278
v 19.455517 12.261272 -12.380426
v 19.420080 12.261272 -12.386702
v 19.420080 12.294851 -12.380426
v 19.420080 12.308762 -12.365278
v 19.449005 10.477821 -12.316683
v 19.449005 12.288681 -12.316683
v 17.581379 10.477821 -12.316683
v 17.581379 12.288681 -12.316683
v 17.581379 10.477821 -12.377642
v 17.581379 12.288681 -12.377642
v 19.449005 10.477821 -12.377642
v 19.449005 12.288681 -12.377642
v 19.387337 6.772947 -12.329047
v 19.401245 6.806526 -12.329047
v 19.387337 6.806526 -12.313898
v 19.353756 6.630612 -12.307623
v 19.353756 6.772947 -12.313898
v 19.353756 6.759037 -12.329047
v 19.387337 8.596148 -12.329047
v 19.353756 8.610058 -12.329047
v 19.353756 8.596148 -12.313898
v 19.353756 8.386655 -12.307623
v 19.387337 8.562569 -12.313898
v 19.401245 8.562569 -12.329047
v 17.605095 6.772947 -12.329047
v 17.638674 6.759037 -12.329047
v 17.638674 6.772947 -12.313898
v 17.638674 6.630612 -12.307623
v 17.605095 6.806526 -12.313898
v 17.591187 6.806526 -12.329047
v 17.605095 8.596148 -12.329047
v 17.591187 8.562569 -12.329047
v 17.605095 8.562569 -12.313898
v 17.638674 8.386655 -12.307623
v 17.638674 8.596148 -12.313898
v 17.638674 8.610058 -12.329047
v 17.638674 6.772947 -12.380426
v 17.638674 6.759037 -12.365278
v 17.605095 6.772947 -12.365278
v 17.591187 6.806526 -12.365278
v 17.605095 6.806526 -12.380426
v 17.638674 6.806526 -12.386702
v 17.638674 8.596148 -12.380426
v 17.638674 8.562569 -12.386702
v 17.605095 8.562569 -12.380426
v 17.591187 8.562569 -12.365278
v 17.605095 8.596148 -12.365278
v 17.638674 8.610058 -12.365278
v 19.387337 6.772947 -12.365278
v 19.353756 6.759037 -12.365278
v 19.353756 6.772947 -12.380426
v 19.353756 6.806526 -12.386702
v 19.387337 6.806526 -12.380426
v 19.401245 6.806526 -12.365278
v 19.387337 8.596148 -12.365278
v 19.401245 8.562569 -12.365278
v 19.387337 8.562569 -12.380426
v 19.353756 8.562569 -12.386702
v 19.353756 8.596148 -12.380426
v 19.353756 8.610058 -12.365278
v 19.381166 6.779118 -12.316683
v 19.381166 8.589977 -12.316683
v 17.611265 6.779118 -12.316683
v 17.611265 8.589977 -12.316683
v 17.611265 6.779118 -12.377642
v 17.611265 8.589977 -12.377642
v 19.381166 6.779118 -12.377642
v 19.381166 8.589977 -12.377642
v -10.170904 2.904254 -12.329047
v -10.156996 2.937833 -12.329047
v -10.170904 2.937833 -12.313898
v -10.204485 2.937833 -12.307623
v -10.204485 2.904254 -12.313898
v -10.204485 2.890345 -12.329047
v -10.170904 4.727455 -12.329047
v -10.204485 4.741364 -12.329047
v -10.204485 4.727455 -12.313898
v -10.204485 4.693876 -12.307623
v -10.170904 4.693876 -12.313898
v -10.156996 4.693876 -12.329047
v -11.953146 2.904254 -12.329047
v -11.919567 2.890345 -12.329047
v -11.919567 2.904254 -12.313898
v -11.919567 2.937833 -12.307623
v -11.953146 2.937833 -12.313898
v -11.967054 2.937833 -12.329047
v -11.953146 4.727455 -12.329047
v -11.967054 4.693876 -12.329047
v -11.953146 4.693876 -12.313898
v -11.919567 4.693876 -12.307623
v -11.919567 4.727455 -12.313898
v -11.919567 4.741364 -12.329047
v -11.919567 2.904254 -12.380426
v -11.919567 2.890345 -12.365278
v -11.953146 2.904254 -12.365278
v -11.967054 2.937833 -12.365278
v -11.953146 2.937833 -12.380426
v -11.919567 2.937833 -12.386702
v -11.919567 4.727455 -12.380426
v -11.919567 4.693876 -12.386702
v -11.953146 4.693876 -12.380426
v -11.967054 4.693876 -12.365278
v -11.953146 4.727455 -12.365278
v -11.919567 4.741364 -12.365278
v -10.170904 2.904254 -12.365278
v -10.204485 2.890345 -12.365278
v -10.204485 2.904254 -12.380426
v -10.204485 2.937833 -12.386702
v -10.170904 2.937833 -12.380426
v -10.156996 2.937833 -12.365278
v -10.170904 4.727455 -12.365278
v -10.156996 4.693876 -12.365278
v -10.170904 4.693876 -12.380426
v -10.204485 4.693876 -12.386702
v -10.204485 4.727455 -12.380426
v -10.204485 4.741364 -12.365278
v -10.177074 2.910425 -12.316683
v -10.177074 4.721284 -12.316683
v -11.946976 2.910425 -12.316683
v -11.946976 4.721284 -12.316683
v -11.946976 2.910425 -12.377642
v -11.946976 4.721284 -12.377642
v -10.177074 2.910425 -12.377642
v -10.177074 4.721284 -12.377642
v -13.999855 2.904254 -12.329047
v -13.985947 2.937833 -12.329047
v -13.999855 2.937833 -12.313898
v -14.033436 2.937833 -12.307623
v -14.033436 2.904254 -12.313898
v -14.033436 2.890345 -12.329047
v -13.999855 4.727455 -12.329047
v -14.033436 4.741364 -12.329047
v -14.033436 4.727455 -12.313898
v -14.033436 4.693876 -12.307623
v -13.999855 4.693876 -12.313898
v -13.985947 4.693876 -12.329047
v -15.782097 2.904254 -12.329047
v -15.748516 2.890345 -12.329047
v -15.748516 2.904254 -12.313898
v -15.748516 2.937833 -12.307623
v -15.782097 2.937833 -12.313898
v -15.796005 2.937833 -12.329047
v -15.782097 4.727455 -12.329047
v -15.796005 4.693876 -12.329047
v -15.782097 4.693876 -12.313898
v -15.748516 4.693876 -12.307623
v -15.748516 4.727455 -12.313898
v -15.748516 4.741364 -12.329047
v -15.748516 2.904254 -12.380426
v -15.748516 2.890345 -12.365278
v -15.782097 2.904254 -12.365278
v -15.796005 2.937833 -12.365278
v -15.782097 2.937833 -12.380426
v -15.748516 2.937833 -12.386702
v -15.748516 4.727455 -12.380426
v -15.748516 4.693876 -12.386702
v -15.782097 4.693876 -12.380426
v -15.796005 4.693876 -12.365278
v -15.782097 4.727455 -12.365278
v -15.748516 4.741364 -12.365278
v -13.999855 2.904254 -12.365278
v -14.033436 2.890345 -12.365278
v -14.033436 2.904254 -12.380426
v -14.033436 2.937833 -12.386702
v -13.999855 2.937833 -12.380426
v -13.985947 2.937833 -12.365278
v -13.999855 4.727455 -12.365278
v -13.985947 4.693876 -12.365278
v -13.999855 4.693876 -12.380426
v -14.033436 4.693876 -12.386702
v -14.033436 4.727455 -12.380426
v -14.033436 4.741364 -12.365278
v -14.006025 2.910425 -12.316683
v -14.006025 4.721284 -12.316683
v -15.775925 2.910425 -12.316683
v -15.775925 4.721284 -12.316683
v -15.775925 2.910425 -12.377642
v -15.775925 4.721284 -12.377642
v -14.006025 2.910425 -12.377642
v -14.006025 4.721284 -12.377642
v -17.794575 2.904254 -12.329047
v -17.780666 2.937833 -12.329047
v -17.794575 2.937833 -12.313898
v -17.828156 2.937833 -12.307623
v -17.828156 2.904254 -12.313898
v -17.828156 2.890345 -12.329047
v -17.794575 4.727455 -12.329047
v -17.828156 4.741364 -12.329047
v -17.828156 4.727455 -12.313898
v -17.828156 4.693876 -12.307623
v -17.794575 4.693876 -12.313898
v -17.780666 4.693876 -12.329047
v -19.576817 2.904254 -12.329047
v -19.543238 2.890345 -12.329047
v -19.543238 2.904254 -12.313898
v -19.543238 2.937833 -12.307623
v -19.576817 2.937833 -12.313898
v -19.590725 2.937833 -12.329047
v -19.576817 4.727455 -12.329047
v -19.590725 4.693876 -12.329047
v -19.576817 4.693876 -12.313898
v -19.543238 4.693876 -12.307623
v -19.543238 4.727455 -12.313898
v -19.543238 4.741364 -12.329047
v -19.543238 2.904254 -12.380426
v -19.543238 2.890345 -12.365278
v -19.576817 2.904254 -12.365278
v -19.590725 2.937833 -12.365278
v -19.576817 2.937833 -12.380426
v -19.543238 2.937833 -12.386702
v -19.543238 4.727455 -12.380426
v -19.543238 4.693876 -12.386702
v -19.576817 4.693876 -12.380426
v -19.590725 4.693876 -12.365278
v -19.576817 4.727455 -12.365278
v -19.543238 4.741364 -12.365278
v -17.794575 2.904254 -12.365278
v -17.828156 2.890345 -12.365278
v -17.828156 2.904254 -12.380426
v -17.828156 2.937833 -12.386702
v -17.794575 2.937833 -12.380426
v -17.780666 2.937833 -12.365278
v -17.794575 4.727455 -12.365278
v -17.780666 4.693876 -12.365278
v -17.794575 4.693876 -12.380426
v -17.828156 4.693876 -12.386702
v -17.828156 4.727455 -12.380426
v -17.828156 4.741364 -12.365278
v -17.800745 2.910425 -12.316683
v -17.800745 4.721284 -12.316683
v -19.570646 2.910425 -12.316683
v -19.570646 4.721284 -12.316683
v -19.570646 2.910425 -12.377642
v -19.570646 4.721284 -12.377642
v -17.800745 2.910425 -12.377642
v -17.800745 4.721284 -12.377642
v -17.824940 6.602958 -12.329047
v -17.811031 6.636537 -12.329047
v -17.824940 6.636537 -12.313898
v -17.858521 6.636537 -12.307623
v -17.858521 6.602958 -12.313898
v -17.858521 6.589048 -12.329047
v -17.824940 8.426159 -12.329047
v -17.858521 8.440068 -12.329047
v -17.858521 8.426159 -12.313898
v -17.858521 8.392580 -12.307623
v -17.824940 8.392580 -12.313898
v -17.811031 8.392580 -12.329047
v -19.607182 6.602958 -12.329047
v -19.573601 6.589048 -12.329047
v -19.573601 6.602958 -12.313898
v -19.573601 6.636537 -12.307623
v -19.607182 6.636537 -12.313898
v -19.621090 6.636537 -12.329047
v -19.607182 8.426159 -12.329047
v -19.621090 8.392580 -12.329047
v -19.607182 8.392580 -12.313898
v -19.573601 8.392580 -12.307623
v -19.573601 8.426159 -12.313898
v -19.573601 8.440068 -12.329047
v -19.573601 6.602958 -12.380426
v -19.573601 6.589048 -12.365278
v -19.607182 6.602958 -12.365278
v -19.621090 6.636537 -12.365278
v -19.607182 6.636537 -12.380426
v -19.573601 6.636537 -12.386702
v -19.573601 8.426159 -12.380426
v -19.573601 8.392580 -12.386702
v -19.607182 8.392580 -12.380426
v -19.621090 8.392580 -12.365278
v -19.607182 8.426159 -12.365278
v -19.573601 8.440068 -12.365278
v -17.824940 6.602958 -12.365278
v -17.858521 6.589048 -12.365278
v -17.858521 6.602958 -12.380426
v -17.858521 6.636537 -12.386702
v -17.824940 6.636537 -12.380426
v -17.811031 6.636537 -12.365278
v -17.824940 8.426159 -12.365278
v -17.811031 8.392580 -12.365278
v -17.824940 8.392580 -12.380426
v -17.858521 8.392580 -12.386702
v -17.858521 8.426159 -12.380426
v -17.858521 8.440068 -12.365278
v -17.831108 6.609129 -12.316683
v -17.831108 8.419988 -12.316683
v -19.601009 6.609129 -12.316683
v -19.601009 8.419988 -12.316683
v -19.601009 6.609129 -12.377642
v -19.601009 8.419988 -12.377642
v -17.831108 6.609129 -12.377642
v -17.831108 8.419988 -12.377642
v -17.811420 10.471651 -12.329047
v -17.797512 10.505230 -12.329047
v -17.811420 10.505230 -12.313898
v -17.845001 10.505230 -12.307623
v -17.845001 10.471651 -12.313898
v -17.845001 10.457741 -12.329047
v -17.811420 12.294851 -12.329047
v -17.845001 12.308762 -12.329047
v -17.845001 12.294851 -12.313898
v -17.845001 12.261272 -12.307623
v -17.811420 12.261272 -12.313898
v -17.797512 12.261272 -12.329047
v -19.593662 10.471651 -12.329047
v -19.560081 10.457741 -12.329047
v -19.560081 10.471651 -12.313898
v -19.560081 10.505230 -12.307623
v -19.593662 10.505230 -12.313898
v -19.607571 10.505230 -12.329047
v -19.593662 12.294851 -12.329047
v -19.607571 12.261272 -12.329047
v -19.593662 12.261272 -12.313898
v -19.560081 12.261272 -12.307623
v -19.560081 12.294851 -12.313898
v -19.560081 12.308762 -12.329047
v -19.560081 10.471651 -12.380426
v -19.560081 10.457741 -12.365278
v -19.593662 10.471651 -12.365278
v -19.607571 10.505230 -12.365278
v -19.593662 10.505230 -12.380426
v -19.560081 10.505230 -12.386702
v -19.560081 12.294851 -12.380426
v -19.560081 12.261272 -12.386702
v -19.593662 12.261272 -12.380426
v -19.607571 12.261272 -12.365278
v -19.593662 12.294851 -12.365278
v -19.560081 12.308762 -12.365278
v -17.811420 10.471651 -12.365278
v -17.845001 10.457741 -12.365278
v -17.845001 10.471651 -12.380426
v -17.845001 10.505230 -12.386702
v -17.811420 10.505230 -12.380426
v -17.797512 10.505230 -12.365278
v -17.811420 12.294851 -12.365278
v -17.797512 12.261272 -12.365278
v -17.811420 12.261272 -12.380426
v -17.845001 12.261272 -12.386702
v -17.845001 12.294851 -12.380426
v -17.845001 12.308762 -12.365278
v -17.817591 10.477821 -12.316683
v -17.817591 12.288681 -12.316683
v -19.587490 10.477821 -12.316683
v -19.587490 12.288681 -12.316683
v -19.587490 10.477821 -12.377642
v -19.587490 12.288681 -12.377642
v -17.817591 10.477821 -12.377642
v -17.817591 12.288681 -12.377642
v -14.000460 10.471651 -12.329047
v -13.986551 10.505230 -12.329047
v -14.000460 10.505230 -12.313898
v -14.034040 10.505230 -12.307623
v -14.034040 10.471651 -12.313898
v -14.034040 10.457741 -12.329047
v -14.000460 12.294851 -12.329047
v -14.034040 12.308762 -12.329047
v -14.034040 12.294851 -12.313898
v -14.034040 12.261272 -12.307623
v -14.000460 12.261272 -12.313898
v -13.986551 12.261272 -12.329047
v -15.782701 10.471651 -12.329047
v -15.749122 10.457741 -12.329047
v -15.749122 10.471651 -12.313898
v -15.749122 10.505230 -12.307623
v -15.782701 10.505230 -12.313898
v -15.796610 10.505230 -12.329047
v -15.782701 12.294851 -12.329047
v -15.796610 12.261272 -12.329047
v -15.782701 12.261272 -12.313898
v -15.749122 12.261272 -12.307623
v -15.749122 12.294851 -12.313898
v -15.749122 12.308762 -12.329047
v -15.749122 10.471651 -12.380426
v -15.749122 10.457741 -12.365278
v -15.782701 10.471651 -12.365278
v -15.796610 10.505230 -12.365278
v -15.782701 10.505230 -12.380426
v -15.749122 10.505230 -12.386702
v -15.749122 12.294851 -12.380426
v -15.749122 12.261272 -12.386702
v -15.782701 12.261272 -12.380426
v -15.796610 12.261272 -12.365278
v -15.782701 12.294851 -12.365278
v -15.749122 12.308762 -12.365278
v -14.000460 10.471651 -12.365278
v -14.034040 10.457741 -12.365278
v -14.034040 10.471651 -12.380426
v -14.034040 10.505230 -12.386702
v -14.000460 10.505230 -12.380426
v -13.986551 10.505230 -12.365278
v -14.000460 12.294851 -12.365278
v -13.986551 12.261272 -12.365278
v -14.000460 12.261272 -12.380426
v -14.034040 12.261272 -12.386702
v -14.034040 12.294851 -12.380426
v -14.034040 12.308762 -12.365278
v -14.006630 10.477821 -12.316683
v -14.006630 12.288681 -12.316683
v -15.776530 10.477821 -12.316683
v -15.776530 12.288681 -12.316683
v -15.776530 10.477821 -12.377642
v -15.776530 12.288681 -12.377642
v -14.006630 10.477821 -12.377642
v -14.006630 12.288681 -12.377642
v -10.107195 10.471651 -12.329047
v -10.092520 10.505230 -12.329047
v -10.107195 10.505230 -12.313898
v -10.142632 10.505230 -12.307623
v -10.142632 10.471651 -12.313898
v -10.142632 10.457741 -12.329047
v -10.107195 12.294851 -12.329047
v -10.142632 12.308762 -12.329047
v -10.142632 12.294851 -12.313898
v -10.142632 12.261272 -12.307623
v -10.107195 12.261272 -12.313898
v -10.092520 12.261272 -12.329047
v -11.987843 10.471651 -12.329047
v -11.952410 10.457741 -12.329047
v -11.952410 10.471651 -12.313898
v -11.952410 10.505230 -12.307623
v -11.987843 10.505230 -12.313898
v -12.002520 10.505230 -12.329047
v -11.987843 12.294851 -12.329047
v -12.002520 12.261272 -12.329047
v -11.987843 12.261272 -12.313898
v -11.952410 12.261272 -12.307623
v -11.952410 12.294851 -12.313898
v -11.952410 12.308762 -12.329047
v -11.952410 10.471651 -12.380426
v -11.952410 10.457741 -12.365278
v -11.987843 10.471651 -12.365278
v -12.002520 10.505230 -12.365278
v -11.987843 10.505230 -12.380426
v -11.952410 10.505230 -12.386702
v -11.952410 12.294851 -12.380426
v -11.952410 12.261272 -12.386702
v -11.987843 12.261272 -12.380426
v -12.002520 12.261272 -12.365278
v -11.987843 12.294851 -12.365278
v -11.952410 12.308762 -12.365278
v -10.107195 10.471651 -12.365278
v -10.142632 10.457741 -12.365278
v -10.142632 10.471651 -12.380426
v -10.142632 10.505230 -12.386702
v -10.107195 10.505230 -12.380426
v -10.092520 10.505230 -12.365278
v -10.107195 12.294851 -12.365278
v -10.092520 12.261272 -12.365278
v -10.107195 12.261272 -12.380426
v -10.142632 12.261272 -12.386702
v -10.142632 12.294851 -12.380426
v -10.142632 12.308762 -12.365278
v -10.113707 10.477821 -12.316683
v -10.113707 12.288681 -12.316683
v -11.981333 10.477821 -12.316683
v -11.981333 12.288681 -12.316683
v -11.981333 10.477821 -12.377642
v -11.981333 12.288681 -12.377642
v -10.113707 10.477821 -12.377642
v -10.113707 12.288681 -12.377642
v -10.175375 6.772947 -12.329047
v -10.161467 6.806526 -12.329047
v -10.175375 6.806526 -12.313898
v -10.208956 6.630612 -12.307623
v -10.208956 6.772947 -12.313898
v -10.208956 6.759037 -12.329047
v -10.175375 8.596148 -12.329047
v -10.208956 8.610058 -12.329047
v -10.208956 8.596148 -12.313898
v -10.208956 8.386655 -12.307623
v -10.175375 8.562569 -12.313898
v -10.161467 8.562569 -12.329047
v -11.957617 6.772947 -12.329047
v -11.924038 6.759037 -12.329047
v -11.924038 6.772947 -12.313898
v -11.924038 6.630612 -12.307623
v -11.957617 6.806526 -12.313898
v -11.971525 6.806526 -12.329047
v -11.957617 8.596148 -12.329047
v -11.971525 8.562569 -12.329047
v -11.957617 8.562569 -12.313898
v -11.924038 8.386655 -12.307623
v -11.924038 8.596148 -12.313898
v -11.924038 8.610058 -12.329047
v -11.924038 6.772947 -12.380426
v -11.924038 6.759037 -12.365278
v -11.957617 6.772947 -12.365278
v -11.971525 6.806526 -12.365278
v -11.957617 6.806526 -12.380426
v -11.924038 6.806526 -12.386702
v -11.924038 8.596148 -12.380426
v -11.924038 8.562569 -12.386702
v -11.957617 8.562569 -12.380426
v -11.971525 8.562569 -12.365278
v -11.957617 8.596148 -12.365278
v -11.924038 8.610058 -12.365278
v -10.175375 6.772947 -12.365278
v -10.208956 6.759037 -12.365278
v -10.208956 6.772947 -12.380426
v -10.208956 6.806526 -12.386702
v -10.175375 6.806526 -12.380426
v -10.161467 6.806526 -12.365278
v -10.175375 8.596148 -12.365278
v -10.161467 8.562569 -12.365278
v -10.175375 8.562569 -12.380426
v -10.208956 8.562569 -12.386702
v -10.208956 8.596148 -12.380426
v -10.208956 8.610058 -12.365278
v -10.181545 6.779118 -12.316683
v -10.181545 8.589977 -12.316683
v -11.951447 6.779118 -12.316683
v -11.951447 8.589977 -12.316683
v -11.951447 6.779118 -12.377642
v -11.951447 8.589977 -12.377642
v -10.181545 6.779118 -12.377642
v -10.181545 8.589977 -12.377642
v 8.911651 13.145526 -12.530413
v 8.925558 13.179105 -12.530413
v 8.911651 13.179105 -12.496834
v 8.878070 13.179105 -12.482924
v 8.878070 13.145526 -12.496834
v 8.878070 13.131617 -12.530413
v 8.911651 14.968727 -12.530413
v 8.878070 14.982636 -12.530413
v 8.878070 14.968727 -12.496834
v 8.878070 14.935148 -12.482924
v 8.911651 14.935148 -12.496834
v 8.925558 14.935148 -12.530413
v 7.129408 13.145526 -12.530413
v 7.162988 13.131617 -12.530413
v 7.162988 13.145526 -12.496834
v 7.162988 13.179105 -12.482924
v 7.129408 13.179105 -12.496834
v 7.115499 13.179105 -12.530413
v 7.129408 14.968727 -12.530413
v 7.115499 14.935148 -12.530413
v 7.129408 14.935148 -12.496834
v 7.162988 14.935148 -12.482924
v 7.162988 14.968727 -12.496834
v 7.162988 14.982636 -12.530413
v 7.162988 13.145526 -13.418869
v 7.162988 13.131617 -13.385290
v 7.129408 13.145526 -13.385290
v 7.115499 13.179105 -13.385290
v 7.129408 13.179105 -13.418869
v 7.162988 13.179105 -13.432778
v 7.162988 14.968727 -13.418869
v 7.162988 14.935148 -13.432778
v 7.129408 14.935148 -13.418869
v 7.115499 14.935148 -13.385290
v 7.129408 14.968727 -13.385290
v 7.162988 14.982636 -13.385290
v 8.911651 13.145526 -13.385290
v 8.878070 13.131617 -13.385290
v 8.878070 13.145526 -13.418869
v 8.878070 13.179105 -13.432778
v 8.911651 13.179105 -13.418869
v 8.925558 13.179105 -13.385290
v 8.911651 14.968727 -13.385290
v 8.925558 14.935148 -13.385290
v 8.911651 14.935148 -13.418869
v 8.878070 14.935148 -13.432778
v 8.878070 14.968727 -13.418869
v 8.878070 14.982636 -13.385290
v 8.905479 13.151697 -12.503005
v 8.905479 14.962556 -12.503005
v 7.135579 13.151697 -12.503005
v 7.135579 14.962556 -12.503005
v 7.135579 13.151697 -13.412698
v 7.135579 14.962556 -13.412698
v 8.905479 13.151697 -13.412698
v 8.905479 14.962556 -13.412698
v -7.150668 13.145526 -12.530413
v -7.136760 13.179105 -12.530413
v -7.150668 13.179105 -12.496834
v -7.184249 13.179105 -12.482924
v -7.184249 13.145526 -12.496834
v -7.184249 13.131617 -12.530413
v -7.150668 14.968727 -12.530413
v -7.184249 14.982636 -12.530413
v -7.184249 14.968727 -12.496834
v -7.184249 14.935148 -12.482924
v -7.150668 14.935148 -12.496834
v -7.136760 14.935148 -12.530413
v -9.133962 13.145526 -12.530413
v -9.100382 13.131617 -12.530413
v -9.100382 13.145526 -12.496834
v -9.100382 13.179105 -12.482924
v -9.133962 13.179105 -12.496834
v -9.147870 13.179105 -12.530413
v -9.133962 14.968727 -12.530413
v -9.147870 14.935148 -12.530413
v -9.133962 14.935148 -12.496834
v -9.100382 14.935148 -12.482924
v -9.100382 14.968727 -12.496834
v -9.100382 14.982636 -12.530413
v -9.100382 13.145526 -13.418869
v -9.100382 13.131617 -13.385290
v -9.133962 13.145526 -13.385290
v -9.147870 13.179105 -13.385290
v -9.133962 13.179105 -13.418869
v -9.100382 13.179105 -13.432778
v -9.100382 14.968727 -13.418869
v -9.100382 14.935148 -13.432778
v -9.133962 14.935148 -13.418869
v -9.147870 14.935148 -13.385290
v -9.133962 14.968727 -13.385290
v -9.100382 14.982636 -13.385290
v -7.150668 13.145526 -13.385290
v -7.184249 13.131617 -13.385290
v -7.184249 13.145526 -13.418869
v -7.184249 13.179105 -13.432778
v -7.150668 13.179105 -13.418869
v -7.136760 13.179105 -13.385290
v -7.150668 14.968727 -13.385290
v -7.136760 14.935148 -13.385290
v -7.150668 14.935148 -13.418869
v -7.184249 14.935148 -13.432778
v -7.184249 14.968727 -13.418869
v -7.184249 14.982636 -13.385290
v -7.156839 13.151697 -12.503005
v -7.156839 14.962556 -12.503005
v -9.127790 13.151697 -12.503005
v -9.127790 14.962556 -12.503005
v -9.127790 13.151697 -13.412698
v -9.127790 14.962556 -13.412698
v -7.156839 13.151697 -13.412698
v -7.156839 14.962556 -13.412698
v -7.212208 2.934842 -12.530413
v -7.198300 2.968421 -12.530413
v -7.212208 2.968421 -12.496834
v -7.245789 2.968421 -12.482924
v -7.245789 2.934842 -12.496834
v -7.245789 2.920933 -12.530413
v -7.212208 4.758043 -12.530413
v -7.245789 4.771952 -12.530413
v -7.245789 4.758043 -12.496834
v -7.245789 4.724464 -12.482924
v -7.212208 4.724464 -12.496834
v -7.198300 4.724464 -12.530413
v -9.195501 2.934842 -12.530413
v -9.161922 2.920933 -12.530413
v -9.161922 2.934842 -12.496834
v -9.161922 2.968421 -12.482924
v -9.195501 2.968421 -12.496834
v -9.209410 2.968421 -12.530413
v -9.195501 4.758043 -12.530413
v -9.209410 4.724464 -12.530413
v -9.195501 4.724464 -12.496834
v -9.161922 4.724464 -12.482924
v -9.161922 4.758043 -12.496834
v -9.161922 4.771952 -12.530413
v -9.161922 2.934842 -13.418869
v -9.161922 2.920933 -13.385290
v -9.195501 2.934842 -13.385290
v -9.209410 2.968421 -13.385290
v -9.195501 2.968421 -13.418869
v -9.161922 2.968421 -13.432778
v -9.161922 4.758043 -13.418869
v -9.161922 4.724464 -13.432778
v -9.195501 4.724464 -13.418869
v -9.209410 4.724464 -13.385290
v -9.195501 4.758043 -13.385290
v -9.161922 4.771952 -13.385290
v -7.212208 2.934842 -13.385290
v -7.245789 2.920933 -13.385290
v -7.245789 2.934842 -13.418869
v -7.245789 2.968421 -13.432778
v -7.212208 2.968421 -13.418869
v -7.198300 2.968421 -13.385290
v -7.212208 4.758043 -13.385290
v -7.198300 4.724464 -13.385290
v -7.212208 4.724464 -13.418869
v -7.245789 4.724464 -13.432778
v -7.245789 4.758043 -13.418869
v -7.245789 4.771952 -13.385290
v -7.218379 2.941014 -12.503005
v -7.218379 4.751872 -12.503005
v -9.189330 2.941014 -12.503005
v -9.189330 4.751872 -12.503005
v -9.189330 2.941014 -13.412698
v -9.189330 4.751872 -13.412698
v -7.218379 2.941014 -13.412698
v -7.218379 4.751872 -13.412698
v 8.911651 3.038276 -12.530413
v 8.925558 3.071855 -12.530413
v 8.911651 3.071855 -12.496834
v 8.878070 3.071855 -12.482924
v 8.878070 3.038276 -12.496834
v 8.878070 3.024367 -12.530413
v 8.911651 4.861477 -12.530413
v 8.878070 4.875386 -12.530413
v 8.878070 4.861477 -12.496834
v 8.878070 4.827899 -12.482924
v 8.911651 4.827899 -12.496834
v 8.925558 4.827899 -12.530413
v 7.129408 3.038276 -12.530413
v 7.162988 3.024367 -12.530413
v 7.162988 3.038276 -12.496834
v 7.162988 3.071855 -12.482924
v 7.129408 3.071855 -12.496834
v 7.115499 3.071855 -12.530413
v 7.129408 4.861477 -12.530413
v 7.115499 4.827899 -12.530413
v 7.129408 4.827899 -12.496834
v 7.162988 4.827899 -12.482924
v 7.162988 4.861477 -12.496834
v 7.162988 4.875386 -12.530413
v 7.162988 3.038276 -13.418869
v 7.162988 3.024367 -13.385290
v 7.129408 3.038276 -13.385290
v 7.115499 3.071855 -13.385290
v 7.129408 3.071855 -13.418869
v 7.162988 3.071855 -13.432778
v 7.162988 4.861477 -13.418869
v 7.162988 4.827899 -13.432778
v 7.129408 4.827899 -13.418869
v 7.115499 4.827899 -13.385290
v 7.129408 4.861477 -13.385290
v 7.162988 4.875386 -13.385290
v 8.911651 3.038276 -13.385290
v 8.878070 3.024367 -13.385290
v 8.878070 3.038276 -13.418869
v 8.878070 3.071855 -13.432778
v 8.911651 3.071855 -13.418869
v 8.925558 3.071855 -13.385290
v 8.911651 4.861477 -13.385290
v 8.925558 4.827899 -13.385290
v 8.911651 4.827899 -13.418869
v 8.878070 4.827899 -13.432778
v 8.878070 4.861477 -13.418869
v 8.878070 4.875386 -13.385290
v 8.905479 3.044447 -12.503005
v 8.905479 4.855306 -12.503005
v 7.135579 3.044447 -12.503005
v 7.135579 4.855306 -12.503005
v 7.135579 3.044447 -13.412698
v 7.135579 4.855306 -13.412698
v 8.905479 3.044447 -13.412698
v 8.905479 4.855306 -13.412698
vt 0.602125 0.900030
vt 0.630324 0.732148
vt 0.682571 0.913563
vt 0.713240 0.746046
vt 0.617167 0.810672
vt 0.697581 0.824168
vt 0.700086 0.824587
vt 0.626168 0.731455
vt 0.616473 0.814828
vt 0.696880 0.828327
vt 0.701744 0.824868
vt 0.714897 0.746319
vt 0.682846 0.911905
vt 0.602823 0.895873
vt 0.683272 0.909405
vt 0.710741 0.745621
vt 0.616751 0.813174
vt 0.697158 0.826670
vt 0.616044 0.817326
vt 0.696469 0.830830
vt 0.602408 0.898374
vt 0.627823 0.731736
vt 0.614664 0.810252
vt 0.613006 0.809977
vt 0.600342 0.899739
vt 0.628357 0.730085
vt 0.630584 0.730579
vt 0.601953 0.901014
vt 0.628762 0.731891
vt 0.713271 0.744309
vt 0.684331 0.913863
vt 0.712302 0.745887
vt 0.682418 0.914507
vt 0.711006 0.744053
vt 0.614582 0.812039
vt 0.614989 0.812703
vt 0.615603 0.810411
vt 0.616906 0.812234
vt 0.698980 0.826801
vt 0.699582 0.826306
vt 0.697318 0.825731
vt 0.699146 0.824431
vt 0.612063 0.809824
vt 0.614476 0.817060
vt 0.614688 0.814743
vt 0.612668 0.811738
vt 0.616312 0.815766
vt 0.698039 0.831091
vt 0.702685 0.825030
vt 0.696726 0.829266
vt 0.701491 0.826644
vt 0.698598 0.828830
vt 0.626459 0.729695
vt 0.600749 0.897832
vt 0.601254 0.895611
vt 0.625226 0.731292
vt 0.602564 0.897435
vt 0.684582 0.911941
vt 0.715192 0.744557
vt 0.683006 0.910967
vt 0.715840 0.746472
vt 0.684840 0.909671
vt 0.600433 0.900579
vt 0.629107 0.730559
vt 0.712407 0.744514
vt 0.683966 0.914611
vt 0.615460 0.811882
vt 0.698802 0.825870
vt 0.611932 0.811361
vt 0.614911 0.815646
vt 0.698091 0.829612
vt 0.702310 0.826527
vt 0.625634 0.729795
vt 0.601230 0.897083
vt 0.684378 0.911076
vt 0.715941 0.744920
vt 0.594675 0.620383
vt 0.592885 0.620088
vt 0.593294 0.618170
vt 0.594963 0.618716
vt 0.621400 0.449353
vt 0.620858 0.451015
vt 0.619192 0.450728
vt 0.619491 0.448956
vt 0.623374 0.451436
vt 0.623639 0.449857
vt 0.704546 0.463592
vt 0.704275 0.465169
vt 0.594504 0.621367
vt 0.675627 0.634119
vt 0.675472 0.635068
vt 0.621802 0.451173
vt 0.608385 0.530182
vt 0.607440 0.530020
vt 0.609959 0.530448
vt 0.706789 0.465602
vt 0.706826 0.463855
vt 0.708759 0.464110
vt 0.708456 0.465881
vt 0.677400 0.634422
vt 0.675906 0.632451
vt 0.677655 0.632487
vt 0.705845 0.465440
vt 0.692439 0.544448
vt 0.690866 0.544180
vt 0.693385 0.544607
vt 0.607352 0.531819
vt 0.605427 0.531512
vt 0.605771 0.529740
vt 0.607761 0.532489
vt 0.609535 0.532966
vt 0.609251 0.534632
vt 0.607452 0.534543
vt 0.609692 0.532021
vt 0.690598 0.545753
vt 0.690435 0.546697
vt 0.692267 0.546831
vt 0.691881 0.548871
vt 0.690153 0.548363
vt 0.692873 0.546334
vt 0.695052 0.544893
vt 0.694792 0.546680
vt 0.604822 0.529583
vt 0.618245 0.450562
vt 0.607236 0.536876
vt 0.608815 0.537147
vt 0.595385 0.616198
vt 0.593806 0.615933
vt 0.609087 0.535576
vt 0.689997 0.549307
vt 0.689735 0.550880
vt 0.691315 0.551145
vt 0.677916 0.630205
vt 0.676338 0.629935
vt 0.696000 0.545058
vt 0.709405 0.466037
vt 0.595121 0.617771
vt 0.676068 0.631506
vt 0.622154 0.449833
vt 0.592978 0.620931
vt 0.677032 0.635175
vt 0.705956 0.464059
vt 0.608237 0.531663
vt 0.692090 0.545895
vt 0.607677 0.535453
vt 0.604687 0.531131
vt 0.695617 0.546564
vt 0.691369 0.549657
vt 0.593779 0.617416
vt 0.618660 0.449055
vt 0.709511 0.464478
vt 0.677450 0.631616
vt 0.247900 0.913081
vt 0.246123 0.912794
vt 0.246524 0.910889
vt 0.248182 0.911426
vt 0.274084 0.743279
vt 0.273552 0.744930
vt 0.271898 0.744649
vt 0.272187 0.742891
vt 0.276050 0.745342
vt 0.276310 0.743774
vt 0.356653 0.757248
vt 0.356387 0.758815
vt 0.247728 0.914064
vt 0.328278 0.926562
vt 0.328126 0.927505
vt 0.274490 0.745085
vt 0.261335 0.823525
vt 0.260397 0.823366
vt 0.262898 0.823787
vt 0.358883 0.759240
vt 0.358918 0.757505
vt 0.360839 0.757758
vt 0.360538 0.759514
vt 0.330038 0.926860
vt 0.328552 0.924905
vt 0.330287 0.924938
vt 0.357946 0.759081
vt 0.344792 0.837520
vt 0.343230 0.837257
vt 0.345731 0.837676
vt 0.260315 0.825150
vt 0.258406 0.824852
vt 0.258741 0.823092
vt 0.260720 0.825815
vt 0.262481 0.826286
vt 0.262203 0.827940
vt 0.260417 0.827854
vt 0.262636 0.825348
vt 0.342967 0.838818
vt 0.342808 0.839756
vt 0.344626 0.839885
vt 0.344247 0.841910
vt 0.342531 0.841410
vt 0.345226 0.839389
vt 0.347386 0.837956
vt 0.347130 0.839729
vt 0.257799 0.822939
vt 0.270958 0.744486
vt 0.260207 0.830171
vt 0.261775 0.830437
vt 0.248596 0.908927
vt 0.247028 0.908666
vt 0.262042 0.828877
vt 0.342378 0.842348
vt 0.342122 0.843909
vt 0.343690 0.844170
vt 0.330543 0.922673
vt 0.328976 0.922407
vt 0.348326 0.838119
vt 0.361480 0.759667
vt 0.248337 0.910488
vt 0.328711 0.923968
vt 0.274835 0.743753
vt 0.246216 0.913631
vt 0.329674 0.927607
vt 0.358054 0.757709
vt 0.261192 0.824995
vt 0.344448 0.838956
vt 0.260641 0.828758
vt 0.257670 0.824477
vt 0.347948 0.839614
vt 0.343741 0.842692
vt 0.247003 0.910139
vt 0.271363 0.742992
vt 0.361585 0.758122
vt 0.330083 0.924074
vt 0.074526 0.778850
vt 0.072742 0.778559
vt 0.073147 0.776649
vt 0.074809 0.777190
vt 0.100905 0.608602
vt 0.100370 0.610255
vt 0.098712 0.609972
vt 0.099005 0.608210
vt 0.102874 0.610670
vt 0.103136 0.609099
vt 0.183687 0.622668
vt 0.183420 0.624239
vt 0.074354 0.779834
vt 0.155105 0.792427
vt 0.154952 0.793372
vt 0.101310 0.610411
vt 0.088063 0.689055
vt 0.087122 0.688895
vt 0.089629 0.689319
vt 0.185922 0.624667
vt 0.185959 0.622930
vt 0.187881 0.623183
vt 0.187581 0.624943
vt 0.156867 0.792728
vt 0.155381 0.790766
vt 0.157120 0.790802
vt 0.184982 0.624506
vt 0.171734 0.703150
vt 0.170168 0.702886
vt 0.172675 0.703307
vt 0.087038 0.690684
vt 0.085122 0.690382
vt 0.085462 0.688618
vt 0.087445 0.691352
vt 0.089210 0.691825
vt 0.088930 0.693483
vt 0.087139 0.693395
vt 0.089366 0.690884
vt 0.169904 0.704451
vt 0.169743 0.705391
vt 0.171566 0.705522
vt 0.171185 0.707553
vt 0.169464 0.707050
vt 0.172169 0.705025
vt 0.174335 0.703589
vt 0.174078 0.705366
vt 0.084517 0.688464
vt 0.097769 0.609808
vt 0.086927 0.695719
vt 0.088499 0.695986
vt 0.075226 0.774684
vt 0.073654 0.774422
vt 0.088768 0.694423
vt 0.169310 0.707990
vt 0.169052 0.709556
vt 0.170625 0.709818
vt 0.157379 0.788529
vt 0.155808 0.788262
vt 0.175278 0.703753
vt 0.188525 0.625097
vt 0.074966 0.776250
vt 0.155541 0.789826
vt 0.101657 0.609077
vt 0.072833 0.779399
vt 0.156502 0.793477
vt 0.185092 0.623132
vt 0.087918 0.690529
vt 0.171388 0.704590
vt 0.087363 0.694301
vt 0.084385 0.690004
vt 0.174898 0.705251
vt 0.170676 0.708336
vt 0.073629 0.775898
vt 0.098179 0.608310
vt 0.188629 0.623548
vt 0.156916 0.789935
vt 0.507058 0.555132
vt 0.505262 0.554833
vt 0.505674 0.552912
vt 0.507346 0.553462
vt 0.533903 0.383816
vt 0.533360 0.385479
vt 0.531691 0.385192
vt 0.531991 0.383417
vt 0.535880 0.385902
vt 0.536146 0.384321
vt 0.617193 0.398111
vt 0.616921 0.399692
vt 0.506886 0.556116
vt 0.588134 0.568932
vt 0.587978 0.569883
vt 0.534306 0.385638
vt 0.520836 0.464776
vt 0.519889 0.464613
vt 0.522412 0.465044
vt 0.619439 0.400126
vt 0.619476 0.398377
vt 0.621412 0.398632
vt 0.621109 0.400406
vt 0.589907 0.569238
vt 0.588414 0.567261
vt 0.590165 0.567300
vt 0.618494 0.399963
vt 0.605030 0.479107
vt 0.603454 0.478838
vt 0.605977 0.479266
vt 0.519800 0.466415
vt 0.517871 0.466106
vt 0.518218 0.464332
vt 0.520210 0.467088
vt 0.521986 0.467566
vt 0.521702 0.469234
vt 0.519901 0.469143
vt 0.522145 0.466619
vt 0.603185 0.480413
vt 0.603021 0.481359
vt 0.604856 0.481496
vt 0.604468 0.483538
vt 0.602738 0.483028
vt 0.605465 0.480996
vt 0.607647 0.479553
vt 0.607387 0.481343
vt 0.517268 0.464175
vt 0.530743 0.385025
vt 0.519682 0.471481
vt 0.521264 0.471753
vt 0.507770 0.550940
vt 0.506188 0.550673
vt 0.521537 0.470180
vt 0.602580 0.483975
vt 0.602318 0.485550
vt 0.603900 0.485817
vt 0.590430 0.565013
vt 0.588849 0.564741
vt 0.608596 0.479720
vt 0.622059 0.400563
vt 0.507505 0.552515
vt 0.588577 0.566315
vt 0.534658 0.384296
vt 0.505354 0.555679
vt 0.589538 0.569990
vt 0.618605 0.398580
vt 0.520688 0.466260
vt 0.604679 0.480556
vt 0.520124 0.470055
vt 0.517130 0.465724
vt 0.608213 0.481228
vt 0.603955 0.484325
vt 0.506161 0.552159
vt 0.531159 0.383515
vt 0.622165 0.399000
vt 0.589961 0.566427
vt 0.262833 0.556996
vt 0.261038 0.556697
vt 0.261450 0.554776
vt 0.263121 0.555326
vt 0.289679 0.385680
vt 0.289135 0.387344
vt 0.287467 0.387056
vt 0.287767 0.385281
vt 0.291655 0.387766
vt 0.291921 0.386185
vt 0.372968 0.399976
vt 0.372697 0.401556
vt 0.262661 0.557980
vt 0.343910 0.570796
vt 0.343753 0.571747
vt 0.290081 0.387502
vt 0.276611 0.466640
vt 0.275665 0.466477
vt 0.278188 0.466908
vt 0.375214 0.401991
vt 0.375252 0.400241
vt 0.377188 0.400497
vt 0.376884 0.402271
vt 0.345682 0.571102
vt 0.344190 0.569125
vt 0.345940 0.569164
vt 0.374269 0.401828
vt 0.360805 0.480971
vt 0.359229 0.480702
vt 0.361753 0.481130
vt 0.275576 0.468279
vt 0.273647 0.467970
vt 0.273994 0.466196
vt 0.275986 0.468952
vt 0.277762 0.469430
vt 0.277477 0.471099
vt 0.275676 0.471008
vt 0.277920 0.468483
vt 0.358960 0.482277
vt 0.358797 0.483223
vt 0.360631 0.483360
vt 0.360243 0.485403
vt 0.358513 0.484892
vt 0.361241 0.482860
vt 0.363423 0.481418
vt 0.363162 0.483207
vt 0.273043 0.466039
vt 0.286518 0.386889
vt 0.275457 0.473345
vt 0.277039 0.473617
vt 0.263545 0.552804
vt 0.261963 0.552538
vt 0.277313 0.472044
vt 0.358356 0.485839
vt 0.358093 0.487414
vt 0.359676 0.487681
vt 0.346205 0.566877
vt 0.344624 0.566606
vt 0.364372 0.481584
vt 0.377835 0.402427
vt 0.263281 0.554380
vt 0.344353 0.568179
vt 0.290434 0.386160
vt 0.261130 0.557544
vt 0.345313 0.571855
vt 0.374380 0.400445
vt 0.276463 0.468124
vt 0.360455 0.482420
vt 0.275900 0.471920
vt 0.272906 0.467588
vt 0.363989 0.483092
vt 0.359731 0.486189
vt 0.261936 0.554023
vt 0.286934 0.385379
vt 0.377941 0.400864
vt 0.345736 0.568291
vt 0.352275 0.391072
vt 0.350525 0.390791
vt 0.350927 0.388917
vt 0.352550 0.389460
vt 0.379232 0.216841
vt 0.378693 0.218527
vt 0.377082 0.218253
vt 0.377389 0.216458
vt 0.381126 0.218928
vt 0.381392 0.217320
vt 0.459640 0.230423
vt 0.459368 0.232030
vt 0.352104 0.392056
vt 0.430561 0.404181
vt 0.430410 0.405123
vt 0.379606 0.218678
vt 0.366101 0.299301
vt 0.365187 0.299147
vt 0.367623 0.299556
vt 0.461799 0.232443
vt 0.461838 0.230673
vt 0.463705 0.230910
vt 0.463412 0.232709
vt 0.432286 0.404476
vt 0.430827 0.402568
vt 0.432527 0.402587
vt 0.460887 0.232288
vt 0.447390 0.312915
vt 0.445868 0.312660
vt 0.448304 0.313067
vt 0.365094 0.300967
vt 0.363239 0.300678
vt 0.363573 0.298880
vt 0.365479 0.301623
vt 0.367201 0.302095
vt 0.366931 0.303706
vt 0.365180 0.303631
vt 0.367356 0.301158
vt 0.445599 0.314262
vt 0.445439 0.315198
vt 0.447222 0.315314
vt 0.446849 0.317308
vt 0.445170 0.316809
vt 0.447799 0.314820
vt 0.449917 0.313340
vt 0.449648 0.315151
vt 0.362656 0.298730
vt 0.376166 0.218095
vt 0.364969 0.305983
vt 0.366496 0.306241
vt 0.352969 0.386920
vt 0.351442 0.386667
vt 0.366770 0.304641
vt 0.445017 0.317746
vt 0.444755 0.319348
vt 0.446283 0.319602
vt 0.432784 0.400289
vt 0.431258 0.400031
vt 0.450833 0.313498
vt 0.464329 0.232858
vt 0.352704 0.388523
vt 0.430986 0.401632
vt 0.379955 0.217316
vt 0.350606 0.391627
vt 0.431935 0.405222
vt 0.461000 0.230887
vt 0.365944 0.300803
vt 0.447049 0.314387
vt 0.365397 0.304531
vt 0.362525 0.300299
vt 0.450447 0.315024
vt 0.446351 0.318089
vt 0.351400 0.388171
vt 0.376583 0.216569
vt 0.464432 0.231277
vt 0.432329 0.401729
vt 0.588063 0.031259
vt 0.587463 0.031261
vt 0.587826 0.030944
vt 0.588098 0.031127
vt 0.590184 0.020658
vt 0.589891 0.020804
vt 0.589800 0.020781
vt 0.589901 0.020563
vt 0.590057 0.020875
vt 0.590475 0.020830
vt 0.595047 0.021319
vt 0.594578 0.021360
vt 0.587891 0.032243
vt 0.594188 0.032281
vt 0.594187 0.032355
vt 0.589937 0.020818
vt 0.589129 0.025087
vt 0.589080 0.025083
vt 0.589249 0.025084
vt 0.595185 0.021418
vt 0.595171 0.021318
vt 0.595286 0.021320
vt 0.595282 0.021426
vt 0.594323 0.032283
vt 0.594190 0.032152
vt 0.594319 0.032134
vt 0.595131 0.021413
vt 0.594735 0.025990
vt 0.594155 0.025920
vt 0.594790 0.025994
vt 0.589313 0.025322
vt 0.589010 0.025315
vt 0.588988 0.025071
vt 0.589511 0.025272
vt 0.589638 0.025308
vt 0.589601 0.025409
vt 0.589485 0.025392
vt 0.589659 0.025251
vt 0.594655 0.026101
vt 0.594656 0.026161
vt 0.594763 0.026139
vt 0.594774 0.026274
vt 0.594658 0.026268
vt 0.594777 0.026100
vt 0.594886 0.026003
vt 0.594885 0.026104
vt 0.588935 0.025063
vt 0.589748 0.020770
vt 0.589438 0.025535
vt 0.589545 0.025563
vt 0.588157 0.030937
vt 0.588051 0.030907
vt 0.589580 0.025467
vt 0.594659 0.026329
vt 0.594660 0.026431
vt 0.594770 0.026440
vt 0.594305 0.031969
vt 0.594194 0.031959
vt 0.594941 0.026008
vt 0.595336 0.021430
vt 0.588120 0.031055
vt 0.594192 0.032080
vt 0.590350 0.020822
vt 0.587292 0.031642
vt 0.594305 0.032344
vt 0.595120 0.021341
vt 0.589532 0.025220
vt 0.594731 0.026086
vt 0.589490 0.025447
vt 0.588910 0.025263
vt 0.594930 0.026092
vt 0.594754 0.026334
vt 0.587987 0.030938
vt 0.589793 0.020578
vt 0.595333 0.021337
vt 0.594292 0.032072
vt 0.738215 0.913081
vt 0.736438 0.912794
vt 0.736839 0.910889
vt 0.738497 0.911426
vt 0.764399 0.743279
vt 0.763867 0.744930
vt 0.762213 0.744649
vt 0.762502 0.742891
vt 0.766365 0.745342
vt 0.766625 0.743775
vt 0.846968 0.757248
vt 0.846702 0.758815
vt 0.738043 0.914064
vt 0.818594 0.926562
vt 0.818441 0.927505
vt 0.764805 0.745085
vt 0.751650 0.823526
vt 0.750712 0.823367
vt 0.753213 0.823787
vt 0.849198 0.759240
vt 0.849234 0.757506
vt 0.851154 0.757758
vt 0.850853 0.759514
vt 0.820353 0.926860
vt 0.818867 0.924905
vt 0.820602 0.924939
vt 0.848261 0.759081
vt 0.835107 0.837520
vt 0.833545 0.837257
vt 0.836046 0.837676
vt 0.750630 0.825150
vt 0.748721 0.824852
vt 0.749056 0.823092
vt 0.751035 0.825815
vt 0.752796 0.826287
vt 0.752518 0.827940
vt 0.750732 0.827854
vt 0.752951 0.825348
vt 0.833283 0.838818
vt 0.833123 0.839756
vt 0.834941 0.839885
vt 0.834562 0.841910
vt 0.832846 0.841410
vt 0.835541 0.839389
vt 0.837701 0.837956
vt 0.837445 0.839729
vt 0.748114 0.822939
vt 0.761273 0.744486
vt 0.750522 0.830171
vt 0.752090 0.830437
vt 0.738911 0.908927
vt 0.737343 0.908666
vt 0.752357 0.828877
vt 0.832693 0.842348
vt 0.832437 0.843909
vt 0.834005 0.844170
vt 0.820858 0.922673
vt 0.819291 0.922407
vt 0.838641 0.838119
vt 0.851795 0.759667
vt 0.738653 0.910488
vt 0.819026 0.923968
vt 0.765150 0.743753
vt 0.736531 0.913631
vt 0.819989 0.927607
vt 0.848369 0.757709
vt 0.751507 0.824995
vt 0.834763 0.838956
vt 0.750956 0.828758
vt 0.747985 0.824477
vt 0.838263 0.839614
vt 0.834056 0.842692
vt 0.737319 0.910139
vt 0.761678 0.742992
vt 0.851900 0.758122
vt 0.820398 0.924074
vt 0.436209 0.722920
vt 0.434419 0.722625
vt 0.434828 0.720707
vt 0.436497 0.721253
vt 0.462934 0.551890
vt 0.462392 0.553552
vt 0.460726 0.553265
vt 0.461025 0.551494
vt 0.464908 0.553973
vt 0.465173 0.552395
vt 0.546080 0.566129
vt 0.545809 0.567707
vt 0.436038 0.723904
vt 0.517161 0.736656
vt 0.517006 0.737606
vt 0.463336 0.553710
vt 0.449919 0.632719
vt 0.448974 0.632557
vt 0.451493 0.632986
vt 0.548323 0.568140
vt 0.548360 0.566392
vt 0.550293 0.566648
vt 0.549990 0.568419
vt 0.518934 0.736960
vt 0.517440 0.734988
vt 0.519189 0.735024
vt 0.547379 0.567977
vt 0.533973 0.646985
vt 0.532400 0.646717
vt 0.534919 0.647144
vt 0.448887 0.634356
vt 0.446961 0.634050
vt 0.447305 0.632277
vt 0.449295 0.635026
vt 0.451069 0.635504
vt 0.450785 0.637170
vt 0.448987 0.637080
vt 0.451226 0.634559
vt 0.532132 0.648290
vt 0.531969 0.649234
vt 0.533801 0.649369
vt 0.533415 0.651408
vt 0.531687 0.650900
vt 0.534407 0.648871
vt 0.536586 0.647430
vt 0.536326 0.649217
vt 0.446356 0.632121
vt 0.459779 0.553099
vt 0.448770 0.639413
vt 0.450349 0.639684
vt 0.436919 0.718736
vt 0.435340 0.718470
vt 0.450621 0.638113
vt 0.531531 0.651845
vt 0.531270 0.653417
vt 0.532849 0.653682
vt 0.519450 0.732743
vt 0.517872 0.732472
vt 0.537534 0.647596
vt 0.550939 0.568574
vt 0.436655 0.720308
vt 0.517602 0.734044
vt 0.463688 0.552370
vt 0.434512 0.723469
vt 0.518566 0.737712
vt 0.547490 0.566596
vt 0.449771 0.634201
vt 0.533624 0.648432
vt 0.449211 0.637991
vt 0.446221 0.633669
vt 0.537151 0.649102
vt 0.532903 0.652194
vt 0.435313 0.719954
vt 0.460194 0.551592
vt 0.551045 0.567015
vt 0.518984 0.734153
vt 0.837025 0.931724
vt 0.835249 0.931437
vt 0.835650 0.929533
vt 0.837307 0.930069
vt 0.863209 0.761922
vt 0.862677 0.763573
vt 0.861023 0.763292
vt 0.861312 0.761534
vt 0.865175 0.763985
vt 0.865435 0.762418
vt 0.945778 0.775891
vt 0.945512 0.777458
vt 0.836854 0.932708
vt 0.917404 0.945205
vt 0.917251 0.946148
vt 0.863615 0.763728
vt 0.850460 0.842169
vt 0.849522 0.842010
vt 0.852023 0.842430
vt 0.948008 0.777883
vt 0.948044 0.776149
vt 0.949964 0.776401
vt 0.949663 0.778157
vt 0.919163 0.945503
vt 0.917677 0.943548
vt 0.919412 0.943582
vt 0.947071 0.777724
vt 0.933917 0.856163
vt 0.932355 0.855900
vt 0.934856 0.856319
vt 0.849441 0.843794
vt 0.847531 0.843495
vt 0.847866 0.841735
vt 0.849845 0.844458
vt 0.851606 0.844930
vt 0.851328 0.846584
vt 0.849542 0.846497
vt 0.851762 0.843991
vt 0.932093 0.857462
vt 0.931933 0.858399
vt 0.933751 0.858528
vt 0.933373 0.860554
vt 0.931656 0.860053
vt 0.934352 0.858032
vt 0.936511 0.856599
vt 0.936255 0.858372
vt 0.846924 0.841582
vt 0.860083 0.763129
vt 0.849333 0.848814
vt 0.850900 0.849080
vt 0.837721 0.927570
vt 0.836153 0.927309
vt 0.851168 0.847520
vt 0.931503 0.860991
vt 0.931247 0.862553
vt 0.932816 0.862813
vt 0.919668 0.941316
vt 0.918101 0.941051
vt 0.937452 0.856762
vt 0.950605 0.778310
vt 0.837463 0.929131
vt 0.917836 0.942611
vt 0.863960 0.762396
vt 0.835341 0.932275
vt 0.918799 0.946250
vt 0.947179 0.776352
vt 0.850317 0.843638
vt 0.933573 0.857599
vt 0.849766 0.847401
vt 0.846796 0.843120
vt 0.937073 0.858257
vt 0.932866 0.861335
vt 0.836129 0.928782
vt 0.860488 0.761635
vt 0.950711 0.776765
vt 0.919208 0.942718
vt 0.205033 0.726649
vt 0.203244 0.726354
vt 0.203653 0.724440
vt 0.205318 0.724986
vt 0.231569 0.556044
vt 0.231031 0.557702
vt 0.229369 0.557417
vt 0.229664 0.555650
vt 0.233540 0.558120
vt 0.233804 0.556545
vt 0.314518 0.570187
vt 0.314249 0.571761
vt 0.204861 0.727633
vt 0.285782 0.740298
vt 0.285628 0.741245
vt 0.231973 0.557859
vt 0.218650 0.636669
vt 0.217707 0.636508
vt 0.220220 0.636934
vt 0.316757 0.572191
vt 0.316793 0.570448
vt 0.318722 0.570702
vt 0.318420 0.572468
vt 0.287548 0.740600
vt 0.286059 0.738634
vt 0.287802 0.738670
vt 0.315815 0.572030
vt 0.302497 0.650842
vt 0.300927 0.650576
vt 0.303440 0.651000
vt 0.217621 0.638303
vt 0.215700 0.637997
vt 0.216043 0.636230
vt 0.218029 0.638970
vt 0.219798 0.639446
vt 0.219517 0.641107
vt 0.217723 0.641018
vt 0.219955 0.638503
vt 0.300662 0.652145
vt 0.300500 0.653087
vt 0.302327 0.653219
vt 0.301943 0.655255
vt 0.300220 0.654749
vt 0.302932 0.652724
vt 0.305104 0.651284
vt 0.304846 0.653066
vt 0.215096 0.636075
vt 0.228425 0.557252
vt 0.217508 0.643346
vt 0.219083 0.643615
vt 0.205738 0.722474
vt 0.204162 0.722210
vt 0.219354 0.642049
vt 0.300064 0.655692
vt 0.299805 0.657260
vt 0.301381 0.657524
vt 0.288063 0.736394
vt 0.286489 0.736125
vt 0.306049 0.651449
vt 0.319366 0.572623
vt 0.205476 0.724043
vt 0.286220 0.737692
vt 0.232322 0.556522
vt 0.203334 0.727197
vt 0.287182 0.741350
vt 0.315925 0.570652
vt 0.218504 0.638146
vt 0.302149 0.652286
vt 0.217947 0.641926
vt 0.214962 0.637617
vt 0.305668 0.652950
vt 0.301432 0.656039
vt 0.204137 0.723688
vt 0.228835 0.555750
vt 0.319472 0.571069
vt 0.287598 0.737802
vt 0.672972 0.734106
vt 0.671186 0.733814
vt 0.671593 0.731904
vt 0.673256 0.732445
vt 0.699429 0.563663
vt 0.698895 0.565320
vt 0.697235 0.565036
vt 0.697526 0.563272
vt 0.701402 0.565736
vt 0.701665 0.564163
vt 0.782315 0.577770
vt 0.782046 0.579343
vt 0.672800 0.735090
vt 0.753647 0.747726
vt 0.753493 0.748672
vt 0.699836 0.565476
vt 0.686554 0.644215
vt 0.685612 0.644054
vt 0.688123 0.644478
vt 0.784552 0.579772
vt 0.784591 0.578032
vt 0.786518 0.578287
vt 0.786213 0.580049
vt 0.755412 0.748028
vt 0.753924 0.746063
vt 0.755667 0.746100
vt 0.783611 0.579611
vt 0.770320 0.658346
vt 0.768753 0.658081
vt 0.771263 0.658504
vt 0.685528 0.645847
vt 0.683610 0.645543
vt 0.683950 0.643777
vt 0.685936 0.646513
vt 0.687702 0.646988
vt 0.687421 0.648648
vt 0.685630 0.648558
vt 0.687858 0.646046
vt 0.768488 0.659648
vt 0.768327 0.660589
vt 0.770151 0.660718
vt 0.769770 0.662753
vt 0.768047 0.662250
vt 0.770754 0.660223
vt 0.772924 0.658787
vt 0.772665 0.660565
vt 0.683004 0.643623
vt 0.696291 0.564872
vt 0.685416 0.650885
vt 0.686989 0.651153
vt 0.673675 0.729936
vt 0.672101 0.729673
vt 0.687259 0.649588
vt 0.767892 0.663192
vt 0.767633 0.664759
vt 0.769208 0.665022
vt 0.755925 0.743824
vt 0.754352 0.743556
vt 0.773868 0.658952
vt 0.787159 0.580203
vt 0.673414 0.731503
vt 0.754084 0.745122
vt 0.700183 0.564140
vt 0.671278 0.734655
vt 0.755046 0.748778
vt 0.783722 0.578235
vt 0.686410 0.645689
vt 0.769973 0.659786
vt 0.685853 0.649466
vt 0.682872 0.645164
vt 0.773486 0.660450
vt 0.769261 0.663538
vt 0.672075 0.731153
vt 0.696698 0.563372
vt 0.787266 0.578654
vt 0.755462 0.745231
vt 0.717726 0.562589
vt 0.715931 0.562290
vt 0.716343 0.560369
vt 0.718014 0.560919
vt 0.744571 0.391273
vt 0.744028 0.392937
vt 0.742360 0.392649
vt 0.742659 0.390874
vt 0.746548 0.393359
vt 0.746814 0.391778
vt 0.827861 0.405569
vt 0.827589 0.407149
vt 0.717554 0.563573
vt 0.798802 0.576389
vt 0.798646 0.577340
vt 0.744974 0.393095
vt 0.731504 0.472233
vt 0.730558 0.472070
vt 0.733081 0.472501
vt 0.830107 0.407584
vt 0.830145 0.405834
vt 0.832080 0.406090
vt 0.831777 0.407864
vt 0.800575 0.576695
vt 0.799082 0.574718
vt 0.800833 0.574757
vt 0.829162 0.407421
vt 0.815698 0.486564
vt 0.814122 0.486295
vt 0.816645 0.486723
vt 0.730468 0.473872
vt 0.728540 0.473563
vt 0.728886 0.471789
vt 0.730879 0.474545
vt 0.732654 0.475023
vt 0.732370 0.476692
vt 0.730569 0.476601
vt 0.732813 0.474076
vt 0.813853 0.487870
vt 0.813690 0.488816
vt 0.815524 0.488953
vt 0.815136 0.490996
vt 0.813406 0.490485
vt 0.816133 0.488453
vt 0.818316 0.487011
vt 0.818055 0.488800
vt 0.727936 0.471632
vt 0.741411 0.392482
vt 0.730350 0.478938
vt 0.731932 0.479210
vt 0.718438 0.558397
vt 0.716856 0.558131
vt 0.732205 0.477637
vt 0.813249 0.491432
vt 0.812986 0.493007
vt 0.814569 0.493274
vt 0.801098 0.572470
vt 0.799517 0.572199
vt 0.819265 0.487177
vt 0.832728 0.408020
vt 0.718173 0.559973
vt 0.799245 0.573772
vt 0.745327 0.391753
vt 0.716023 0.563136
vt 0.800206 0.577448
vt 0.829273 0.406037
vt 0.731356 0.473717
vt 0.815348 0.488013
vt 0.730793 0.477513
vt 0.727798 0.473181
vt 0.818881 0.488685
vt 0.814623 0.491782
vt 0.716829 0.559616
vt 0.741827 0.390972
vt 0.832833 0.406457
vt 0.800629 0.573884
vt 0.188215 0.437680
vt 0.186465 0.437399
vt 0.186867 0.435526
vt 0.188489 0.436068
vt 0.215172 0.263449
vt 0.214633 0.265135
vt 0.213022 0.264861
vt 0.213329 0.263066
vt 0.217066 0.265536
vt 0.217332 0.263928
vt 0.295580 0.277031
vt 0.295308 0.278638
vt 0.188043 0.438664
vt 0.266501 0.450789
vt 0.266350 0.451731
vt 0.215546 0.265286
vt 0.202041 0.345909
vt 0.201127 0.345755
vt 0.203563 0.346164
vt 0.297739 0.279051
vt 0.297778 0.277281
vt 0.299645 0.277518
vt 0.299352 0.279317
vt 0.268226 0.451084
vt 0.266767 0.449176
vt 0.268467 0.449196
vt 0.296826 0.278896
vt 0.283330 0.359523
vt 0.281808 0.359268
vt 0.284244 0.359675
vt 0.201034 0.347575
vt 0.199179 0.347286
vt 0.199513 0.345488
vt 0.201418 0.348231
vt 0.203141 0.348703
vt 0.202871 0.350314
vt 0.201120 0.350239
vt 0.203295 0.347766
vt 0.281539 0.360870
vt 0.281379 0.361806
vt 0.283162 0.361922
vt 0.282789 0.363917
vt 0.281110 0.363417
vt 0.283739 0.361428
vt 0.285857 0.359948
vt 0.285588 0.361759
vt 0.198596 0.345338
vt 0.212106 0.264703
vt 0.200909 0.352591
vt 0.202436 0.352850
vt 0.188909 0.433528
vt 0.187381 0.433275
vt 0.202710 0.351249
vt 0.280957 0.364354
vt 0.280695 0.365956
vt 0.282223 0.366210
vt 0.268724 0.446897
vt 0.267198 0.446639
vt 0.286773 0.360106
vt 0.300269 0.279466
vt 0.188644 0.435131
vt 0.266926 0.448240
vt 0.215894 0.263924
vt 0.186546 0.438235
vt 0.267875 0.451830
vt 0.296940 0.277495
vt 0.201884 0.347411
vt 0.282988 0.360995
vt 0.201337 0.351139
vt 0.198465 0.346907
vt 0.286387 0.361632
vt 0.282291 0.364697
vt 0.187340 0.434779
vt 0.212523 0.263177
vt 0.300372 0.277885
vt 0.268269 0.448337
vt 0.451969 0.029395
vt 0.451369 0.029397
vt 0.451731 0.029080
vt 0.452004 0.029263
vt 0.454090 0.018793
vt 0.453796 0.018940
vt 0.453706 0.018917
vt 0.453807 0.018699
vt 0.453963 0.019011
vt 0.454380 0.018966
vt 0.458952 0.019455
vt 0.458484 0.019496
vt 0.451797 0.030378
vt 0.458094 0.030417
vt 0.458093 0.030491
vt 0.453843 0.018954
vt 0.453034 0.023223
vt 0.452986 0.023218
vt 0.453155 0.023220
vt 0.459091 0.019554
vt 0.459077 0.019454
vt 0.459192 0.019456
vt 0.459187 0.019562
vt 0.458229 0.030418
vt 0.458096 0.030288
vt 0.458224 0.030270
vt 0.459036 0.019549
vt 0.458640 0.024125
vt 0.458061 0.024056
vt 0.458695 0.024130
vt 0.453219 0.023457
vt 0.452915 0.023451
vt 0.452894 0.023207
vt 0.453417 0.023408
vt 0.453544 0.023444
vt 0.453507 0.023545
vt 0.453391 0.023528
vt 0.453564 0.023387
vt 0.458561 0.024236
vt 0.458562 0.024297
vt 0.458669 0.024274
vt 0.458679 0.024410
vt 0.458563 0.024404
vt 0.458683 0.024236
vt 0.458792 0.024138
vt 0.458791 0.024240
vt 0.452841 0.023198
vt 0.453653 0.018906
vt 0.453344 0.023671
vt 0.453451 0.023699
vt 0.452063 0.029073
vt 0.451956 0.029043
vt 0.453486 0.023603
vt 0.458564 0.024465
vt 0.458566 0.024567
vt 0.458676 0.024576
vt 0.458211 0.030104
vt 0.458100 0.030095
vt 0.458847 0.024143
vt 0.459242 0.019566
vt 0.452026 0.029190
vt 0.458097 0.030215
vt 0.454255 0.018958
vt 0.451198 0.029778
vt 0.458211 0.030479
vt 0.459026 0.019477
vt 0.453438 0.023356
vt 0.458637 0.024221
vt 0.453396 0.023582
vt 0.452816 0.023399
vt 0.458835 0.024228
vt 0.458659 0.024469
vt 0.451892 0.029074
vt 0.453698 0.018714
vt 0.459238 0.019473
vt 0.458198 0.030208
vt 0.489754 0.929859
vt 0.488800 0.929699
vt 0.492680 0.907291
vt 0.493635 0.907469
vt 0.512234 0.788414
vt 0.512058 0.789368
vt 0.489699 0.785515
vt 0.489858 0.784563
vt 0.513950 0.789694
vt 0.514109 0.788740
vt 0.560039 0.796651
vt 0.559869 0.797604
vt 0.489582 0.930843
vt 0.535774 0.937795
vt 0.535613 0.938748
vt 0.513004 0.789532
vt 0.505288 0.834374
vt 0.504341 0.834215
vt 0.506234 0.834529
vt 0.561761 0.797930
vt 0.561914 0.796972
vt 0.584286 0.800829
vt 0.584117 0.801779
vt 0.536726 0.937963
vt 0.539619 0.915394
vt 0.540578 0.915547
vt 0.560815 0.797767
vt 0.553086 0.842604
vt 0.552143 0.842434
vt 0.554033 0.842771
vt 0.504186 0.835178
vt 0.481808 0.831320
vt 0.481977 0.830370
vt 0.504937 0.836243
vt 0.505897 0.836420
vt 0.502039 0.858789
vt 0.501080 0.858636
vt 0.506064 0.835473
vt 0.551988 0.843381
vt 0.551829 0.844328
vt 0.552793 0.844483
vt 0.548941 0.866878
vt 0.547987 0.866702
vt 0.553856 0.843731
vt 0.576389 0.846627
vt 0.576231 0.847579
vt 0.481026 0.830209
vt 0.488749 0.785349
vt 0.500759 0.860512
vt 0.501712 0.860683
vt 0.493963 0.905574
vt 0.493008 0.905415
vt 0.501876 0.859736
vt 0.547824 0.867649
vt 0.547661 0.868596
vt 0.548617 0.868754
vt 0.540897 0.913668
vt 0.539944 0.913498
vt 0.577339 0.846794
vt 0.585068 0.801940
vt 0.493800 0.906521
vt 0.539781 0.914446
vt 0.513144 0.788730
vt 0.488793 0.930540
vt 0.536442 0.938742
vt 0.560952 0.796965
vt 0.505182 0.835273
vt 0.552886 0.843486
vt 0.501073 0.859599
vt 0.481032 0.831035
vt 0.577057 0.847571
vt 0.548626 0.867789
vt 0.492997 0.906381
vt 0.489031 0.784571
vt 0.585063 0.801114
vt 0.540585 0.914582
vt 0.009676 0.927995
vt 0.008718 0.927836
vt 0.012589 0.905355
vt 0.013548 0.905532
vt 0.034190 0.775604
vt 0.034011 0.776559
vt 0.011614 0.772645
vt 0.011775 0.771692
vt 0.035908 0.776891
vt 0.036069 0.775935
vt 0.082082 0.783958
vt 0.081909 0.784912
vt 0.009504 0.928979
vt 0.055799 0.935928
vt 0.055638 0.936883
vt 0.034960 0.776725
vt 0.026205 0.826926
vt 0.025255 0.826763
vt 0.027153 0.827085
vt 0.083806 0.785243
vt 0.083961 0.784284
vt 0.106373 0.788194
vt 0.106202 0.789145
vt 0.056753 0.936097
vt 0.059647 0.913476
vt 0.060609 0.913629
vt 0.082857 0.785078
vt 0.074102 0.835260
vt 0.073157 0.835089
vt 0.075050 0.835429
vt 0.025097 0.827729
vt 0.002678 0.823804
vt 0.002850 0.822853
vt 0.025847 0.828802
vt 0.026810 0.828980
vt 0.022900 0.851420
vt 0.021938 0.851265
vt 0.026980 0.828031
vt 0.073000 0.836037
vt 0.072839 0.836986
vt 0.073805 0.837142
vt 0.069917 0.859576
vt 0.068961 0.859398
vt 0.074872 0.836390
vt 0.097447 0.839337
vt 0.097286 0.840290
vt 0.001898 0.822689
vt 0.010662 0.772476
vt 0.021614 0.853151
vt 0.022570 0.853321
vt 0.013876 0.903631
vt 0.012918 0.903471
vt 0.022735 0.852371
vt 0.068796 0.860347
vt 0.068633 0.861295
vt 0.069590 0.861455
vt 0.060929 0.911746
vt 0.059973 0.911576
vt 0.098398 0.839505
vt 0.107154 0.789309
vt 0.013712 0.904582
vt 0.059810 0.912526
vt 0.035102 0.775922
vt 0.008714 0.928678
vt 0.056467 0.936877
vt 0.082996 0.784274
vt 0.026096 0.827827
vt 0.073900 0.836144
vt 0.021929 0.852233
vt 0.001902 0.823516
vt 0.098113 0.840282
vt 0.069600 0.860488
vt 0.012907 0.904440
vt 0.010946 0.771698
vt 0.107151 0.788481
vt 0.060616 0.912661
vt 0.356230 0.982060
vt 0.355703 0.982072
vt 0.355394 0.970099
vt 0.355905 0.970092
vt 0.351598 0.901871
vt 0.351620 0.902375
vt 0.339840 0.903026
vt 0.339809 0.902526
vt 0.352618 0.902319
vt 0.352587 0.901817
vt 0.376819 0.900485
vt 0.376844 0.900988
vt 0.356058 0.983044
vt 0.381222 0.981214
vt 0.381250 0.981735
vt 0.352119 0.902348
vt 0.353562 0.928734
vt 0.353063 0.928764
vt 0.354059 0.928703
vt 0.377842 0.900934
vt 0.377808 0.900430
vt 0.389598 0.899780
vt 0.389623 0.900281
vt 0.381739 0.981190
vt 0.380590 0.969061
vt 0.381109 0.969028
vt 0.377343 0.900961
vt 0.378815 0.927382
vt 0.378317 0.927406
vt 0.379315 0.927355
vt 0.353097 0.929270
vt 0.341316 0.929921
vt 0.341291 0.929420
vt 0.353597 0.929718
vt 0.354104 0.929698
vt 0.354679 0.941482
vt 0.354175 0.941513
vt 0.354081 0.929200
vt 0.378350 0.927905
vt 0.378381 0.928406
vt 0.378891 0.928371
vt 0.379573 0.940242
vt 0.379065 0.940265
vt 0.379337 0.927863
vt 0.391101 0.926700
vt 0.391132 0.927201
vt 0.340790 0.929449
vt 0.339339 0.903053
vt 0.354217 0.942500
vt 0.354723 0.942481
vt 0.355874 0.969087
vt 0.355369 0.969111
vt 0.354701 0.941981
vt 0.379094 0.940768
vt 0.379123 0.941272
vt 0.379632 0.941242
vt 0.381040 0.968015
vt 0.380531 0.968039
vt 0.391602 0.926673
vt 0.390124 0.900251
vt 0.355890 0.969589
vt 0.380560 0.968550
vt 0.352096 0.901926
vt 0.355529 0.982651
vt 0.381683 0.981632
vt 0.377319 0.900538
vt 0.353612 0.929201
vt 0.378817 0.927853
vt 0.354278 0.942002
vt 0.340892 0.929869
vt 0.391548 0.927100
vt 0.379521 0.940745
vt 0.355465 0.969602
vt 0.339389 0.902627
vt 0.390024 0.899834
vt 0.380992 0.968523
vt 0.564762 0.985789
vt 0.564206 0.985809
vt 0.563713 0.973157
vt 0.564253 0.973142
vt 0.559257 0.906814
vt 0.559286 0.907348
vt 0.546808 0.908168
vt 0.546770 0.907638
vt 0.560343 0.907278
vt 0.560305 0.906746
vt 0.585970 0.905071
vt 0.586002 0.905604
vt 0.564590 0.986773
vt 0.591131 0.984598
vt 0.591166 0.985148
vt 0.559815 0.907313
vt 0.561446 0.932335
vt 0.560918 0.932372
vt 0.561973 0.932296
vt 0.587059 0.905535
vt 0.587017 0.905002
vt 0.599507 0.904182
vt 0.599539 0.904713
vt 0.591677 0.984567
vt 0.590339 0.971767
vt 0.590887 0.971726
vt 0.586530 0.905570
vt 0.588184 0.930621
vt 0.587657 0.930652
vt 0.588713 0.930588
vt 0.560960 0.932908
vt 0.548474 0.933729
vt 0.548442 0.933198
vt 0.561495 0.933377
vt 0.562032 0.933351
vt 0.562781 0.945830
vt 0.562248 0.945868
vt 0.562002 0.932823
vt 0.587697 0.931180
vt 0.587736 0.931711
vt 0.588275 0.931668
vt 0.589125 0.944233
vt 0.588587 0.944263
vt 0.588743 0.931125
vt 0.601198 0.929767
vt 0.601235 0.930298
vt 0.547912 0.933234
vt 0.546277 0.908202
vt 0.562305 0.946913
vt 0.562841 0.946887
vt 0.564207 0.972079
vt 0.563672 0.972111
vt 0.562811 0.946358
vt 0.588624 0.944796
vt 0.588660 0.945330
vt 0.589199 0.945292
vt 0.590807 0.970655
vt 0.590267 0.970686
vt 0.601729 0.929734
vt 0.600070 0.904676
vt 0.564231 0.972611
vt 0.590303 0.971226
vt 0.559786 0.906866
vt 0.564053 0.986396
vt 0.591623 0.985035
vt 0.586500 0.905122
vt 0.561505 0.932829
vt 0.588192 0.931120
vt 0.562364 0.946385
vt 0.548022 0.933678
vt 0.601675 0.930188
vt 0.589075 0.944766
vt 0.563781 0.972630
vt 0.546327 0.907750
vt 0.599958 0.904234
vt 0.590760 0.971195
vn 0.965616 -0.006634 0.259890
vn 0.914193 -0.368741 0.168169
vn 0.914195 -0.368737 -0.168169
vn 0.965613 -0.006635 -0.259900
vn 0.368735 -0.914192 0.168188
vn 0.006791 -0.965618 0.259877
vn 0.006791 -0.965617 -0.259881
vn 0.368727 -0.914195 -0.168187
vn 0.003569 -0.003487 0.999988
vn 0.183400 -0.002186 0.983036
vn 0.183400 0.002186 0.983036
vn 0.003569 0.003487 0.999988
vn 0.737264 -0.004346 0.675591
vn 0.965616 0.006634 0.259890
vn 0.737264 0.004346 0.675591
vn 0.004448 -0.737240 0.675617
vn -0.004448 -0.737239 0.675617
vn -0.006791 -0.965618 0.259877
vn 0.002238 -0.183415 0.983033
vn -0.003569 -0.003487 0.999988
vn -0.002238 -0.183416 0.983033
vn 0.006791 0.965619 0.259872
vn 0.368735 0.914193 0.168182
vn 0.368728 0.914196 -0.168185
vn 0.006791 0.965618 -0.259877
vn 0.914195 0.368739 0.168166
vn 0.965613 0.006635 -0.259900
vn 0.914194 0.368739 -0.168168
vn 0.002238 0.183415 0.983033
vn -0.002238 0.183416 0.983033
vn -0.003569 0.003487 0.999988
vn 0.004448 0.737246 0.675609
vn -0.006791 0.965619 0.259872
vn -0.004448 0.737246 0.675610
vn -0.368766 -0.914179 0.168191
vn -0.368758 -0.914182 -0.168191
vn -0.006791 -0.965617 -0.259882
vn -0.914194 -0.368742 0.168166
vn -0.965616 -0.006634 0.259890
vn -0.965613 -0.006635 -0.259900
vn -0.914194 -0.368739 -0.168169
vn -0.737264 -0.004346 0.675591
vn -0.737264 0.004346 0.675591
vn -0.965616 0.006634 0.259890
vn -0.183410 -0.002186 0.983034
vn -0.183410 0.002186 0.983034
vn -0.914193 0.368741 0.168169
vn -0.914194 0.368741 -0.168169
vn -0.965613 0.006635 -0.259900
vn -0.368765 0.914180 0.168190
vn -0.006791 0.965618 -0.259877
vn -0.368759 0.914182 -0.168192
vn -0.004448 -0.737218 -0.675640
vn 0.004448 -0.737218 -0.675640
vn -0.002238 -0.183416 -0.983033
vn -0.003569 -0.003487 -0.999988
vn 0.003569 -0.003487 -0.999988
vn 0.002238 -0.183415 -0.983033
vn -0.183441 -0.002186 -0.983028
vn -0.183441 0.002186 -0.983028
vn -0.003569 0.003487 -0.999988
vn -0.737216 -0.004346 -0.675644
vn -0.737216 0.004346 -0.675643
vn -0.002238 0.183416 -0.983033
vn 0.002238 0.183415 -0.983033
vn 0.003569 0.003487 -0.999988
vn -0.004448 0.737225 -0.675633
vn 0.004448 0.737225 -0.675633
vn 0.737216 -0.004346 -0.675644
vn 0.737216 0.004346 -0.675644
vn 0.183431 -0.002186 -0.983030
vn 0.183431 0.002186 -0.983030
vn 0.273544 -0.746691 0.606322
vn 0.746716 -0.273565 0.606282
vn 0.160931 -0.160931 0.973757
vn 0.746725 0.273557 0.606275
vn 0.273544 0.746699 0.606313
vn 0.160922 0.160929 0.973759
vn -0.746720 -0.273568 0.606275
vn -0.273565 -0.746675 0.606332
vn -0.160933 -0.160941 0.973755
vn -0.273564 0.746680 0.606327
vn -0.746717 0.273565 0.606280
vn -0.160942 0.160942 0.973753
vn -0.160940 -0.160940 -0.973754
vn -0.273532 -0.746676 -0.606346
vn -0.746703 -0.273548 -0.606305
vn -0.273533 0.746672 -0.606351
vn -0.160934 0.160942 -0.973755
vn -0.746704 0.273555 -0.606301
vn 0.746705 -0.273542 -0.606306
vn 0.273510 -0.746689 -0.606340
vn 0.160924 -0.160932 -0.973758
vn 0.273514 0.746694 -0.606332
vn 0.746705 0.273549 -0.606303
vn 0.160930 0.160930 -0.973757
vn 0.965616 -0.006634 0.259890
vn 0.914196 -0.368735 0.168170
vn 0.914197 -0.368732 -0.168170
vn 0.965613 -0.006634 -0.259900
vn 0.368745 -0.914187 0.168191
vn 0.006791 -0.965618 0.259877
vn 0.006791 -0.965617 -0.259882
vn 0.368741 -0.914188 -0.168194
vn 0.003569 -0.003487 0.999988
vn 0.183400 -0.002186 0.983036
vn 0.183400 0.002186 0.983036
vn 0.003569 0.003487 0.999988
vn 0.737264 -0.004346 0.675591
vn 0.965616 0.006634 0.259890
vn 0.737264 0.004346 0.675591
vn 0.004448 -0.737239 0.675617
vn -0.004448 -0.737239 0.675617
vn -0.006791 -0.965618 0.259877
vn 0.002238 -0.183415 0.983033
vn -0.003569 -0.003487 0.999988
vn -0.002238 -0.183415 0.983033
vn 0.006791 0.965619 0.259873
vn 0.368746 0.914188 0.168188
vn 0.368741 0.914189 -0.168189
vn 0.006791 0.965618 -0.259877
vn 0.914197 0.368734 0.168166
vn 0.965613 0.006634 -0.259900
vn 0.914197 0.368733 -0.168169
vn 0.002238 0.183415 0.983033
vn -0.002238 0.183415 0.983033
vn -0.003569 0.003487 0.999988
vn 0.004448 0.737246 0.675610
vn -0.006791 0.965619 0.259872
vn -0.004448 0.737246 0.675610
vn -0.368744 -0.914190 0.168177
vn -0.368739 -0.914192 -0.168178
vn -0.006791 -0.965617 -0.259882
vn -0.914185 -0.368754 0.168187
vn -0.965615 -0.006635 0.259890
vn -0.965613 -0.006635 -0.259900
vn -0.914185 -0.368752 -0.168189
vn -0.737263 -0.004346 0.675592
vn -0.737263 0.004346 0.675592
vn -0.965615 0.006635 0.259890
vn -0.183400 -0.002186 0.983036
vn -0.183400 0.002186 0.983036
vn -0.914184 0.368755 0.168188
vn -0.914185 0.368752 -0.168188
vn -0.965613 0.006635 -0.259900
vn -0.368743 0.914191 0.168176
vn -0.006791 0.965618 -0.259877
vn -0.368739 0.914192 -0.168180
vn -0.004448 -0.737218 -0.675641
vn 0.004448 -0.737218 -0.675641
vn -0.002238 -0.183415 -0.983033
vn -0.003569 -0.003487 -0.999988
vn 0.003569 -0.003487 -0.999988
vn 0.002238 -0.183415 -0.983033
vn -0.183431 -0.002186 -0.983030
vn -0.183431 0.002186 -0.983030
vn -0.003569 0.003487 -0.999988
vn -0.737215 -0.004346 -0.675644
vn -0.737215 0.004346 -0.675644
vn -0.002238 0.183415 -0.983033
vn 0.002238 0.183415 -0.983033
vn 0.003569 0.003487 -0.999988
vn -0.004448 0.737224 -0.675633
vn 0.004448 0.737225 -0.675633
vn 0.737216 -0.004346 -0.675644
vn 0.737216 0.004346 -0.675643
vn 0.183431 -0.002186 -0.983030
vn 0.183431 0.002186 -0.983030
vn 0.273541 -0.746697 0.606316
vn 0.746721 -0.273540 0.606286
vn 0.160931 -0.160943 0.973755
vn 0.746729 0.273538 0.606278
vn 0.273544 0.746699 0.606313
vn 0.160921 0.160941 0.973757
vn -0.746696 -0.273553 0.606312
vn -0.273549 -0.746685 0.606327
vn -0.160928 -0.160939 0.973756
vn -0.273549 0.746691 0.606319
vn -0.746692 0.273556 0.606316
vn -0.160936 0.160940 0.973755
vn -0.160936 -0.160940 -0.973755
vn -0.273522 -0.746676 -0.606350
vn -0.746678 -0.273539 -0.606341
vn -0.273522 0.746668 -0.606360
vn -0.160929 0.160941 -0.973756
vn -0.746679 0.273539 -0.606339
vn 0.746709 -0.273523 -0.606309
vn 0.273515 -0.746677 -0.606352
vn 0.160924 -0.160943 -0.973756
vn 0.273517 0.746688 -0.606338
vn 0.746710 0.273524 -0.606307
vn 0.160930 0.160941 -0.973755
vn 0.965616 -0.006635 0.259890
vn 0.914190 -0.368750 0.168169
vn 0.914191 -0.368747 -0.168168
vn 0.965613 -0.006635 -0.259900
vn 0.368746 -0.914187 0.168192
vn 0.006791 -0.965618 0.259877
vn 0.006791 -0.965617 -0.259882
vn 0.368741 -0.914188 -0.168194
vn 0.003569 -0.003487 0.999988
vn 0.183400 -0.002186 0.983036
vn 0.183400 0.002186 0.983036
vn 0.003569 0.003487 0.999988
vn 0.737264 -0.004346 0.675591
vn 0.965616 0.006635 0.259890
vn 0.737264 0.004346 0.675591
vn 0.004448 -0.737239 0.675617
vn -0.004448 -0.737240 0.675617
vn -0.006791 -0.965618 0.259877
vn 0.002238 -0.183416 0.983033
vn -0.003569 -0.003487 0.999988
vn -0.002238 -0.183416 0.983033
vn 0.006791 0.965619 0.259872
vn 0.368746 0.914188 0.168188
vn 0.368742 0.914189 -0.168190
vn 0.006791 0.965618 -0.259877
vn 0.914191 0.368749 0.168165
vn 0.965613 0.006635 -0.259900
vn 0.914191 0.368748 -0.168168
vn 0.002238 0.183416 0.983033
vn -0.002238 0.183416 0.983033
vn -0.003569 0.003487 0.999988
vn 0.004448 0.737246 0.675610
vn -0.006791 0.965619 0.259872
vn -0.004449 0.737246 0.675610
vn -0.368762 -0.914181 0.168188
vn -0.368757 -0.914183 -0.168191
vn -0.006791 -0.965617 -0.259882
vn -0.914193 -0.368743 0.168166
vn -0.965616 -0.006634 0.259890
vn -0.965613 -0.006635 -0.259900
vn -0.914192 -0.368744 -0.168169
vn -0.737264 -0.004345 0.675591
vn -0.737264 0.004345 0.675591
vn -0.965616 0.006635 0.259890
vn -0.183410 -0.002186 0.983034
vn -0.183410 0.002186 0.983034
vn -0.914192 0.368743 0.168169
vn -0.914192 0.368745 -0.168168
vn -0.965613 0.006635 -0.259900
vn -0.368762 0.914181 0.168190
vn -0.006791 0.965618 -0.259877
vn -0.368756 0.914183 -0.168190
vn -0.004448 -0.737218 -0.675640
vn 0.004448 -0.737218 -0.675640
vn -0.002238 -0.183416 -0.983033
vn -0.003569 -0.003487 -0.999988
vn 0.003569 -0.003487 -0.999988
vn 0.002238 -0.183416 -0.983033
vn -0.183441 -0.002186 -0.983028
vn -0.183441 0.002186 -0.983028
vn -0.003569 0.003487 -0.999988
vn -0.737216 -0.004346 -0.675644
vn -0.737216 0.004346 -0.675643
vn -0.002238 0.183416 -0.983033
vn 0.002238 0.183416 -0.983033
vn 0.003569 0.003487 -0.999988
vn -0.004448 0.737225 -0.675633
vn 0.004448 0.737225 -0.675633
vn 0.737216 -0.004346 -0.675644
vn 0.737216 0.004346 -0.675643
vn 0.183431 -0.002186 -0.983030
vn 0.183431 0.002186 -0.983030
vn 0.273542 -0.746694 0.606319
vn 0.746721 -0.273540 0.606286
vn 0.160931 -0.160939 0.973756
vn 0.746729 0.273538 0.606278
vn 0.273544 0.746699 0.606313
vn 0.160921 0.160937 0.973757
vn -0.746732 -0.273516 0.606284
vn -0.273557 -0.746693 0.606314
vn -0.160933 -0.160942 0.973755
vn -0.273558 0.746692 0.606315
vn -0.746728 0.273516 0.606289
vn -0.160942 0.160944 0.973753
vn -0.160940 -0.160942 -0.973754
vn -0.273529 -0.746682 -0.606340
vn -0.746712 -0.273511 -0.606311
vn -0.273528 0.746683 -0.606339
vn -0.160934 0.160944 -0.973754
vn -0.746713 0.273515 -0.606309
vn 0.746709 -0.273523 -0.606309
vn 0.273515 -0.746677 -0.606352
vn 0.160924 -0.160940 -0.973757
vn 0.273518 0.746685 -0.606341
vn 0.746710 0.273524 -0.606307
vn 0.160930 0.160938 -0.973756
vn 0.965616 -0.006634 0.259890
vn 0.914195 -0.368737 0.168167
vn 0.914192 -0.368744 -0.168167
vn 0.965613 -0.006635 -0.259900
vn 0.368744 -0.914188 0.168194
vn 0.006791 -0.965617 0.259882
vn 0.006791 -0.965615 -0.259886
vn 0.368739 -0.914190 -0.168192
vn 0.003569 -0.003487 0.999988
vn 0.183400 -0.002186 0.983036
vn 0.183400 0.002186 0.983036
vn 0.003569 0.003487 0.999988
vn 0.737264 -0.004345 0.675591
vn 0.965616 0.006634 0.259890
vn 0.737264 0.004345 0.675591
vn 0.004448 -0.737233 0.675624
vn -0.004448 -0.737233 0.675624
vn -0.006791 -0.965617 0.259882
vn 0.002238 -0.183415 0.983033
vn -0.003569 -0.003487 0.999988
vn -0.002238 -0.183416 0.983033
vn 0.006791 0.965617 0.259882
vn 0.368743 0.914188 0.168193
vn 0.368739 0.914189 -0.168197
vn 0.006791 0.965615 -0.259887
vn 0.914196 0.368740 0.168159
vn 0.965613 0.006635 -0.259900
vn 0.914192 0.368748 -0.168162
vn 0.002238 0.183415 0.983033
vn -0.002238 0.183416 0.983033
vn -0.003569 0.003487 0.999988
vn 0.004448 0.737233 0.675624
vn -0.006791 0.965617 0.259882
vn -0.004448 0.737233 0.675624
vn -0.368754 -0.914185 0.168187
vn -0.368751 -0.914186 -0.168190
vn -0.006791 -0.965615 -0.259887
vn -0.914190 -0.368747 0.168175
vn -0.965616 -0.006635 0.259890
vn -0.965613 -0.006635 -0.259900
vn -0.914192 -0.368740 -0.168180
vn -0.737263 -0.004346 0.675592
vn -0.737263 0.004346 0.675591
vn -0.965616 0.006635 0.259890
vn -0.183405 -0.002186 0.983035
vn -0.183405 0.002186 0.983035
vn -0.914191 0.368746 0.168171
vn -0.914192 0.368742 -0.168172
vn -0.965613 0.006635 -0.259900
vn -0.368754 0.914185 0.168187
vn -0.006791 0.965615 -0.259887
vn -0.368751 0.914186 -0.168189
vn -0.004448 -0.737212 -0.675647
vn 0.004448 -0.737212 -0.675647
vn -0.002238 -0.183416 -0.983033
vn -0.003569 -0.003487 -0.999988
vn 0.003569 -0.003487 -0.999988
vn 0.002238 -0.183415 -0.983033
vn -0.183436 -0.002186 -0.983029
vn -0.183436 0.002186 -0.983029
vn -0.003569 0.003487 -0.999988
vn -0.737215 -0.004345 -0.675644
vn -0.737216 0.004345 -0.675644
vn -0.002238 0.183416 -0.983033
vn 0.002238 0.183415 -0.983033
vn 0.003569 0.003487 -0.999988
vn -0.004448 0.737212 -0.675647
vn 0.004448 0.737212 -0.675647
vn 0.737216 -0.004345 -0.675644
vn 0.737216 0.004346 -0.675643
vn 0.183430 -0.002186 -0.983030
vn 0.183431 0.002186 -0.983030
vn 0.273536 -0.746697 0.606318
vn 0.746735 -0.273492 0.606291
vn 0.160928 -0.160932 0.973757
vn 0.746747 0.273505 0.606270
vn 0.273535 0.746700 0.606315
vn 0.160926 0.160938 0.973756
vn -0.746716 -0.273527 0.606298
vn -0.273546 -0.746691 0.606321
vn -0.160929 -0.160948 0.973754
vn -0.273547 0.746694 0.606316
vn -0.746724 0.273528 0.606289
vn -0.160938 0.160950 0.973753
vn -0.160938 -0.160949 -0.973753
vn -0.273524 -0.746673 -0.606353
vn -0.746702 -0.273494 -0.606330
vn -0.273524 0.746673 -0.606353
vn -0.160931 0.160951 -0.973754
vn -0.746713 0.273505 -0.606312
vn 0.746715 -0.273512 -0.606307
vn 0.273510 -0.746691 -0.606338
vn 0.160921 -0.160933 -0.973758
vn 0.273510 0.746681 -0.606349
vn 0.746721 0.273528 -0.606292
vn 0.160933 0.160937 -0.973755
vn 0.965614 -0.006634 0.259894
vn 0.914199 -0.368726 0.168170
vn 0.914198 -0.368727 -0.168173
vn 0.965613 -0.006634 -0.259900
vn 0.368753 -0.914184 0.168193
vn 0.006791 -0.965614 0.259892
vn 0.006791 -0.965613 -0.259896
vn 0.368755 -0.914183 -0.168192
vn 0.003569 -0.003487 0.999988
vn 0.183400 -0.002186 0.983036
vn 0.183400 0.002186 0.983036
vn 0.003569 0.003487 0.999988
vn 0.737264 -0.004345 0.675591
vn 0.965614 0.006634 0.259894
vn 0.737264 0.004345 0.675591
vn 0.004448 -0.737219 0.675639
vn -0.004448 -0.737220 0.675639
vn -0.006791 -0.965614 0.259892
vn 0.002238 -0.183415 0.983033
vn -0.003569 -0.003487 0.999988
vn -0.002238 -0.183415 0.983033
vn 0.006791 0.965614 0.259892
vn 0.368753 0.914184 0.168192
vn 0.368755 0.914183 -0.168196
vn 0.006791 0.965613 -0.259896
vn 0.914198 0.368728 0.168172
vn 0.965613 0.006634 -0.259900
vn 0.914199 0.368726 -0.168173
vn 0.002238 0.183416 0.983033
vn -0.002238 0.183415 0.983033
vn -0.003569 0.003487 0.999988
vn 0.004448 0.737219 0.675639
vn -0.006791 0.965614 0.259891
vn -0.004448 0.737220 0.675638
vn -0.368772 -0.914179 0.168178
vn -0.368774 -0.914177 -0.168185
vn -0.006791 -0.965613 -0.259896
vn -0.914189 -0.368746 0.168185
vn -0.965614 -0.006635 0.259895
vn -0.965613 -0.006635 -0.259900
vn -0.914186 -0.368752 -0.168185
vn -0.737264 -0.004346 0.675591
vn -0.737264 0.004346 0.675591
vn -0.965614 0.006635 0.259895
vn -0.183405 -0.002186 0.983035
vn -0.183405 0.002186 0.983035
vn -0.914189 0.368746 0.168178
vn -0.914187 0.368751 -0.168182
vn -0.965613 0.006635 -0.259900
vn -0.368773 0.914180 0.168172
vn -0.006791 0.965613 -0.259896
vn -0.368774 0.914179 -0.168176
vn -0.004448 -0.737198 -0.675662
vn 0.004448 -0.737198 -0.675662
vn -0.002238 -0.183415 -0.983033
vn -0.003569 -0.003487 -0.999988
vn 0.003569 -0.003487 -0.999988
vn 0.002238 -0.183415 -0.983033
vn -0.183405 -0.002186 -0.983035
vn -0.183405 0.002186 -0.983035
vn -0.003569 0.003487 -0.999988
vn -0.737240 -0.004346 -0.675617
vn -0.737240 0.004346 -0.675617
vn -0.002238 0.183415 -0.983033
vn 0.002238 0.183416 -0.983033
vn 0.003569 0.003487 -0.999988
vn -0.004448 0.737198 -0.675662
vn 0.004448 0.737198 -0.675662
vn 0.737240 -0.004345 -0.675617
vn 0.737240 0.004345 -0.675617
vn 0.183400 -0.002186 -0.983036
vn 0.183400 0.002186 -0.983036
vn 0.273505 -0.746693 0.606337
vn 0.746742 -0.273511 0.606274
vn 0.160929 -0.160941 0.973756
vn 0.746734 0.273520 0.606279
vn 0.273507 0.746699 0.606328
vn 0.160924 0.160943 0.973756
vn -0.746713 -0.273526 0.606303
vn -0.273530 -0.746706 0.606310
vn -0.160924 -0.160924 0.973759
vn -0.273535 0.746715 0.606296
vn -0.746724 0.273531 0.606287
vn -0.160932 0.160924 0.973758
vn -0.160933 -0.160925 -0.973758
vn -0.273525 -0.746670 -0.606357
vn -0.746688 -0.273543 -0.606326
vn -0.273528 0.746685 -0.606336
vn -0.160924 0.160924 -0.973759
vn -0.746696 0.273539 -0.606318
vn 0.746716 -0.273506 -0.606308
vn 0.273508 -0.746684 -0.606346
vn 0.160919 -0.160938 -0.973758
vn 0.273504 0.746672 -0.606363
vn 0.746717 0.273500 -0.606309
vn 0.160930 0.160942 -0.973755
vn 0.965614 -0.006635 0.259894
vn 0.914185 -0.368762 0.168167
vn 0.914187 -0.368755 -0.168171
vn 0.965613 -0.006635 -0.259900
vn 0.368761 -0.914180 0.168196
vn 0.006791 -0.965614 0.259892
vn 0.006791 -0.965613 -0.259896
vn 0.368764 -0.914179 -0.168196
vn 0.003569 -0.003487 0.999988
vn 0.183400 -0.002186 0.983036
vn 0.183400 0.002186 0.983036
vn 0.003569 0.003487 0.999988
vn 0.737264 -0.004346 0.675591
vn 0.965614 0.006635 0.259894
vn 0.737264 0.004346 0.675591
vn 0.004448 -0.737219 0.675639
vn -0.004448 -0.737219 0.675639
vn -0.006791 -0.965614 0.259892
vn 0.002238 -0.183415 0.983033
vn -0.003569 -0.003487 0.999988
vn -0.002238 -0.183415 0.983033
vn 0.006791 0.965614 0.259892
vn 0.368762 0.914180 0.168197
vn 0.368763 0.914179 -0.168199
vn 0.006791 0.965613 -0.259896
vn 0.914184 0.368763 0.168169
vn 0.965613 0.006635 -0.259900
vn 0.914187 0.368756 -0.168170
vn 0.002238 0.183416 0.983033
vn -0.002238 0.183415 0.983033
vn -0.003569 0.003487 0.999988
vn 0.004448 0.737219 0.675639
vn -0.006791 0.965614 0.259891
vn -0.004448 0.737220 0.675638
vn -0.368768 -0.914181 0.168178
vn -0.368770 -0.914180 -0.168181
vn -0.006791 -0.965613 -0.259896
vn -0.914188 -0.368747 0.168184
vn -0.965614 -0.006635 0.259895
vn -0.965613 -0.006635 -0.259900
vn -0.914186 -0.368752 -0.168185
vn -0.737264 -0.004346 0.675591
vn -0.737264 0.004346 0.675591
vn -0.965614 0.006635 0.259895
vn -0.183405 -0.002186 0.983035
vn -0.183405 0.002186 0.983035
vn -0.914189 0.368746 0.168179
vn -0.914186 0.368753 -0.168182
vn -0.965613 0.006635 -0.259900
vn -0.368768 0.914182 0.168169
vn -0.006791 0.965613 -0.259896
vn -0.368771 0.914180 -0.168175
vn -0.004448 -0.737198 -0.675662
vn 0.004448 -0.737198 -0.675662
vn -0.002238 -0.183415 -0.983033
vn -0.003569 -0.003487 -0.999988
vn 0.003569 -0.003487 -0.999988
vn 0.002238 -0.183415 -0.983033
vn -0.183405 -0.002186 -0.983035
vn -0.183405 0.002186 -0.983035
vn -0.003569 0.003487 -0.999988
vn -0.737240 -0.004346 -0.675617
vn -0.737240 0.004346 -0.675617
vn -0.002238 0.183415 -0.983033
vn 0.002238 0.183416 -0.983033
vn 0.003569 0.003487 -0.999988
vn -0.004448 0.737198 -0.675662
vn 0.004448 0.737198 -0.675662
vn 0.737240 -0.004345 -0.675617
vn 0.737240 0.004345 -0.675617
vn 0.183400 -0.002186 -0.983036
vn 0.183400 0.002186 -0.983036
vn 0.273509 -0.746684 0.606346
vn 0.746736 -0.273536 0.606270
vn 0.160929 -0.160941 0.973756
vn 0.746730 0.273538 0.606276
vn 0.273513 0.746687 0.606340
vn 0.160924 0.160943 0.973756
vn -0.746712 -0.273532 0.606302
vn -0.273535 -0.746694 0.606322
vn -0.160924 -0.160936 0.973757
vn -0.273538 0.746709 0.606302
vn -0.746724 0.273531 0.606287
vn -0.160932 0.160936 0.973756
vn -0.160933 -0.160937 -0.973756
vn -0.273528 -0.746664 -0.606363
vn -0.746688 -0.273543 -0.606326
vn -0.273534 0.746673 -0.606349
vn -0.160924 0.160936 -0.973757
vn -0.746694 0.273545 -0.606317
vn 0.746717 -0.273500 -0.606309
vn 0.273514 -0.746673 -0.606358
vn 0.160919 -0.160938 -0.973758
vn 0.273508 0.746663 -0.606372
vn 0.746717 0.273500 -0.606309
vn 0.160930 0.160942 -0.973755
vn 0.961947 -0.006952 0.273148
vn 0.905501 -0.385231 0.177949
vn 0.905501 -0.385227 -0.177954
vn 0.961945 -0.006952 -0.273154
vn 0.352197 -0.920984 0.166572
vn 0.006447 -0.965610 0.259917
vn 0.006447 -0.965608 -0.259921
vn 0.352200 -0.920983 -0.166572
vn 0.003382 -0.003487 0.999988
vn 0.174097 -0.002170 0.984726
vn 0.174097 0.002170 0.984726
vn 0.003382 0.003487 0.999988
vn 0.718915 -0.004509 0.695084
vn 0.961947 0.006952 0.273148
vn 0.718915 0.004509 0.695084
vn 0.004206 -0.737209 0.675652
vn -0.004206 -0.737209 0.675652
vn -0.006447 -0.965610 0.259917
vn 0.002136 -0.183414 0.983033
vn -0.003382 -0.003487 0.999988
vn -0.002136 -0.183414 0.983033
vn 0.006447 0.965610 0.259916
vn 0.352197 0.920986 0.166558
vn 0.352202 0.920984 -0.166563
vn 0.006447 0.965608 -0.259921
vn 0.905501 0.385229 0.177952
vn 0.961945 0.006952 -0.273154
vn 0.905500 0.385231 -0.177954
vn 0.002136 0.183414 0.983033
vn -0.002136 0.183414 0.983033
vn -0.003382 0.003487 0.999988
vn 0.004206 0.737209 0.675651
vn -0.006447 0.965610 0.259917
vn -0.004206 0.737209 0.675651
vn -0.352237 -0.920966 0.166584
vn -0.352241 -0.920964 -0.166589
vn -0.006447 -0.965608 -0.259921
vn -0.905479 -0.385284 0.177945
vn -0.961938 -0.006953 0.273181
vn -0.961936 -0.006953 -0.273186
vn -0.905474 -0.385296 -0.177945
vn -0.718870 -0.004509 0.695130
vn -0.718870 0.004509 0.695130
vn -0.961938 0.006953 0.273181
vn -0.174115 -0.002170 0.984723
vn -0.174115 0.002170 0.984723
vn -0.905480 0.385283 0.177938
vn -0.905474 0.385296 -0.177942
vn -0.961936 0.006953 -0.273186
vn -0.352238 0.920968 0.166574
vn -0.006447 0.965608 -0.259921
vn -0.352242 0.920966 -0.166578
vn -0.004206 -0.737188 -0.675675
vn 0.004206 -0.737188 -0.675675
vn -0.002136 -0.183414 -0.983033
vn -0.003382 -0.003487 -0.999988
vn 0.003382 -0.003487 -0.999988
vn 0.002136 -0.183414 -0.983033
vn -0.174115 -0.002170 -0.984723
vn -0.174115 0.002170 -0.984723
vn -0.003382 0.003487 -0.999988
vn -0.718845 -0.004509 -0.695156
vn -0.718845 0.004509 -0.695156
vn -0.002136 0.183414 -0.983033
vn 0.002136 0.183414 -0.983033
vn 0.003382 0.003487 -0.999988
vn -0.004206 0.737188 -0.675674
vn 0.004206 0.737188 -0.675674
vn 0.718890 -0.004509 -0.695110
vn 0.718890 0.004509 -0.695110
vn 0.174097 -0.002170 -0.984726
vn 0.174097 0.002170 -0.984726
vn 0.260181 -0.749559 0.608660
vn 0.728675 -0.281642 0.624268
vn 0.152702 -0.161146 0.975046
vn 0.728671 0.281633 0.624276
vn 0.260184 0.749582 0.608631
vn 0.152697 0.161149 0.975046
vn -0.728674 -0.281621 0.624279
vn -0.260210 -0.749555 0.608653
vn -0.152711 -0.161145 0.975045
vn -0.260213 0.749569 0.608634
vn -0.728686 0.281621 0.624265
vn -0.152715 0.161141 0.975045
vn -0.152718 -0.161145 -0.975043
vn -0.260208 -0.749515 -0.608703
vn -0.728644 -0.281656 -0.624298
vn -0.260217 0.749535 -0.608674
vn -0.152706 0.161140 -0.975046
vn -0.728650 0.281658 -0.624290
vn 0.728652 -0.281620 -0.624305
vn 0.260181 -0.749533 -0.608692
vn 0.152697 -0.161149 -0.975046
vn 0.260192 0.749551 -0.608665
vn 0.728649 0.281632 -0.624303
vn 0.152703 0.161148 -0.975045
vn 0.965616 -0.006634 0.259890
vn 0.914196 -0.368735 0.168168
vn 0.914197 -0.368734 -0.168165
vn 0.965613 -0.006634 -0.259900
vn 0.368746 -0.914188 0.168188
vn 0.006791 -0.965617 0.259882
vn 0.006791 -0.965615 -0.259886
vn 0.368744 -0.914188 -0.168194
vn 0.000492 -0.003885 0.999992
vn 0.184078 -0.000119 0.982912
vn 0.114769 0.018837 0.993214
vn 0.005947 0.003096 0.999978
vn 0.737264 -0.004346 0.675591
vn 0.965616 0.006634 0.259890
vn 0.737264 0.004346 0.675591
vn 0.004448 -0.737233 0.675624
vn -0.004448 -0.737233 0.675624
vn -0.006791 -0.965617 0.259882
vn 0.000704 -0.044334 -0.999017
vn -0.000491 -0.003885 0.999992
vn -0.000704 -0.044334 -0.999017
vn 0.006791 0.965614 0.259891
vn 0.368762 0.914182 0.168184
vn 0.368766 0.914180 -0.168186
vn 0.006791 0.965613 -0.259896
vn 0.914195 0.368735 0.168174
vn 0.965613 0.006634 -0.259900
vn 0.914196 0.368732 -0.168175
vn 0.000361 0.030026 0.999549
vn -0.000361 0.030026 0.999549
vn -0.005947 0.003096 0.999978
vn 0.004448 0.737220 0.675639
vn -0.006791 0.965614 0.259892
vn -0.004448 0.737219 0.675639
vn -0.368761 -0.914181 0.168189
vn -0.368759 -0.914182 -0.168193
vn -0.006791 -0.965615 -0.259886
vn -0.914186 -0.368762 0.168161
vn -0.965616 -0.006635 0.259890
vn -0.965613 -0.006635 -0.259900
vn -0.914185 -0.368763 -0.168165
vn -0.737264 -0.004346 0.675591
vn -0.737264 0.004346 0.675591
vn -0.965616 0.006635 0.259890
vn -0.184088 -0.000119 0.982910
vn -0.114775 0.018838 0.993213
vn -0.914185 0.368762 0.168168
vn -0.914185 0.368760 -0.168173
vn -0.965613 0.006635 -0.259900
vn -0.368777 0.914174 0.168192
vn -0.006791 0.965613 -0.259896
vn -0.368781 0.914173 -0.168193
vn -0.004448 -0.737212 -0.675647
vn 0.004448 -0.737212 -0.675647
vn -0.002238 -0.183416 -0.983033
vn -0.003569 -0.003487 -0.999988
vn 0.003569 -0.003487 -0.999988
vn 0.002238 -0.183415 -0.983033
vn -0.183410 -0.002186 -0.983034
vn -0.183410 0.002187 -0.983034
vn -0.003569 0.003487 -0.999988
vn -0.737216 -0.004346 -0.675643
vn -0.737216 0.004346 -0.675644
vn -0.002238 0.183416 -0.983033
vn 0.002238 0.183415 -0.983033
vn 0.003569 0.003487 -0.999988
vn -0.004448 0.737198 -0.675662
vn 0.004448 0.737199 -0.675662
vn 0.737216 -0.004346 -0.675643
vn 0.737216 0.004346 -0.675643
vn 0.183400 -0.002186 -0.983036
vn 0.183400 0.002186 -0.983036
vn 0.273543 -0.746703 0.606307
vn 0.746727 -0.273542 0.606278
vn 0.074338 -0.074400 -0.994454
vn 0.746726 0.273544 0.606279
vn 0.273521 0.746709 0.606311
vn 0.039171 0.039205 0.998463
vn -0.746735 -0.273533 0.606273
vn -0.273552 -0.746694 0.606314
vn -0.074338 -0.074404 -0.994454
vn -0.273526 0.746691 0.606330
vn -0.746733 0.273535 0.606274
vn -0.039175 0.039208 0.998463
vn -0.160941 -0.160949 -0.973752
vn -0.273535 -0.746670 -0.606352
vn -0.746715 -0.273526 -0.606301
vn -0.273530 0.746664 -0.606361
vn -0.160929 0.160945 -0.973755
vn -0.746710 0.273517 -0.606310
vn 0.746714 -0.273532 -0.606299
vn 0.273521 -0.746667 -0.606362
vn 0.160921 -0.160937 -0.973757
vn 0.273522 0.746676 -0.606350
vn 0.746709 0.273524 -0.606309
vn 0.160927 0.160934 -0.973757
vn 0.965616 -0.006634 0.259890
vn 0.914198 -0.368728 0.168170
vn 0.914199 -0.368727 -0.168170
vn 0.965613 -0.006634 -0.259900
vn 0.368737 -0.914191 0.168188
vn 0.006791 -0.965618 0.259877
vn 0.006791 -0.965617 -0.259881
vn 0.368736 -0.914191 -0.168191
vn 0.003569 -0.003487 0.999988
vn 0.183400 -0.002186 0.983036
vn 0.183400 0.002186 0.983036
vn 0.003569 0.003487 0.999988
vn 0.737263 -0.004345 0.675591
vn 0.965616 0.006634 0.259890
vn 0.737264 0.004345 0.675591
vn 0.004448 -0.737240 0.675617
vn -0.004448 -0.737239 0.675617
vn -0.006791 -0.965618 0.259877
vn 0.002238 -0.183416 0.983033
vn -0.003569 -0.003487 0.999988
vn -0.002238 -0.183416 0.983033
vn 0.006791 0.965619 0.259872
vn 0.368738 0.914192 0.168184
vn 0.368735 0.914192 -0.168187
vn 0.006791 0.965618 -0.259877
vn 0.914199 0.368728 0.168167
vn 0.965613 0.006634 -0.259900
vn 0.914199 0.368726 -0.168170
vn 0.002238 0.183415 0.983033
vn -0.002238 0.183416 0.983033
vn -0.003569 0.003487 0.999988
vn 0.004448 0.737246 0.675609
vn -0.006791 0.965619 0.259872
vn -0.004449 0.737246 0.675610
vn -0.368763 -0.914181 0.168189
vn -0.368757 -0.914183 -0.168191
vn -0.006791 -0.965617 -0.259882
vn -0.914191 -0.368747 0.168166
vn -0.965616 -0.006635 0.259890
vn -0.965613 -0.006635 -0.259900
vn -0.914191 -0.368747 -0.168168
vn -0.737264 -0.004346 0.675591
vn -0.737264 0.004346 0.675591
vn -0.965616 0.006635 0.259890
vn -0.183410 -0.002186 0.983034
vn -0.183410 0.002186 0.983034
vn -0.914190 0.368750 0.168168
vn -0.914191 0.368746 -0.168169
vn -0.965613 0.006635 -0.259900
vn -0.368764 0.914180 0.168191
vn -0.006791 0.965618 -0.259877
vn -0.368756 0.914183 -0.168190
vn -0.004448 -0.737219 -0.675640
vn 0.004448 -0.737218 -0.675640
vn -0.002238 -0.183416 -0.983033
vn -0.003569 -0.003487 -0.999988
vn 0.003569 -0.003487 -0.999988
vn 0.002238 -0.183416 -0.983033
vn -0.183441 -0.002186 -0.983028
vn -0.183441 0.002186 -0.983028
vn -0.003569 0.003487 -0.999988
vn -0.737216 -0.004346 -0.675644
vn -0.737216 0.004346 -0.675644
vn -0.002238 0.183416 -0.983033
vn 0.002238 0.183416 -0.983033
vn 0.003569 0.003487 -0.999988
vn -0.004448 0.737225 -0.675633
vn 0.004448 0.737225 -0.675632
vn 0.737216 -0.004345 -0.675644
vn 0.737216 0.004345 -0.675643
vn 0.183431 -0.002186 -0.983030
vn 0.183431 0.002186 -0.983030
vn 0.273536 -0.746707 0.606305
vn 0.746727 -0.273515 0.606291
vn 0.160931 -0.160935 0.973756
vn 0.746733 0.273516 0.606282
vn 0.273538 0.746711 0.606300
vn 0.160921 0.160933 0.973758
vn -0.746729 -0.273531 0.606282
vn -0.273559 -0.746687 0.606320
vn -0.160933 -0.160941 0.973755
vn -0.273561 0.746686 0.606321
vn -0.746723 0.273541 0.606284
vn -0.160942 0.160942 0.973753
vn -0.160940 -0.160940 -0.973754
vn -0.273529 -0.746682 -0.606340
vn -0.746709 -0.273523 -0.606309
vn -0.273528 0.746683 -0.606339
vn -0.160934 0.160942 -0.973755
vn -0.746712 0.273518 -0.606308
vn 0.746714 -0.273502 -0.606313
vn 0.273515 -0.746677 -0.606352
vn 0.160924 -0.160936 -0.973757
vn 0.273518 0.746686 -0.606340
vn 0.746716 0.273499 -0.606311
vn 0.160930 0.160934 -0.973757
vn 0.965616 -0.006634 0.259890
vn 0.914198 -0.368728 0.168171
vn 0.914198 -0.368729 -0.168169
vn 0.965613 -0.006634 -0.259900
vn 0.368746 -0.914187 0.168193
vn 0.006791 -0.965618 0.259877
vn 0.006791 -0.965617 -0.259882
vn 0.368739 -0.914190 -0.168192
vn 0.003569 -0.003487 0.999988
vn 0.183400 -0.002186 0.983036
vn 0.183400 0.002186 0.983036
vn 0.003569 0.003487 0.999988
vn 0.737264 -0.004345 0.675591
vn 0.965616 0.006634 0.259890
vn 0.737264 0.004346 0.675591
vn 0.004448 -0.737239 0.675617
vn -0.004448 -0.737239 0.675617
vn -0.006791 -0.965618 0.259877
vn 0.002238 -0.183415 0.983033
vn -0.003569 -0.003487 0.999988
vn -0.002238 -0.183415 0.983033
vn 0.006791 0.965619 0.259872
vn 0.368746 0.914188 0.168187
vn 0.368740 0.914190 -0.168190
vn 0.006791 0.965618 -0.259877
vn 0.914198 0.368731 0.168166
vn 0.965613 0.006634 -0.259900
vn 0.914199 0.368726 -0.168170
vn 0.002238 0.183415 0.983033
vn -0.002238 0.183415 0.983033
vn -0.003569 0.003487 0.999988
vn 0.004448 0.737246 0.675610
vn -0.006791 0.965619 0.259873
vn -0.004449 0.737246 0.675610
vn -0.368748 -0.914189 0.168178
vn -0.368743 -0.914190 -0.168181
vn -0.006791 -0.965617 -0.259882
vn -0.914180 -0.368765 0.168186
vn -0.965615 -0.006635 0.259890
vn -0.965613 -0.006635 -0.259900
vn -0.914182 -0.368761 -0.168189
vn -0.737263 -0.004346 0.675592
vn -0.737263 0.004346 0.675592
vn -0.965615 0.006635 0.259890
vn -0.183400 -0.002186 0.983036
vn -0.183400 0.002186 0.983036
vn -0.914178 0.368770 0.168187
vn -0.914181 0.368764 -0.168187
vn -0.965613 0.006635 -0.259900
vn -0.368748 0.914189 0.168180
vn -0.006791 0.965618 -0.259877
vn -0.368743 0.914190 -0.168181
vn -0.004448 -0.737218 -0.675640
vn 0.004448 -0.737218 -0.675640
vn -0.002238 -0.183415 -0.983033
vn -0.003569 -0.003487 -0.999988
vn 0.003569 -0.003487 -0.999988
vn 0.002238 -0.183415 -0.983033
vn -0.183431 -0.002186 -0.983030
vn -0.183431 0.002186 -0.983030
vn -0.003569 0.003487 -0.999988
vn -0.737215 -0.004346 -0.675644
vn -0.737215 0.004346 -0.675644
vn -0.002238 0.183415 -0.983033
vn 0.002238 0.183415 -0.983033
vn 0.003569 0.003487 -0.999988
vn -0.004448 0.737225 -0.675633
vn 0.004448 0.737225 -0.675633
vn 0.737216 -0.004345 -0.675644
vn 0.737216 0.004345 -0.675644
vn 0.183431 -0.002186 -0.983030
vn 0.183431 0.002186 -0.983030
vn 0.273544 -0.746691 0.606322
vn 0.746727 -0.273515 0.606291
vn 0.160931 -0.160943 0.973755
vn 0.746731 0.273526 0.606281
vn 0.273544 0.746699 0.606313
vn 0.160921 0.160941 0.973757
vn -0.746699 -0.273540 0.606314
vn -0.273543 -0.746697 0.606315
vn -0.160927 -0.160947 0.973755
vn -0.273546 0.746697 0.606313
vn -0.746691 0.273556 0.606316
vn -0.160935 0.160947 0.973753
vn -0.160935 -0.160947 -0.973753
vn -0.273520 -0.746682 -0.606344
vn -0.746683 -0.273514 -0.606345
vn -0.273517 0.746680 -0.606348
vn -0.160929 0.160948 -0.973754
vn -0.746682 0.273527 -0.606341
vn 0.746712 -0.273511 -0.606311
vn 0.273510 -0.746689 -0.606340
vn 0.160924 -0.160943 -0.973756
vn 0.273514 0.746694 -0.606332
vn 0.746716 0.273499 -0.606311
vn 0.160930 0.160941 -0.973755
vn 0.965616 -0.006634 0.259890
vn 0.914193 -0.368741 0.168169
vn 0.914195 -0.368737 -0.168169
vn 0.965613 -0.006635 -0.259900
vn 0.368746 -0.914187 0.168193
vn 0.006791 -0.965618 0.259877
vn 0.006791 -0.965617 -0.259882
vn 0.368739 -0.914190 -0.168192
vn 0.003569 -0.003487 0.999988
vn 0.183400 -0.002186 0.983036
vn 0.183400 0.002186 0.983036
vn 0.003569 0.003487 0.999988
vn 0.737264 -0.004346 0.675591
vn 0.965616 0.006634 0.259890
vn 0.737264 0.004346 0.675591
vn 0.004448 -0.737240 0.675617
vn -0.004448 -0.737239 0.675617
vn -0.006791 -0.965618 0.259877
vn 0.002238 -0.183416 0.983033
vn -0.003569 -0.003487 0.999988
vn -0.002238 -0.183416 0.983033
vn 0.006791 0.965619 0.259872
vn 0.368746 0.914188 0.168187
vn 0.368740 0.914190 -0.168190
vn 0.006791 0.965618 -0.259877
vn 0.914195 0.368739 0.168166
vn 0.965613 0.006635 -0.259900
vn 0.914194 0.368739 -0.168168
vn 0.002238 0.183416 0.983033
vn -0.002238 0.183416 0.983033
vn -0.003569 0.003487 0.999988
vn 0.004448 0.737246 0.675609
vn -0.006791 0.965619 0.259872
vn -0.004448 0.737246 0.675610
vn -0.368766 -0.914179 0.168191
vn -0.368758 -0.914182 -0.168191
vn -0.006791 -0.965617 -0.259882
vn -0.914187 -0.368759 0.168165
vn -0.965616 -0.006635 0.259890
vn -0.965613 -0.006635 -0.259900
vn -0.914182 -0.368769 -0.168167
vn -0.737264 -0.004345 0.675591
vn -0.737264 0.004345 0.675591
vn -0.965616 0.006635 0.259890
vn -0.183410 -0.002186 0.983034
vn -0.183410 0.002186 0.983034
vn -0.914186 0.368758 0.168168
vn -0.914182 0.368770 -0.168166
vn -0.965613 0.006635 -0.259900
vn -0.368765 0.914180 0.168190
vn -0.006791 0.965618 -0.259877
vn -0.368759 0.914182 -0.168192
vn -0.004448 -0.737218 -0.675640
vn 0.004448 -0.737218 -0.675640
vn -0.002238 -0.183416 -0.983033
vn -0.003569 -0.003487 -0.999988
vn 0.003569 -0.003487 -0.999988
vn 0.002238 -0.183416 -0.983033
vn -0.183441 -0.002186 -0.983028
vn -0.183441 0.002186 -0.983028
vn -0.003569 0.003487 -0.999988
vn -0.737216 -0.004346 -0.675644
vn -0.737216 0.004346 -0.675643
vn -0.002238 0.183416 -0.983033
vn 0.002238 0.183416 -0.983033
vn 0.003569 0.003487 -0.999988
vn -0.004448 0.737225 -0.675633
vn 0.004448 0.737225 -0.675633
vn 0.737216 -0.004346 -0.675644
vn 0.737216 0.004346 -0.675644
vn 0.183431 -0.002186 -0.983030
vn 0.183431 0.002186 -0.983030
vn 0.273544 -0.746691 0.606322
vn 0.746716 -0.273565 0.606282
vn 0.160931 -0.160939 0.973755
vn 0.746725 0.273557 0.606275
vn 0.273544 0.746699 0.606313
vn 0.160921 0.160937 0.973757
vn -0.746731 -0.273519 0.606284
vn -0.273565 -0.746675 0.606332
vn -0.160933 -0.160941 0.973755
vn -0.273564 0.746680 0.606327
vn -0.746728 0.273516 0.606289
vn -0.160942 0.160942 0.973753
vn -0.160940 -0.160940 -0.973754
vn -0.273532 -0.746676 -0.606346
vn -0.746703 -0.273548 -0.606305
vn -0.273533 0.746672 -0.606351
vn -0.160934 0.160942 -0.973755
vn -0.746704 0.273555 -0.606301
vn 0.746705 -0.273542 -0.606306
vn 0.273510 -0.746689 -0.606340
vn 0.160924 -0.160940 -0.973757
vn 0.273514 0.746694 -0.606332
vn 0.746705 0.273549 -0.606303
vn 0.160930 0.160938 -0.973756
vn 0.965616 -0.006635 0.259889
vn 0.914190 -0.368760 0.168146
vn 0.914191 -0.368758 -0.168147
vn 0.965613 -0.006635 -0.259900
vn 0.368742 -0.914186 0.168204
vn 0.006791 -0.965619 0.259873
vn 0.006791 -0.965618 -0.259877
vn 0.368735 -0.914189 -0.168203
vn 0.003569 -0.003487 0.999988
vn 0.183400 -0.002186 0.983036
vn 0.183400 0.002186 0.983036
vn 0.003569 0.003487 0.999988
vn 0.737264 -0.004345 0.675591
vn 0.965616 0.006635 0.259889
vn 0.737264 0.004345 0.675591
vn 0.004448 -0.737246 0.675610
vn -0.004448 -0.737246 0.675610
vn -0.006791 -0.965619 0.259873
vn 0.002238 -0.183415 0.983033
vn -0.003569 -0.003487 0.999988
vn -0.002238 -0.183415 0.983033
vn 0.006791 0.965619 0.259872
vn 0.368743 0.914187 0.168197
vn 0.368735 0.914190 -0.168198
vn 0.006791 0.965618 -0.259877
vn 0.914192 0.368759 0.168136
vn 0.965613 0.006635 -0.259899
vn 0.914192 0.368758 -0.168138
vn 0.002238 0.183415 0.983033
vn -0.002238 0.183416 0.983033
vn -0.003569 0.003487 0.999988
vn 0.004448 0.737246 0.675610
vn -0.006791 0.965619 0.259873
vn -0.004449 0.737246 0.675610
vn -0.368750 -0.914187 0.168184
vn -0.368741 -0.914190 -0.168188
vn -0.006791 -0.965618 -0.259877
vn -0.914194 -0.368731 0.168187
vn -0.965616 -0.006634 0.259890
vn -0.965613 -0.006635 -0.259900
vn -0.914191 -0.368737 -0.168189
vn -0.737263 -0.004346 0.675592
vn -0.737263 0.004346 0.675592
vn -0.965616 0.006634 0.259890
vn -0.183400 -0.002186 0.983036
vn -0.183400 0.002186 0.983036
vn -0.914193 0.368734 0.168185
vn -0.914192 0.368736 -0.168185
vn -0.965613 0.006635 -0.259900
vn -0.368751 0.914186 0.168188
vn -0.006791 0.965618 -0.259877
vn -0.368740 0.914191 -0.168183
vn -0.004448 -0.737224 -0.675633
vn 0.004448 -0.737225 -0.675633
vn -0.002238 -0.183415 -0.983033
vn -0.003569 -0.003487 -0.999988
vn 0.003569 -0.003487 -0.999988
vn 0.002238 -0.183415 -0.983033
vn -0.183431 -0.002186 -0.983030
vn -0.183431 0.002186 -0.983030
vn -0.003569 0.003487 -0.999988
vn -0.737215 -0.004346 -0.675644
vn -0.737215 0.004346 -0.675644
vn -0.002238 0.183416 -0.983033
vn 0.002238 0.183415 -0.983033
vn 0.003569 0.003487 -0.999988
vn -0.004448 0.737224 -0.675633
vn 0.004448 0.737225 -0.675633
vn 0.737216 -0.004345 -0.675643
vn 0.737216 0.004345 -0.675643
vn 0.183430 -0.002186 -0.983030
vn 0.183431 0.002186 -0.983030
vn 0.273535 -0.746700 0.606315
vn 0.746754 -0.273525 0.606253
vn 0.160923 -0.160931 0.973758
vn 0.746772 0.273527 0.606230
vn 0.273538 0.746709 0.606302
vn 0.160919 0.160935 0.973758
vn -0.746704 -0.273522 0.606315
vn -0.273546 -0.746676 0.606339
vn -0.160926 -0.160938 0.973756
vn -0.273548 0.746670 0.606346
vn -0.746706 0.273535 0.606308
vn -0.160938 0.160942 0.973754
vn -0.160935 -0.160939 -0.973755
vn -0.273511 -0.746678 -0.606352
vn -0.746679 -0.273539 -0.606339
vn -0.273509 0.746687 -0.606342
vn -0.160931 0.160943 -0.973755
vn -0.746690 0.273537 -0.606327
vn 0.746742 -0.273509 -0.606275
vn 0.273504 -0.746699 -0.606330
vn 0.160916 -0.160932 -0.973759
vn 0.273507 0.746708 -0.606317
vn 0.746754 0.273513 -0.606258
vn 0.160926 0.160934 -0.973757
vn 0.965614 -0.006635 0.259894
vn 0.914183 -0.368769 0.168167
vn 0.914184 -0.368762 -0.168171
vn 0.965613 -0.006635 -0.259900
vn 0.368763 -0.914179 0.168199
vn 0.006791 -0.965614 0.259892
vn 0.006791 -0.965613 -0.259896
vn 0.368764 -0.914179 -0.168194
vn 0.003569 -0.003487 0.999988
vn 0.183400 -0.002186 0.983036
vn 0.183400 0.002186 0.983036
vn 0.003569 0.003487 0.999988
vn 0.737264 -0.004346 0.675591
vn 0.965614 0.006635 0.259894
vn 0.737264 0.004346 0.675591
vn 0.004448 -0.737219 0.675639
vn -0.004448 -0.737219 0.675639
vn -0.006791 -0.965614 0.259892
vn 0.002238 -0.183415 0.983033
vn -0.003569 -0.003487 0.999988
vn -0.002238 -0.183415 0.983033
vn 0.006791 0.965614 0.259892
vn 0.368762 0.914180 0.168195
vn 0.368765 0.914178 -0.168202
vn 0.006791 0.965613 -0.259896
vn 0.914182 0.368770 0.168169
vn 0.965613 0.006635 -0.259900
vn 0.914185 0.368762 -0.168170
vn 0.002238 0.183415 0.983033
vn -0.002238 0.183415 0.983033
vn -0.003569 0.003487 0.999988
vn 0.004448 0.737219 0.675639
vn -0.006791 0.965614 0.259892
vn -0.004448 0.737219 0.675639
vn -0.368769 -0.914181 0.168174
vn -0.368768 -0.914181 -0.168177
vn -0.006791 -0.965613 -0.259896
vn -0.914192 -0.368731 0.168196
vn -0.965614 -0.006634 0.259895
vn -0.965613 -0.006634 -0.259900
vn -0.914192 -0.368730 -0.168198
vn -0.737264 -0.004346 0.675591
vn -0.737264 0.004346 0.675591
vn -0.965614 0.006634 0.259895
vn -0.183400 -0.002186 0.983036
vn -0.183400 0.002186 0.983036
vn -0.914193 0.368730 0.168193
vn -0.914192 0.368730 -0.168198
vn -0.965613 0.006634 -0.259900
vn -0.368769 0.914181 0.168177
vn -0.006791 0.965613 -0.259896
vn -0.368768 0.914181 -0.168177
vn -0.004448 -0.737198 -0.675662
vn 0.004448 -0.737198 -0.675662
vn -0.002238 -0.183415 -0.983033
vn -0.003569 -0.003487 -0.999988
vn 0.003569 -0.003487 -0.999988
vn 0.002238 -0.183415 -0.983033
vn -0.183400 -0.002186 -0.983036
vn -0.183400 0.002186 -0.983036
vn -0.003569 0.003487 -0.999988
vn -0.737239 -0.004346 -0.675618
vn -0.737239 0.004346 -0.675618
vn -0.002238 0.183415 -0.983033
vn 0.002238 0.183415 -0.983033
vn 0.003569 0.003487 -0.999988
vn -0.004448 0.737198 -0.675662
vn 0.004448 0.737198 -0.675662
vn 0.737240 -0.004346 -0.675617
vn 0.737240 0.004346 -0.675617
vn 0.183400 -0.002186 -0.983036
vn 0.183400 0.002186 -0.983036
vn 0.273513 -0.746675 0.606355
vn 0.746731 -0.273560 0.606266
vn 0.160929 -0.160937 0.973756
vn 0.746725 0.273563 0.606272
vn 0.273513 0.746687 0.606340
vn 0.160924 0.160940 0.973757
vn -0.746700 -0.273527 0.606319
vn -0.273533 -0.746688 0.606331
vn -0.160924 -0.160947 0.973755
vn -0.273531 0.746682 0.606339
vn -0.746706 0.273525 0.606312
vn -0.160933 0.160948 0.973754
vn -0.160931 -0.160947 -0.973754
vn -0.273524 -0.746673 -0.606353
vn -0.746682 -0.273513 -0.606347
vn -0.273524 0.746673 -0.606354
vn -0.160924 0.160947 -0.973755
vn -0.746682 0.273513 -0.606347
vn 0.746712 -0.273525 -0.606305
vn 0.273514 -0.746673 -0.606358
vn 0.160919 -0.160935 -0.973758
vn 0.273512 0.746655 -0.606381
vn 0.746712 0.273525 -0.606305
vn 0.160930 0.160938 -0.973756
vn 0.965614 -0.006634 0.259894
vn 0.914197 -0.368732 0.168169
vn 0.914198 -0.368729 -0.168173
vn 0.965613 -0.006634 -0.259900
vn 0.368748 -0.914186 0.168191
vn 0.006791 -0.965614 0.259892
vn 0.006791 -0.965613 -0.259896
vn 0.368750 -0.914186 -0.168188
vn 0.003569 -0.003487 0.999988
vn 0.183400 -0.002186 0.983036
vn 0.183400 0.002186 0.983036
vn 0.003569 0.003487 0.999988
vn 0.737264 -0.004346 0.675591
vn 0.965614 0.006634 0.259894
vn 0.737264 0.004346 0.675591
vn 0.004448 -0.737219 0.675639
vn -0.004448 -0.737220 0.675639
vn -0.006791 -0.965614 0.259891
vn 0.002238 -0.183415 0.983033
vn -0.003569 -0.003487 0.999988
vn -0.002238 -0.183415 0.983033
vn 0.006791 0.965614 0.259892
vn 0.368748 0.914187 0.168189
vn 0.368750 0.914185 -0.168195
vn 0.006791 0.965613 -0.259896
vn 0.914197 0.368730 0.168172
vn 0.965613 0.006634 -0.259900
vn 0.914199 0.368726 -0.168173
vn 0.002238 0.183415 0.983033
vn -0.002238 0.183415 0.983033
vn -0.003569 0.003487 0.999988
vn 0.004448 0.737219 0.675639
vn -0.006791 0.965614 0.259891
vn -0.004448 0.737220 0.675638
vn -0.368766 -0.914182 0.168176
vn -0.368768 -0.914180 -0.168181
vn -0.006791 -0.965613 -0.259896
vn -0.914192 -0.368735 0.168186
vn -0.965614 -0.006635 0.259895
vn -0.965613 -0.006634 -0.259900
vn -0.914194 -0.368731 -0.168187
vn -0.737264 -0.004346 0.675591
vn -0.737264 0.004346 0.675591
vn -0.965614 0.006635 0.259895
vn -0.183405 -0.002186 0.983035
vn -0.183405 0.002186 0.983035
vn -0.914193 0.368738 0.168179
vn -0.914193 0.368734 -0.168182
vn -0.965613 0.006634 -0.259900
vn -0.368766 0.914183 0.168169
vn -0.006791 0.965613 -0.259896
vn -0.368768 0.914181 -0.168174
vn -0.004448 -0.737198 -0.675662
vn 0.004448 -0.737198 -0.675662
vn -0.002238 -0.183415 -0.983033
vn -0.003569 -0.003487 -0.999988
vn 0.003569 -0.003487 -0.999988
vn 0.002238 -0.183415 -0.983033
vn -0.183405 -0.002186 -0.983035
vn -0.183405 0.002186 -0.983035
vn -0.003569 0.003487 -0.999988
vn -0.737240 -0.004346 -0.675617
vn -0.737240 0.004346 -0.675617
vn -0.002238 0.183415 -0.983033
vn 0.002238 0.183415 -0.983033
vn 0.003569 0.003487 -0.999988
vn -0.004448 0.737198 -0.675662
vn 0.004448 0.737198 -0.675662
vn 0.737240 -0.004345 -0.675617
vn 0.737240 0.004345 -0.675617
vn 0.183400 -0.002186 -0.983036
vn 0.183400 0.002186 -0.983036
vn 0.273507 -0.746690 0.606340
vn 0.746736 -0.273536 0.606270
vn 0.160929 -0.160933 0.973757
vn 0.746733 0.273526 0.606278
vn 0.273508 0.746699 0.606328
vn 0.160924 0.160936 0.973757
vn -0.746709 -0.273544 0.606299
vn -0.273530 -0.746706 0.606310
vn -0.160924 -0.160932 0.973758
vn -0.273534 0.746718 0.606293
vn -0.746719 0.273556 0.606283
vn -0.160932 0.160932 0.973757
vn -0.160933 -0.160933 -0.973756
vn -0.273524 -0.746673 -0.606353
vn -0.746694 -0.273518 -0.606330
vn -0.273528 0.746685 -0.606336
vn -0.160924 0.160932 -0.973758
vn -0.746697 0.273533 -0.606320
vn 0.746715 -0.273512 -0.606307
vn 0.273508 -0.746684 -0.606346
vn 0.160919 -0.160931 -0.973759
vn 0.273505 0.746669 -0.606366
vn 0.746717 0.273500 -0.606309
vn 0.160930 0.160934 -0.973756
vn 0.961947 -0.006952 0.273148
vn 0.905495 -0.385245 0.177948
vn 0.905495 -0.385242 -0.177952
vn 0.961945 -0.006952 -0.273154
vn 0.352205 -0.920980 0.166575
vn 0.006447 -0.965610 0.259917
vn 0.006447 -0.965608 -0.259921
vn 0.352205 -0.920980 -0.166574
vn 0.003382 -0.003487 0.999988
vn 0.174097 -0.002170 0.984726
vn 0.174097 0.002170 0.984726
vn 0.003382 0.003487 0.999988
vn 0.718915 -0.004510 0.695084
vn 0.961947 0.006952 0.273148
vn 0.718915 0.004510 0.695084
vn 0.004206 -0.737209 0.675652
vn -0.004206 -0.737209 0.675652
vn -0.006447 -0.965610 0.259917
vn 0.002136 -0.183414 0.983033
vn -0.003382 -0.003487 0.999988
vn -0.002136 -0.183414 0.983033
vn 0.006447 0.965610 0.259916
vn 0.352205 0.920983 0.166562
vn 0.352206 0.920982 -0.166564
vn 0.006447 0.965608 -0.259921
vn 0.905494 0.385246 0.177950
vn 0.961945 0.006952 -0.273154
vn 0.905495 0.385242 -0.177954
vn 0.002136 0.183414 0.983033
vn -0.002136 0.183414 0.983033
vn -0.003382 0.003487 0.999988
vn 0.004206 0.737209 0.675651
vn -0.006447 0.965610 0.259916
vn -0.004206 0.737209 0.675651
vn -0.352237 -0.920966 0.166584
vn -0.352239 -0.920965 -0.166588
vn -0.006447 -0.965608 -0.259921
vn -0.905482 -0.385277 0.177945
vn -0.961938 -0.006953 0.273181
vn -0.961936 -0.006953 -0.273186
vn -0.905482 -0.385275 -0.177947
vn -0.718870 -0.004509 0.695130
vn -0.718870 0.004509 0.695130
vn -0.961938 0.006953 0.273181
vn -0.174115 -0.002170 0.984723
vn -0.174115 0.002170 0.984723
vn -0.905484 0.385275 0.177939
vn -0.905482 0.385276 -0.177944
vn -0.961936 0.006953 -0.273186
vn -0.352238 0.920968 0.166575
vn -0.006447 0.965608 -0.259921
vn -0.352240 0.920967 -0.166576
vn -0.004206 -0.737188 -0.675675
vn 0.004206 -0.737188 -0.675675
vn -0.002136 -0.183414 -0.983033
vn -0.003382 -0.003487 -0.999988
vn 0.003382 -0.003487 -0.999988
vn 0.002136 -0.183414 -0.983033
vn -0.174115 -0.002170 -0.984723
vn -0.174115 0.002170 -0.984723
vn -0.003382 0.003487 -0.999988
vn -0.718845 -0.004509 -0.695156
vn -0.718845 0.004509 -0.695156
vn -0.002136 0.183414 -0.983033
vn 0.002136 0.183414 -0.983033
vn 0.003382 0.003487 -0.999988
vn -0.004206 0.737188 -0.675674
vn 0.004206 0.737188 -0.675674
vn 0.718890 -0.004509 -0.695110
vn 0.718890 0.004509 -0.695110
vn 0.174097 -0.002170 -0.984726
vn 0.174097 0.002170 -0.984726
vn 0.260185 -0.749550 0.608669
vn 0.728675 -0.281642 0.624268
vn 0.152702 -0.161150 0.975045
vn 0.728669 0.281645 0.624274
vn 0.260189 0.749571 0.608642
vn 0.152697 0.161153 0.975045
vn -0.728667 -0.281651 0.624273
vn -0.260210 -0.749555 0.608653
vn -0.152711 -0.161145 0.975045
vn -0.260214 0.749566 0.608637
vn -0.728681 0.281645 0.624260
vn -0.152715 0.161141 0.975045
vn -0.152718 -0.161145 -0.975043
vn -0.260204 -0.749523 -0.608694
vn -0.728649 -0.281632 -0.624303
vn -0.260212 0.749546 -0.608662
vn -0.152706 0.161140 -0.975046
vn -0.728654 0.281640 -0.624293
vn 0.728652 -0.281620 -0.624305
vn 0.260179 -0.749539 -0.608686
vn 0.152697 -0.161152 -0.975045
vn 0.260188 0.749559 -0.608657
vn 0.728652 0.281620 -0.624305
vn 0.152703 0.161151 -0.975045
vn 0.965616 -0.006634 0.259890
vn 0.914196 -0.368735 0.168167
vn 0.914198 -0.368730 -0.168166
vn 0.965613 -0.006634 -0.259900
vn 0.368739 -0.914191 0.168187
vn 0.006791 -0.965617 0.259882
vn 0.006791 -0.965615 -0.259886
vn 0.368736 -0.914192 -0.168188
vn 0.000492 -0.003885 0.999992
vn 0.184078 -0.000119 0.982912
vn 0.114769 0.018837 0.993214
vn 0.005947 0.003096 0.999978
vn 0.737264 -0.004346 0.675591
vn 0.965616 0.006634 0.259890
vn 0.737264 0.004346 0.675591
vn 0.004448 -0.737233 0.675624
vn -0.004448 -0.737233 0.675624
vn -0.006791 -0.965617 0.259882
vn 0.000704 -0.044334 -0.999017
vn -0.000491 -0.003885 0.999992
vn -0.000704 -0.044334 -0.999017
vn 0.006791 0.965614 0.259891
vn 0.368754 0.914186 0.168178
vn 0.368759 0.914183 -0.168185
vn 0.006791 0.965613 -0.259896
vn 0.914196 0.368731 0.168175
vn 0.965613 0.006634 -0.259900
vn 0.914196 0.368732 -0.168174
vn 0.000361 0.030026 0.999549
vn -0.000361 0.030026 0.999549
vn -0.005947 0.003096 0.999978
vn 0.004448 0.737220 0.675638
vn -0.006791 0.965614 0.259892
vn -0.004448 0.737219 0.675639
vn -0.368763 -0.914180 0.168192
vn -0.368758 -0.914182 -0.168191
vn -0.006791 -0.965615 -0.259886
vn -0.914194 -0.368743 0.168162
vn -0.965616 -0.006634 0.259890
vn -0.965613 -0.006635 -0.259900
vn -0.914191 -0.368748 -0.168166
vn -0.737264 -0.004345 0.675591
vn -0.737264 0.004345 0.675591
vn -0.965616 0.006634 0.259890
vn -0.184088 -0.000119 0.982910
vn -0.114775 0.018837 0.993213
vn -0.914193 0.368741 0.168170
vn -0.914190 0.368747 -0.168174
vn -0.965613 0.006635 -0.259900
vn -0.368779 0.914174 0.168192
vn -0.006791 0.965613 -0.259896
vn -0.368781 0.914173 -0.168194
vn -0.004448 -0.737212 -0.675647
vn 0.004448 -0.737212 -0.675647
vn -0.002238 -0.183416 -0.983033
vn -0.003569 -0.003487 -0.999988
vn 0.003569 -0.003487 -0.999988
vn 0.002238 -0.183416 -0.983033
vn -0.183410 -0.002186 -0.983034
vn -0.183410 0.002186 -0.983034
vn -0.003569 0.003487 -0.999988
vn -0.737216 -0.004346 -0.675643
vn -0.737216 0.004346 -0.675644
vn -0.002238 0.183416 -0.983033
vn 0.002238 0.183416 -0.983033
vn 0.003569 0.003487 -0.999988
vn -0.004448 0.737198 -0.675662
vn 0.004448 0.737199 -0.675662
vn 0.737216 -0.004346 -0.675643
vn 0.737216 0.004346 -0.675643
vn 0.183400 -0.002186 -0.983036
vn 0.183400 0.002186 -0.983036
vn 0.273541 -0.746708 0.606303
vn 0.746727 -0.273542 0.606278
vn 0.074338 -0.074402 -0.994454
vn 0.746729 0.273528 0.606282
vn 0.273515 0.746721 0.606298
vn 0.039171 0.039206 0.998463
vn -0.746739 -0.273515 0.606276
vn -0.273558 -0.746683 0.606326
vn -0.074338 -0.074398 -0.994454
vn -0.273529 0.746685 0.606336
vn -0.746739 0.273510 0.606279
vn -0.039175 0.039205 0.998463
vn -0.160941 -0.160937 -0.973754
vn -0.273532 -0.746676 -0.606346
vn -0.746715 -0.273526 -0.606301
vn -0.273530 0.746664 -0.606361
vn -0.160929 0.160933 -0.973757
vn -0.746709 0.273524 -0.606309
vn 0.746717 -0.273516 -0.606302
vn 0.273516 -0.746679 -0.606350
vn 0.160921 -0.160941 -0.973757
vn 0.273520 0.746680 -0.606346
vn 0.746709 0.273524 -0.606309
vn 0.160926 0.160938 -0.973756
vn 0.999850 -0.007670 0.015552
vn 0.924302 -0.381538 0.009761
vn 0.924302 -0.381538 -0.009761
vn 0.999850 -0.007670 -0.015552
vn 0.381568 -0.924289 0.009761
vn 0.007851 -0.999848 0.015552
vn 0.007851 -0.999848 -0.015552
vn 0.381568 -0.924289 -0.009761
vn 0.007903 -0.007721 0.999939
vn 0.382135 -0.004823 0.924094
vn 0.382135 0.004822 0.924094
vn 0.007903 0.007721 0.999939
vn 0.924104 -0.004821 0.382110
vn 0.999850 0.007670 0.015552
vn 0.924104 0.004821 0.382110
vn 0.004936 -0.924094 0.382134
vn -0.004936 -0.924094 0.382134
vn -0.007851 -0.999848 0.015552
vn 0.004936 -0.382130 0.924096
vn -0.007903 -0.007721 0.999939
vn -0.004936 -0.382129 0.924096
vn 0.007851 0.999848 0.015552
vn 0.381568 0.924289 0.009761
vn 0.381568 0.924289 -0.009761
vn 0.007851 0.999848 -0.015552
vn 0.924302 0.381538 0.009761
vn 0.999850 0.007670 -0.015552
vn 0.924302 0.381538 -0.009761
vn 0.004936 0.382130 0.924096
vn -0.004936 0.382129 0.924096
vn -0.007903 0.007721 0.999939
vn 0.004936 0.924094 0.382134
vn -0.007851 0.999848 0.015552
vn -0.004936 0.924094 0.382133
vn -0.381574 -0.924287 0.009762
vn -0.381574 -0.924287 -0.009761
vn -0.007851 -0.999848 -0.015552
vn -0.924291 -0.381565 0.009762
vn -0.999850 -0.007670 0.015554
vn -0.999850 -0.007670 -0.015554
vn -0.924290 -0.381565 -0.009762
vn -0.924091 -0.004822 0.382143
vn -0.924091 0.004822 0.382143
vn -0.999850 0.007670 0.015554
vn -0.382145 -0.004822 0.924090
vn -0.382145 0.004822 0.924090
vn -0.924291 0.381565 0.009761
vn -0.924290 0.381565 -0.009761
vn -0.999850 0.007670 -0.015554
vn -0.381574 0.924287 0.009760
vn -0.007851 0.999848 -0.015552
vn -0.381574 0.924287 -0.009760
vn -0.004936 -0.924094 -0.382134
vn 0.004936 -0.924094 -0.382134
vn -0.004936 -0.382129 -0.924096
vn -0.007903 -0.007721 -0.999939
vn 0.007903 -0.007721 -0.999939
vn 0.004936 -0.382130 -0.924096
vn -0.382145 -0.004822 -0.924090
vn -0.382145 0.004822 -0.924090
vn -0.007903 0.007721 -0.999939
vn -0.924090 -0.004822 -0.382143
vn -0.924091 0.004822 -0.382143
vn -0.004936 0.382129 -0.924096
vn 0.004936 0.382130 -0.924096
vn 0.007903 0.007721 -0.999939
vn -0.004936 0.924094 -0.382133
vn 0.004936 0.924094 -0.382134
vn 0.924104 -0.004821 -0.382110
vn 0.924104 0.004821 -0.382110
vn 0.382136 -0.004822 -0.924094
vn 0.382136 0.004823 -0.924094
vn 0.325242 -0.887931 0.325264
vn 0.887948 -0.325204 0.325254
vn 0.325236 -0.325275 0.887929
vn 0.887949 0.325207 0.325250
vn 0.325244 0.887932 0.325258
vn 0.325249 0.325274 0.887925
vn -0.887920 -0.325261 0.325275
vn -0.325255 -0.887919 0.325284
vn -0.325259 -0.325263 0.887925
vn -0.325258 0.887930 0.325251
vn -0.887926 0.325267 0.325253
vn -0.325248 0.325266 0.887928
vn -0.325272 -0.325261 -0.887921
vn -0.325261 -0.887920 -0.325275
vn -0.887915 -0.325271 -0.325278
vn -0.325266 0.887929 -0.325244
vn -0.325272 0.325261 -0.887921
vn -0.887920 0.325271 -0.325264
vn 0.887941 -0.325214 -0.325264
vn 0.325249 -0.887926 -0.325270
vn 0.325261 -0.325272 -0.887921
vn 0.325249 0.887929 -0.325263
vn 0.887946 0.325211 -0.325254
vn 0.325263 0.325274 -0.887919
vn 0.999850 -0.007670 0.015553
vn 0.924296 -0.381552 0.009761
vn 0.924296 -0.381552 -0.009761
vn 0.999850 -0.007670 -0.015553
vn 0.381568 -0.924289 0.009761
vn 0.007041 -0.999854 0.015563
vn 0.007041 -0.999854 -0.015563
vn 0.381569 -0.924289 -0.009761
vn 0.007088 -0.007726 0.999945
vn 0.382135 -0.004822 0.924094
vn 0.382135 0.004822 0.924094
vn 0.007088 0.007726 0.999945
vn 0.924100 -0.004822 0.382121
vn 0.999850 0.007670 0.015553
vn 0.924100 0.004822 0.382121
vn 0.004425 -0.924064 0.382212
vn -0.004425 -0.924064 0.382212
vn -0.007041 -0.999854 0.015563
vn 0.004425 -0.382203 0.924068
vn -0.007088 -0.007726 0.999945
vn -0.004425 -0.382203 0.924068
vn 0.007041 0.999854 0.015562
vn 0.381568 0.924289 0.009761
vn 0.381569 0.924289 -0.009761
vn 0.007041 0.999854 -0.015562
vn 0.924296 0.381552 0.009761
vn 0.999850 0.007670 -0.015553
vn 0.924296 0.381552 -0.009760
vn 0.004425 0.382193 0.924072
vn -0.004424 0.382193 0.924072
vn -0.007088 0.007726 0.999945
vn 0.004425 0.924074 0.382189
vn -0.007041 0.999854 0.015562
vn -0.004425 0.924074 0.382188
vn -0.381574 -0.924287 0.009762
vn -0.381574 -0.924287 -0.009761
vn -0.007041 -0.999854 -0.015563
vn -0.924291 -0.381565 0.009761
vn -0.999850 -0.007670 0.015554
vn -0.999850 -0.007670 -0.015554
vn -0.924291 -0.381565 -0.009761
vn -0.924095 -0.004822 0.382132
vn -0.924095 0.004822 0.382132
vn -0.999850 0.007670 0.015554
vn -0.382145 -0.004823 0.924090
vn -0.382145 0.004823 0.924090
vn -0.924291 0.381565 0.009761
vn -0.924290 0.381565 -0.009761
vn -0.999850 0.007670 -0.015554
vn -0.381574 0.924287 0.009760
vn -0.007041 0.999854 -0.015562
vn -0.381574 0.924287 -0.009760
vn -0.004425 -0.924064 -0.382212
vn 0.004425 -0.924064 -0.382212
vn -0.004425 -0.382203 -0.924068
vn -0.007088 -0.007726 -0.999945
vn 0.007088 -0.007726 -0.999945
vn 0.004425 -0.382203 -0.924068
vn -0.382145 -0.004823 -0.924090
vn -0.382145 0.004823 -0.924090
vn -0.007088 0.007726 -0.999945
vn -0.924095 -0.004822 -0.382132
vn -0.924095 0.004822 -0.382132
vn -0.004425 0.382193 -0.924072
vn 0.004425 0.382193 -0.924072
vn 0.007088 0.007726 -0.999945
vn -0.004425 0.924074 -0.382188
vn 0.004425 0.924074 -0.382189
vn 0.924100 -0.004822 -0.382121
vn 0.924100 0.004822 -0.382121
vn 0.382136 -0.004822 -0.924094
vn 0.382136 0.004822 -0.924094
vn 0.325246 -0.887928 0.325268
vn 0.887932 -0.325255 0.325248
vn 0.325236 -0.325272 0.887930
vn 0.887931 0.325261 0.325243
vn 0.325248 0.887929 0.325263
vn 0.325249 0.325270 0.887926
vn -0.887925 -0.325259 0.325263
vn -0.325251 -0.887922 0.325279
vn -0.325257 -0.325282 0.887919
vn -0.325255 0.887932 0.325247
vn -0.887930 0.325254 0.325254
vn -0.325246 0.325286 0.887921
vn -0.325270 -0.325280 -0.887915
vn -0.325258 -0.887922 -0.325272
vn -0.887923 -0.325260 -0.325267
vn -0.325262 0.887932 -0.325240
vn -0.325270 0.325280 -0.887915
vn -0.887921 0.325268 -0.325264
vn 0.887923 -0.325269 -0.325258
vn 0.325253 -0.887923 -0.325275
vn 0.325262 -0.325269 -0.887922
vn 0.325253 0.887926 -0.325267
vn 0.887929 0.325262 -0.325248
vn 0.325264 0.325271 -0.887920
vn 0.999850 -0.007670 0.015553
vn 0.924296 -0.381552 0.009761
vn 0.924296 -0.381552 -0.009761
vn 0.999850 -0.007670 -0.015553
vn 0.381557 -0.924294 0.009761
vn 0.007041 -0.999854 0.015562
vn 0.007041 -0.999854 -0.015562
vn 0.381558 -0.924294 -0.009762
vn 0.007088 -0.007726 0.999945
vn 0.382135 -0.004822 0.924094
vn 0.382136 0.004822 0.924094
vn 0.007088 0.007726 0.999945
vn 0.924100 -0.004822 0.382121
vn 0.999850 0.007670 0.015553
vn 0.924100 0.004822 0.382121
vn 0.004424 -0.924074 0.382189
vn -0.004425 -0.924074 0.382189
vn -0.007041 -0.999854 0.015562
vn 0.004424 -0.382198 0.924070
vn -0.007088 -0.007726 0.999945
vn -0.004425 -0.382198 0.924070
vn 0.007041 0.999854 0.015562
vn 0.381557 0.924294 0.009762
vn 0.381558 0.924294 -0.009762
vn 0.007041 0.999854 -0.015562
vn 0.924296 0.381552 0.009761
vn 0.999850 0.007670 -0.015553
vn 0.924296 0.381552 -0.009761
vn 0.004425 0.382198 0.924070
vn -0.004424 0.382198 0.924070
vn -0.007088 0.007726 0.999945
vn 0.004425 0.924074 0.382189
vn -0.007041 0.999854 0.015562
vn -0.004424 0.924074 0.382189
vn -0.381568 -0.924289 0.009762
vn -0.381569 -0.924289 -0.009761
vn -0.007041 -0.999854 -0.015562
vn -0.924290 -0.381566 0.009761
vn -0.999850 -0.007670 0.015554
vn -0.999850 -0.007670 -0.015554
vn -0.924290 -0.381566 -0.009761
vn -0.924095 -0.004823 0.382132
vn -0.924095 0.004823 0.382132
vn -0.999850 0.007670 0.015554
vn -0.382145 -0.004822 0.924090
vn -0.382145 0.004822 0.924090
vn -0.924290 0.381565 0.009761
vn -0.924290 0.381566 -0.009761
vn -0.999850 0.007670 -0.015554
vn -0.381568 0.924289 0.009762
vn -0.007041 0.999854 -0.015562
vn -0.381569 0.924289 -0.009762
vn -0.004425 -0.924074 -0.382189
vn 0.004425 -0.924074 -0.382189
vn -0.004425 -0.382198 -0.924070
vn -0.007088 -0.007726 -0.999945
vn 0.007088 -0.007726 -0.999945
vn 0.004425 -0.382198 -0.924070
vn -0.382145 -0.004822 -0.924090
vn -0.382145 0.004822 -0.924090
vn -0.007088 0.007726 -0.999945
vn -0.924095 -0.004823 -0.382132
vn -0.924095 0.004823 -0.382132
vn -0.004425 0.382198 -0.924070
vn 0.004425 0.382198 -0.924070
vn 0.007088 0.007726 -0.999945
vn -0.004425 0.924074 -0.382189
vn 0.004425 0.924074 -0.382189
vn 0.924100 -0.004822 -0.382121
vn 0.924100 0.004822 -0.382121
vn 0.382136 -0.004822 -0.924094
vn 0.382136 0.004822 -0.924094
vn 0.325236 -0.887930 0.325272
vn 0.887929 -0.325257 0.325253
vn 0.325242 -0.325278 0.887926
vn 0.887931 0.325250 0.325254
vn 0.325235 0.887928 0.325278
vn 0.325257 0.325279 0.887920
vn -0.887917 -0.325288 0.325256
vn -0.325254 -0.887921 0.325277
vn -0.325263 -0.325267 0.887922
vn -0.325252 0.887921 0.325281
vn -0.887919 0.325282 0.325257
vn -0.325251 0.325269 0.887925
vn -0.325276 -0.325265 -0.887918
vn -0.325260 -0.887921 -0.325274
vn -0.887913 -0.325290 -0.325265
vn -0.325260 0.887918 -0.325281
vn -0.325283 0.325265 -0.887916
vn -0.887911 0.325297 -0.325264
vn 0.887925 -0.325259 -0.325262
vn 0.325242 -0.887927 -0.325273
vn 0.325274 -0.325274 -0.887915
vn 0.325242 0.887926 -0.325278
vn 0.887923 0.325265 -0.325262
vn 0.325271 0.325278 -0.887915
vn 0.999850 -0.007670 0.015552
vn 0.924302 -0.381538 0.009761
vn 0.924302 -0.381538 -0.009761
vn 0.999850 -0.007670 -0.015552
vn 0.381557 -0.924294 0.009761
vn 0.007850 -0.999848 0.015552
vn 0.007850 -0.999848 -0.015552
vn 0.381557 -0.924294 -0.009762
vn 0.007903 -0.007721 0.999939
vn 0.382135 -0.004822 0.924094
vn 0.382136 0.004822 0.924094
vn 0.007903 0.007721 0.999939
vn 0.924104 -0.004821 0.382110
vn 0.999850 0.007670 0.015552
vn 0.924104 0.004821 0.382110
vn 0.004936 -0.924094 0.382134
vn -0.004936 -0.924094 0.382134
vn -0.007850 -0.999848 0.015552
vn 0.004936 -0.382140 0.924091
vn -0.007903 -0.007721 0.999939
vn -0.004936 -0.382140 0.924091
vn 0.007850 0.999848 0.015551
vn 0.381557 0.924294 0.009762
vn 0.381557 0.924294 -0.009762
vn 0.007850 0.999848 -0.015551
vn 0.924302 0.381538 0.009761
vn 0.999850 0.007670 -0.015552
vn 0.924302 0.381538 -0.009761
vn 0.004936 0.382140 0.924091
vn -0.004936 0.382140 0.924091
vn -0.007903 0.007721 0.999939
vn 0.004936 0.924099 0.382121
vn -0.007850 0.999848 0.015551
vn -0.004936 0.924099 0.382121
vn -0.381563 -0.924291 0.009762
vn -0.381563 -0.924291 -0.009761
vn -0.007850 -0.999848 -0.015552
vn -0.924291 -0.381565 0.009761
vn -0.999850 -0.007670 0.015554
vn -0.999850 -0.007670 -0.015554
vn -0.924290 -0.381565 -0.009761
vn -0.924091 -0.004822 0.382143
vn -0.924091 0.004822 0.382143
vn -0.999850 0.007670 0.015554
vn -0.382145 -0.004822 0.924090
vn -0.382145 0.004822 0.924090
vn -0.924290 0.381565 0.009761
vn -0.924290 0.381565 -0.009761
vn -0.999850 0.007670 -0.015554
vn -0.381563 0.924291 0.009761
vn -0.007850 0.999848 -0.015551
vn -0.381563 0.924291 -0.009762
vn -0.004936 -0.924094 -0.382134
vn 0.004936 -0.924094 -0.382134
vn -0.004936 -0.382140 -0.924091
vn -0.007903 -0.007721 -0.999939
vn 0.007903 -0.007721 -0.999939
vn 0.004936 -0.382140 -0.924091
vn -0.382145 -0.004822 -0.924090
vn -0.382145 0.004822 -0.924090
vn -0.007903 0.007721 -0.999939
vn -0.924091 -0.004822 -0.382143
vn -0.924090 0.004822 -0.382143
vn -0.004936 0.382140 -0.924091
vn 0.004936 0.382140 -0.924091
vn 0.007903 0.007721 -0.999939
vn -0.004936 0.924099 -0.382121
vn 0.004936 0.924099 -0.382121
vn 0.924104 -0.004821 -0.382110
vn 0.924104 0.004821 -0.382110
vn 0.382136 -0.004822 -0.924094
vn 0.382136 0.004822 -0.924094
vn 0.325235 -0.887931 0.325271
vn 0.887949 -0.325207 0.325250
vn 0.325241 -0.325281 0.887925
vn 0.887948 0.325206 0.325253
vn 0.325235 0.887927 0.325282
vn 0.325257 0.325282 0.887919
vn -0.887923 -0.325262 0.325265
vn -0.325249 -0.887922 0.325280
vn -0.325265 -0.325269 0.887920
vn -0.325248 0.887924 0.325277
vn -0.887921 0.325268 0.325265
vn -0.325252 0.325270 0.887925
vn -0.325278 -0.325267 -0.887917
vn -0.325255 -0.887922 -0.325276
vn -0.887915 -0.325276 -0.325273
vn -0.325255 0.887920 -0.325280
vn -0.325283 0.325265 -0.887916
vn -0.887917 0.325270 -0.325274
vn 0.887943 -0.325215 -0.325258
vn 0.325242 -0.887927 -0.325273
vn 0.325274 -0.325278 -0.887914
vn 0.325241 0.887927 -0.325277
vn 0.887942 0.325214 -0.325261
vn 0.325268 0.325278 -0.887916
s 1
g pCube64
usemtl initialShadingGroup
f 1794/2433/3073 1793/2457/3074 1829/2486/3075 1834/2453/3076
s 2
f 1793/2458/3077 1798/2454/3078 1830/2440/3079 1829/2485/3080
s 3
f 1796/2434/3081 1795/2459/3082 1803/2466/3083 1802/2448/3084
s 1
f 1795/2460/3085 1794/2433/3073 1804/2435/3086 1803/2465/3087
s 2
f 1798/2454/3078 1797/2461/3088 1807/2469/3089 1806/2455/3090
s 3
f 1797/2461/3091 1796/2434/3081 1808/2437/3092 1807/2469/3093
s 4
f 1800/2436/3094 1799/2462/3095 1835/2491/3096 1840/2444/3097
s 1
f 1799/2463/3098 1804/2435/3086 1836/2445/3099 1835/2490/3100
s 3
f 1802/2448/3084 1801/2464/3101 1815/2474/3102 1814/2438/3103
s 4
f 1801/2464/3104 1800/2436/3094 1816/2439/3105 1815/2474/3106
s 2
f 1806/2455/3090 1805/2467/3107 1819/2478/3108 1818/2456/3109
s 5
f 1805/2468/3110 1810/2449/3111 1820/2441/3112 1819/2477/3113
f 1810/2449/3111 1809/2470/3114 1813/2473/3115 1812/2450/3116
s 3
f 1809/2470/3117 1808/2437/3092 1814/2438/3103 1813/2473/3118
s 5
f 1812/2450/3116 1811/2471/3119 1827/2484/3120 1826/2442/3121
s 4
f 1811/2472/3122 1816/2439/3105 1828/2443/3123 1827/2483/3124
s 2
f 1818/2456/3109 1817/2475/3125 1831/2488/3126 1830/2440/3079
s 6
f 1817/2476/3127 1822/2451/3128 1832/2446/3129 1831/2487/3130
f 1822/2451/3128 1821/2479/3131 1825/2482/3132 1824/2452/3133
s 5
f 1821/2479/3134 1820/2441/3112 1826/2442/3121 1825/2482/3135
s 6
f 1824/2452/3133 1823/2480/3136 1839/2494/3137 1838/2447/3138
s 4
f 1823/2481/3139 1828/2443/3123 1840/2444/3097 1839/2493/3140
s 1
f 1834/2453/3076 1833/2489/3141 1837/2492/3142 1836/2445/3099
s 6
f 1833/2489/3143 1832/2446/3129 1838/2447/3138 1837/2492/3144
s 3
f 1796/2434/3081 1802/2448/3084 1814/2438/3103 1808/2437/3092
s 5
f 1810/2449/3111 1812/2450/3116 1826/2442/3121 1820/2441/3112
s 6
f 1822/2451/3128 1824/2452/3133 1838/2447/3138 1832/2446/3129
s 1
f 1834/2453/3076 1836/2445/3099 1804/2435/3086 1794/2433/3073
s 4
f 1800/2436/3094 1840/2444/3097 1828/2443/3123 1816/2439/3105
s 2
f 1830/2440/3079 1798/2454/3078 1806/2455/3090 1818/2456/3109
f 1797/2461/3088 1798/2454/3078 1793/2458/3077 1841/2496/3145
s 1
f 1793/2457/3074 1794/2433/3073 1795/2460/3085 1841/2495/3146
s 3
f 1795/2459/3082 1796/2434/3081 1797/2461/3091 1841/2496/3147
s 1
f 1803/2465/3087 1804/2435/3086 1799/2463/3098 1842/2498/3148
s 4
f 1799/2462/3095 1800/2436/3094 1801/2464/3104 1842/2497/3149
s 3
f 1801/2464/3101 1802/2448/3084 1803/2466/3083 1842/2497/3150
s 5
f 1809/2470/3114 1810/2449/3111 1805/2468/3110 1843/2499/3151
s 2
f 1805/2467/3107 1806/2455/3090 1807/2469/3089 1843/2499/3152
s 3
f 1807/2469/3093 1808/2437/3092 1809/2470/3117 1843/2499/3153
s 4
f 1815/2474/3106 1816/2439/3105 1811/2472/3122 1844/2500/3154
s 5
f 1811/2471/3119 1812/2450/3116 1813/2473/3115 1844/2500/3155
s 3
f 1813/2473/3118 1814/2438/3103 1815/2474/3102 1844/2500/3156
s 6
f 1821/2479/3131 1822/2451/3128 1817/2476/3127 1845/2502/3157
s 2
f 1817/2475/3125 1818/2456/3109 1819/2478/3108 1845/2501/3158
s 5
f 1819/2477/3113 1820/2441/3112 1821/2479/3134 1845/2502/3159
s 4
f 1827/2483/3124 1828/2443/3123 1823/2481/3139 1846/2504/3160
s 6
f 1823/2480/3136 1824/2452/3133 1825/2482/3132 1846/2503/3161
s 5
f 1825/2482/3135 1826/2442/3121 1827/2484/3120 1846/2503/3162
s 1
f 1833/2489/3141 1834/2453/3076 1829/2486/3075 1847/2506/3163
s 2
f 1829/2485/3080 1830/2440/3079 1831/2488/3126 1847/2505/3164
s 6
f 1831/2487/3130 1832/2446/3129 1833/2489/3143 1847/2506/3165
s 4
f 1839/2493/3140 1840/2444/3097 1835/2491/3096 1848/2508/3166
s 1
f 1835/2490/3100 1836/2445/3099 1837/2492/3142 1848/2507/3167
s 6
f 1837/2492/3144 1838/2447/3138 1839/2494/3137 1848/2507/3168
s 7
f 1850/2509/3169 1849/2510/3170 1885/2511/3171 1890/2512/3172
s 8
f 1849/2513/3173 1854/2514/3174 1886/2515/3175 1885/2516/3176
s 9
f 1852/2517/3177 1851/2518/3178 1859/2519/3179 1858/2520/3180
s 7
f 1851/2521/3181 1850/2509/3169 1860/2522/3182 1859/2523/3183
s 8
f 1854/2514/3174 1853/2524/3184 1863/2525/3185 1862/2526/3186
s 9
f 1853/2524/3187 1852/2517/3177 1864/2527/3188 1863/2525/3189
s 10
f 1856/2528/3190 1855/2529/3191 1891/2530/3192 1896/2531/3193
s 7
f 1855/2532/3194 1860/2522/3182 1892/2533/3195 1891/2534/3196
s 9
f 1858/2520/3180 1857/2535/3197 1871/2536/3198 1870/2537/3199
s 10
f 1857/2535/3200 1856/2528/3190 1872/2538/3201 1871/2536/3202
s 8
f 1862/2526/3186 1861/2539/3203 1875/2540/3204 1874/2541/3205
s 11
f 1861/2542/3206 1866/2543/3207 1876/2544/3208 1875/2545/3209
f 1866/2543/3207 1865/2546/3210 1869/2547/3211 1868/2548/3212
s 9
f 1865/2546/3213 1864/2527/3188 1870/2537/3199 1869/2547/3214
s 11
f 1868/2548/3212 1867/2549/3215 1883/2550/3216 1882/2551/3217
s 10
f 1867/2552/3218 1872/2538/3201 1884/2553/3219 1883/2554/3220
s 8
f 1874/2541/3205 1873/2555/3221 1887/2556/3222 1886/2515/3175
s 12
f 1873/2557/3223 1878/2558/3224 1888/2559/3225 1887/2560/3226
f 1878/2558/3224 1877/2561/3227 1881/2562/3228 1880/2563/3229
s 11
f 1877/2561/3230 1876/2544/3208 1882/2551/3217 1881/2562/3231
s 12
f 1880/2563/3229 1879/2564/3232 1895/2565/3233 1894/2566/3234
s 10
f 1879/2567/3235 1884/2553/3219 1896/2531/3193 1895/2568/3236
s 7
f 1890/2512/3172 1889/2569/3237 1893/2570/3238 1892/2533/3195
s 12
f 1889/2569/3239 1888/2559/3225 1894/2566/3234 1893/2570/3240
s 9
f 1852/2517/3177 1858/2520/3180 1870/2537/3199 1864/2527/3188
s 11
f 1866/2543/3207 1868/2548/3212 1882/2551/3217 1876/2544/3208
s 12
f 1878/2558/3224 1880/2563/3229 1894/2566/3234 1888/2559/3225
s 7
f 1890/2512/3172 1892/2533/3195 1860/2522/3182 1850/2509/3169
s 10
f 1856/2528/3190 1896/2531/3193 1884/2553/3219 1872/2538/3201
s 8
f 1886/2515/3175 1854/2514/3174 1862/2526/3186 1874/2541/3205
f 1853/2524/3184 1854/2514/3174 1849/2513/3173 1897/2571/3241
s 7
f 1849/2510/3170 1850/2509/3169 1851/2521/3181 1897/2572/3242
s 9
f 1851/2518/3178 1852/2517/3177 1853/2524/3187 1897/2571/3243
s 7
f 1859/2523/3183 1860/2522/3182 1855/2532/3194 1898/2573/3244
s 10
f 1855/2529/3191 1856/2528/3190 1857/2535/3200 1898/2574/3245
s 9
f 1857/2535/3197 1858/2520/3180 1859/2519/3179 1898/2574/3246
s 11
f 1865/2546/3210 1866/2543/3207 1861/2542/3206 1899/2575/3247
s 8
f 1861/2539/3203 1862/2526/3186 1863/2525/3185 1899/2575/3248
s 9
f 1863/2525/3189 1864/2527/3188 1865/2546/3213 1899/2575/3249
s 10
f 1871/2536/3202 1872/2538/3201 1867/2552/3218 1900/2576/3250
s 11
f 1867/2549/3215 1868/2548/3212 1869/2547/3211 1900/2576/3251
s 9
f 1869/2547/3214 1870/2537/3199 1871/2536/3198 1900/2576/3252
s 12
f 1877/2561/3227 1878/2558/3224 1873/2557/3223 1901/2577/3253
s 8
f 1873/2555/3221 1874/2541/3205 1875/2540/3204 1901/2578/3254
s 11
f 1875/2545/3209 1876/2544/3208 1877/2561/3230 1901/2577/3255
s 10
f 1883/2554/3220 1884/2553/3219 1879/2567/3235 1902/2579/3256
s 12
f 1879/2564/3232 1880/2563/3229 1881/2562/3228 1902/2580/3257
s 11
f 1881/2562/3231 1882/2551/3217 1883/2550/3216 1902/2580/3258
s 7
f 1889/2569/3237 1890/2512/3172 1885/2511/3171 1903/2581/3259
s 8
f 1885/2516/3176 1886/2515/3175 1887/2556/3222 1903/2582/3260
s 12
f 1887/2560/3226 1888/2559/3225 1889/2569/3239 1903/2581/3261
s 10
f 1895/2568/3236 1896/2531/3193 1891/2530/3192 1904/2583/3262
s 7
f 1891/2534/3196 1892/2533/3195 1893/2570/3238 1904/2584/3263
s 12
f 1893/2570/3240 1894/2566/3234 1895/2565/3233 1904/2584/3264
s 13
f 1906/2585/3265 1905/2586/3266 1941/2587/3267 1946/2588/3268
s 14
f 1905/2589/3269 1910/2590/3270 1942/2591/3271 1941/2592/3272
s 15
f 1908/2593/3273 1907/2594/3274 1915/2595/3275 1914/2596/3276
s 13
f 1907/2597/3277 1906/2585/3265 1916/2598/3278 1915/2599/3279
s 14
f 1910/2590/3270 1909/2600/3280 1919/2601/3281 1918/2602/3282
s 15
f 1909/2600/3283 1908/2593/3273 1920/2603/3284 1919/2601/3285
s 16
f 1912/2604/3286 1911/2605/3287 1947/2606/3288 1952/2607/3289
s 13
f 1911/2608/3290 1916/2598/3278 1948/2609/3291 1947/2610/3292
s 15
f 1914/2596/3276 1913/2611/3293 1927/2612/3294 1926/2613/3295
s 16
f 1913/2611/3296 1912/2604/3286 1928/2614/3297 1927/2612/3298
s 14
f 1918/2602/3282 1917/2615/3299 1931/2616/3300 1930/2617/3301
s 17
f 1917/2618/3302 1922/2619/3303 1932/2620/3304 1931/2621/3305
f 1922/2619/3303 1921/2622/3306 1925/2623/3307 1924/2624/3308
s 15
f 1921/2622/3309 1920/2603/3284 1926/2613/3295 1925/2623/3310
s 17
f 1924/2624/3308 1923/2625/3311 1939/2626/3312 1938/2627/3313
s 16
f 1923/2628/3314 1928/2614/3297 1940/2629/3315 1939/2630/3316
s 14
f 1930/2617/3301 1929/2631/3317 1943/2632/3318 1942/2591/3271
s 18
f 1929/2633/3319 1934/2634/3320 1944/2635/3321 1943/2636/3322
f 1934/2634/3320 1933/2637/3323 1937/2638/3324 1936/2639/3325
s 17
f 1933/2637/3326 1932/2620/3304 1938/2627/3313 1937/2638/3327
s 18
f 1936/2639/3325 1935/2640/3328 1951/2641/3329 1950/2642/3330
s 16
f 1935/2643/3331 1940/2629/3315 1952/2607/3289 1951/2644/3332
s 13
f 1946/2588/3268 1945/2645/3333 1949/2646/3334 1948/2609/3291
s 18
f 1945/2645/3335 1944/2635/3321 1950/2642/3330 1949/2646/3336
s 15
f 1908/2593/3273 1914/2596/3276 1926/2613/3295 1920/2603/3284
s 17
f 1922/2619/3303 1924/2624/3308 1938/2627/3313 1932/2620/3304
s 18
f 1934/2634/3320 1936/2639/3325 1950/2642/3330 1944/2635/3321
s 13
f 1946/2588/3268 1948/2609/3291 1916/2598/3278 1906/2585/3265
s 16
f 1912/2604/3286 1952/2607/3289 1940/2629/3315 1928/2614/3297
s 14
f 1942/2591/3271 1910/2590/3270 1918/2602/3282 1930/2617/3301
f 1909/2600/3280 1910/2590/3270 1905/2589/3269 1953/2647/3337
s 13
f 1905/2586/3266 1906/2585/3265 1907/2597/3277 1953/2648/3338
s 15
f 1907/2594/3274 1908/2593/3273 1909/2600/3283 1953/2647/3339
s 13
f 1915/2599/3279 1916/2598/3278 1911/2608/3290 1954/2649/3340
s 16
f 1911/2605/3287 1912/2604/3286 1913/2611/3296 1954/2650/3341
s 15
f 1913/2611/3293 1914/2596/3276 1915/2595/3275 1954/2650/3342
s 17
f 1921/2622/3306 1922/2619/3303 1917/2618/3302 1955/2651/3343
s 14
f 1917/2615/3299 1918/2602/3282 1919/2601/3281 1955/2651/3344
s 15
f 1919/2601/3285 1920/2603/3284 1921/2622/3309 1955/2651/3345
s 16
f 1927/2612/3298 1928/2614/3297 1923/2628/3314 1956/2652/3346
s 17
f 1923/2625/3311 1924/2624/3308 1925/2623/3307 1956/2652/3347
s 15
f 1925/2623/3310 1926/2613/3295 1927/2612/3294 1956/2652/3348
s 18
f 1933/2637/3323 1934/2634/3320 1929/2633/3319 1957/2653/3349
s 14
f 1929/2631/3317 1930/2617/3301 1931/2616/3300 1957/2654/3350
s 17
f 1931/2621/3305 1932/2620/3304 1933/2637/3326 1957/2653/3351
s 16
f 1939/2630/3316 1940/2629/3315 1935/2643/3331 1958/2655/3352
s 18
f 1935/2640/3328 1936/2639/3325 1937/2638/3324 1958/2656/3353
s 17
f 1937/2638/3327 1938/2627/3313 1939/2626/3312 1958/2656/3354
s 13
f 1945/2645/3333 1946/2588/3268 1941/2587/3267 1959/2657/3355
s 14
f 1941/2592/3272 1942/2591/3271 1943/2632/3318 1959/2658/3356
s 18
f 1943/2636/3322 1944/2635/3321 1945/2645/3335 1959/2657/3357
s 16
f 1951/2644/3332 1952/2607/3289 1947/2606/3288 1960/2659/3358
s 13
f 1947/2610/3292 1948/2609/3291 1949/2646/3334 1960/2660/3359
s 18
f 1949/2646/3336 1950/2642/3330 1951/2641/3329 1960/2660/3360
s 19
f 1962/2661/3361 1961/2662/3362 1997/2663/3363 2002/2664/3364
s 20
f 1961/2665/3365 1966/2666/3366 1998/2667/3367 1997/2668/3368
s 21
f 1964/2669/3369 1963/2670/3370 1971/2671/3371 1970/2672/3372
s 19
f 1963/2673/3373 1962/2661/3361 1972/2674/3374 1971/2675/3375
s 20
f 1966/2666/3366 1965/2676/3376 1975/2677/3377 1974/2678/3378
s 21
f 1965/2676/3379 1964/2669/3369 1976/2679/3380 1975/2677/3381
s 22
f 1968/2680/3382 1967/2681/3383 2003/2682/3384 2008/2683/3385
s 19
f 1967/2684/3386 1972/2674/3374 2004/2685/3387 2003/2686/3388
s 21
f 1970/2672/3372 1969/2687/3389 1983/2688/3390 1982/2689/3391
s 22
f 1969/2687/3392 1968/2680/3382 1984/2690/3393 1983/2688/3394
s 20
f 1974/2678/3378 1973/2691/3395 1987/2692/3396 1986/2693/3397
s 23
f 1973/2694/3398 1978/2695/3399 1988/2696/3400 1987/2697/3401
f 1978/2695/3399 1977/2698/3402 1981/2699/3403 1980/2700/3404
s 21
f 1977/2698/3405 1976/2679/3380 1982/2689/3391 1981/2699/3406
s 23
f 1980/2700/3404 1979/2701/3407 1995/2702/3408 1994/2703/3409
s 22
f 1979/2704/3410 1984/2690/3393 1996/2705/3411 1995/2706/3412
s 20
f 1986/2693/3397 1985/2707/3413 1999/2708/3414 1998/2667/3367
s 24
f 1985/2709/3415 1990/2710/3416 2000/2711/3417 1999/2712/3418
f 1990/2710/3416 1989/2713/3419 1993/2714/3420 1992/2715/3421
s 23
f 1989/2713/3422 1988/2696/3400 1994/2703/3409 1993/2714/3423
s 24
f 1992/2715/3421 1991/2716/3424 2007/2717/3425 2006/2718/3426
s 22
f 1991/2719/3427 1996/2705/3411 2008/2683/3385 2007/2720/3428
s 19
f 2002/2664/3364 2001/2721/3429 2005/2722/3430 2004/2685/3387
s 24
f 2001/2721/3431 2000/2711/3417 2006/2718/3426 2005/2722/3432
s 21
f 1964/2669/3369 1970/2672/3372 1982/2689/3391 1976/2679/3380
s 23
f 1978/2695/3399 1980/2700/3404 1994/2703/3409 1988/2696/3400
s 24
f 1990/2710/3416 1992/2715/3421 2006/2718/3426 2000/2711/3417
s 19
f 2002/2664/3364 2004/2685/3387 1972/2674/3374 1962/2661/3361
s 22
f 1968/2680/3382 2008/2683/3385 1996/2705/3411 1984/2690/3393
s 20
f 1998/2667/3367 1966/2666/3366 1974/2678/3378 1986/2693/3397
f 1965/2676/3376 1966/2666/3366 1961/2665/3365 2009/2723/3433
s 19
f 1961/2662/3362 1962/2661/3361 1963/2673/3373 2009/2724/3434
s 21
f 1963/2670/3370 1964/2669/3369 1965/2676/3379 2009/2723/3435
s 19
f 1971/2675/3375 1972/2674/3374 1967/2684/3386 2010/2725/3436
s 22
f 1967/2681/3383 1968/2680/3382 1969/2687/3392 2010/2726/3437
s 21
f 1969/2687/3389 1970/2672/3372 1971/2671/3371 2010/2726/3438
s 23
f 1977/2698/3402 1978/2695/3399 1973/2694/3398 2011/2727/3439
s 20
f 1973/2691/3395 1974/2678/3378 1975/2677/3377 2011/2727/3440
s 21
f 1975/2677/3381 1976/2679/3380 1977/2698/3405 2011/2727/3441
s 22
f 1983/2688/3394 1984/2690/3393 1979/2704/3410 2012/2728/3442
s 23
f 1979/2701/3407 1980/2700/3404 1981/2699/3403 2012/2728/3443
s 21
f 1981/2699/3406 1982/2689/3391 1983/2688/3390 2012/2728/3444
s 24
f 1989/2713/3419 1990/2710/3416 1985/2709/3415 2013/2729/3445
s 20
f 1985/2707/3413 1986/2693/3397 1987/2692/3396 2013/2730/3446
s 23
f 1987/2697/3401 1988/2696/3400 1989/2713/3422 2013/2729/3447
s 22
f 1995/2706/3412 1996/2705/3411 1991/2719/3427 2014/2731/3448
s 24
f 1991/2716/3424 1992/2715/3421 1993/2714/3420 2014/2732/3449
s 23
f 1993/2714/3423 1994/2703/3409 1995/2702/3408 2014/2732/3450
s 19
f 2001/2721/3429 2002/2664/3364 1997/2663/3363 2015/2733/3451
s 20
f 1997/2668/3368 1998/2667/3367 1999/2708/3414 2015/2734/3452
s 24
f 1999/2712/3418 2000/2711/3417 2001/2721/3431 2015/2733/3453
s 22
f 2007/2720/3428 2008/2683/3385 2003/2682/3384 2016/2735/3454
s 19
f 2003/2686/3388 2004/2685/3387 2005/2722/3430 2016/2736/3455
s 24
f 2005/2722/3432 2006/2718/3426 2007/2717/3425 2016/2736/3456
s 25
f 2018/2737/3457 2017/2738/3458 2053/2739/3459 2058/2740/3460
s 26
f 2017/2741/3461 2022/2742/3462 2054/2743/3463 2053/2744/3464
s 27
f 2020/2745/3465 2019/2746/3466 2027/2747/3467 2026/2748/3468
s 25
f 2019/2749/3469 2018/2737/3457 2028/2750/3470 2027/2751/3471
s 26
f 2022/2742/3462 2021/2752/3472 2031/2753/3473 2030/2754/3474
s 27
f 2021/2752/3475 2020/2745/3465 2032/2755/3476 2031/2753/3477
s 28
f 2024/2756/3478 2023/2757/3479 2059/2758/3480 2064/2759/3481
s 25
f 2023/2760/3482 2028/2750/3470 2060/2761/3483 2059/2762/3484
s 27
f 2026/2748/3468 2025/2763/3485 2039/2764/3486 2038/2765/3487
s 28
f 2025/2763/3488 2024/2756/3478 2040/2766/3489 2039/2764/3490
s 26
f 2030/2754/3474 2029/2767/3491 2043/2768/3492 2042/2769/3493
s 29
f 2029/2770/3494 2034/2771/3495 2044/2772/3496 2043/2773/3497
f 2034/2771/3495 2033/2774/3498 2037/2775/3499 2036/2776/3500
s 27
f 2033/2774/3501 2032/2755/3476 2038/2765/3487 2037/2775/3502
s 29
f 2036/2776/3500 2035/2777/3503 2051/2778/3504 2050/2779/3505
s 28
f 2035/2780/3506 2040/2766/3489 2052/2781/3507 2051/2782/3508
s 26
f 2042/2769/3493 2041/2783/3509 2055/2784/3510 2054/2743/3463
s 30
f 2041/2785/3511 2046/2786/3512 2056/2787/3513 2055/2788/3514
f 2046/2786/3512 2045/2789/3515 2049/2790/3516 2048/2791/3517
s 29
f 2045/2789/3518 2044/2772/3496 2050/2779/3505 2049/2790/3519
s 30
f 2048/2791/3517 2047/2792/3520 2063/2793/3521 2062/2794/3522
s 28
f 2047/2795/3523 2052/2781/3507 2064/2759/3481 2063/2796/3524
s 25
f 2058/2740/3460 2057/2797/3525 2061/2798/3526 2060/2761/3483
s 30
f 2057/2797/3527 2056/2787/3513 2062/2794/3522 2061/2798/3528
s 27
f 2020/2745/3465 2026/2748/3468 2038/2765/3487 2032/2755/3476
s 29
f 2034/2771/3495 2036/2776/3500 2050/2779/3505 2044/2772/3496
s 30
f 2046/2786/3512 2048/2791/3517 2062/2794/3522 2056/2787/3513
s 25
f 2058/2740/3460 2060/2761/3483 2028/2750/3470 2018/2737/3457
s 28
f 2024/2756/3478 2064/2759/3481 2052/2781/3507 2040/2766/3489
s 26
f 2054/2743/3463 2022/2742/3462 2030/2754/3474 2042/2769/3493
f 2021/2752/3472 2022/2742/3462 2017/2741/3461 2065/2799/3529
s 25
f 2017/2738/3458 2018/2737/3457 2019/2749/3469 2065/2800/3530
s 27
f 2019/2746/3466 2020/2745/3465 2021/2752/3475 2065/2799/3531
s 25
f 2027/2751/3471 2028/2750/3470 2023/2760/3482 2066/2801/3532
s 28
f 2023/2757/3479 2024/2756/3478 2025/2763/3488 2066/2802/3533
s 27
f 2025/2763/3485 2026/2748/3468 2027/2747/3467 2066/2802/3534
s 29
f 2033/2774/3498 2034/2771/3495 2029/2770/3494 2067/2803/3535
s 26
f 2029/2767/3491 2030/2754/3474 2031/2753/3473 2067/2803/3536
s 27
f 2031/2753/3477 2032/2755/3476 2033/2774/3501 2067/2803/3537
s 28
f 2039/2764/3490 2040/2766/3489 2035/2780/3506 2068/2804/3538
s 29
f 2035/2777/3503 2036/2776/3500 2037/2775/3499 2068/2804/3539
s 27
f 2037/2775/3502 2038/2765/3487 2039/2764/3486 2068/2804/3540
s 30
f 2045/2789/3515 2046/2786/3512 2041/2785/3511 2069/2805/3541
s 26
f 2041/2783/3509 2042/2769/3493 2043/2768/3492 2069/2806/3542
s 29
f 2043/2773/3497 2044/2772/3496 2045/2789/3518 2069/2805/3543
s 28
f 2051/2782/3508 2052/2781/3507 2047/2795/3523 2070/2807/3544
s 30
f 2047/2792/3520 2048/2791/3517 2049/2790/3516 2070/2808/3545
s 29
f 2049/2790/3519 2050/2779/3505 2051/2778/3504 2070/2808/3546
s 25
f 2057/2797/3525 2058/2740/3460 2053/2739/3459 2071/2809/3547
s 26
f 2053/2744/3464 2054/2743/3463 2055/2784/3510 2071/2810/3548
s 30
f 2055/2788/3514 2056/2787/3513 2057/2797/3527 2071/2809/3549
s 28
f 2063/2796/3524 2064/2759/3481 2059/2758/3480 2072/2811/3550
s 25
f 2059/2762/3484 2060/2761/3483 2061/2798/3526 2072/2812/3551
s 30
f 2061/2798/3528 2062/2794/3522 2063/2793/3521 2072/2812/3552
s 31
f 2074/2813/3553 2073/2814/3554 2109/2815/3555 2114/2816/3556
s 32
f 2073/2817/3557 2078/2818/3558 2110/2819/3559 2109/2820/3560
s 33
f 2076/2821/3561 2075/2822/3562 2083/2823/3563 2082/2824/3564
s 31
f 2075/2825/3565 2074/2813/3553 2084/2826/3566 2083/2827/3567
s 32
f 2078/2818/3558 2077/2828/3568 2087/2829/3569 2086/2830/3570
s 33
f 2077/2828/3571 2076/2821/3561 2088/2831/3572 2087/2829/3573
s 34
f 2080/2832/3574 2079/2833/3575 2115/2834/3576 2120/2835/3577
s 31
f 2079/2836/3578 2084/2826/3566 2116/2837/3579 2115/2838/3580
s 33
f 2082/2824/3564 2081/2839/3581 2095/2840/3582 2094/2841/3583
s 34
f 2081/2839/3584 2080/2832/3574 2096/2842/3585 2095/2840/3586
s 32
f 2086/2830/3570 2085/2843/3587 2099/2844/3588 2098/2845/3589
s 35
f 2085/2846/3590 2090/2847/3591 2100/2848/3592 2099/2849/3593
f 2090/2847/3591 2089/2850/3594 2093/2851/3595 2092/2852/3596
s 33
f 2089/2850/3597 2088/2831/3572 2094/2841/3583 2093/2851/3598
s 35
f 2092/2852/3596 2091/2853/3599 2107/2854/3600 2106/2855/3601
s 34
f 2091/2856/3602 2096/2842/3585 2108/2857/3603 2107/2858/3604
s 32
f 2098/2845/3589 2097/2859/3605 2111/2860/3606 2110/2819/3559
s 36
f 2097/2861/3607 2102/2862/3608 2112/2863/3609 2111/2864/3610
f 2102/2862/3608 2101/2865/3611 2105/2866/3612 2104/2867/3613
s 35
f 2101/2865/3614 2100/2848/3592 2106/2855/3601 2105/2866/3615
s 36
f 2104/2867/3613 2103/2868/3616 2119/2869/3617 2118/2870/3618
s 34
f 2103/2871/3619 2108/2857/3603 2120/2835/3577 2119/2872/3620
s 31
f 2114/2816/3556 2113/2873/3621 2117/2874/3622 2116/2837/3579
s 36
f 2113/2873/3623 2112/2863/3609 2118/2870/3618 2117/2874/3624
s 33
f 2076/2821/3561 2082/2824/3564 2094/2841/3583 2088/2831/3572
s 35
f 2090/2847/3591 2092/2852/3596 2106/2855/3601 2100/2848/3592
s 36
f 2102/2862/3608 2104/2867/3613 2118/2870/3618 2112/2863/3609
s 31
f 2114/2816/3556 2116/2837/3579 2084/2826/3566 2074/2813/3553
s 34
f 2080/2832/3574 2120/2835/3577 2108/2857/3603 2096/2842/3585
s 32
f 2110/2819/3559 2078/2818/3558 2086/2830/3570 2098/2845/3589
f 2077/2828/3568 2078/2818/3558 2073/2817/3557 2121/2875/3625
s 31
f 2073/2814/3554 2074/2813/3553 2075/2825/3565 2121/2876/3626
s 33
f 2075/2822/3562 2076/2821/3561 2077/2828/3571 2121/2875/3627
s 31
f 2083/2827/3567 2084/2826/3566 2079/2836/3578 2122/2877/3628
s 34
f 2079/2833/3575 2080/2832/3574 2081/2839/3584 2122/2878/3629
s 33
f 2081/2839/3581 2082/2824/3564 2083/2823/3563 2122/2878/3630
s 35
f 2089/2850/3594 2090/2847/3591 2085/2846/3590 2123/2879/3631
s 32
f 2085/2843/3587 2086/2830/3570 2087/2829/3569 2123/2879/3632
s 33
f 2087/2829/3573 2088/2831/3572 2089/2850/3597 2123/2879/3633
s 34
f 2095/2840/3586 2096/2842/3585 2091/2856/3602 2124/2880/3634
s 35
f 2091/2853/3599 2092/2852/3596 2093/2851/3595 2124/2880/3635
s 33
f 2093/2851/3598 2094/2841/3583 2095/2840/3582 2124/2880/3636
s 36
f 2101/2865/3611 2102/2862/3608 2097/2861/3607 2125/2881/3637
s 32
f 2097/2859/3605 2098/2845/3589 2099/2844/3588 2125/2882/3638
s 35
f 2099/2849/3593 2100/2848/3592 2101/2865/3614 2125/2881/3639
s 34
f 2107/2858/3604 2108/2857/3603 2103/2871/3619 2126/2883/3640
s 36
f 2103/2868/3616 2104/2867/3613 2105/2866/3612 2126/2884/3641
s 35
f 2105/2866/3615 2106/2855/3601 2107/2854/3600 2126/2884/3642
s 31
f 2113/2873/3621 2114/2816/3556 2109/2815/3555 2127/2885/3643
s 32
f 2109/2820/3560 2110/2819/3559 2111/2860/3606 2127/2886/3644
s 36
f 2111/2864/3610 2112/2863/3609 2113/2873/3623 2127/2885/3645
s 34
f 2119/2872/3620 2120/2835/3577 2115/2834/3576 2128/2887/3646
s 31
f 2115/2838/3580 2116/2837/3579 2117/2874/3622 2128/2888/3647
s 36
f 2117/2874/3624 2118/2870/3618 2119/2869/3617 2128/2888/3648
s 37
f 2130/2889/3649 2129/2890/3650 2165/2891/3651 2170/2892/3652
s 38
f 2129/2893/3653 2134/2894/3654 2166/2895/3655 2165/2896/3656
s 39
f 2132/2897/3657 2131/2898/3658 2139/2899/3659 2138/2900/3660
s 37
f 2131/2901/3661 2130/2889/3649 2140/2902/3662 2139/2903/3663
s 38
f 2134/2894/3654 2133/2904/3664 2143/2905/3665 2142/2906/3666
s 39
f 2133/2904/3667 2132/2897/3657 2144/2907/3668 2143/2905/3669
s 40
f 2136/2908/3670 2135/2909/3671 2171/2910/3672 2176/2911/3673
s 37
f 2135/2912/3674 2140/2902/3662 2172/2913/3675 2171/2914/3676
s 39
f 2138/2900/3660 2137/2915/3677 2151/2916/3678 2150/2917/3679
s 40
f 2137/2915/3680 2136/2908/3670 2152/2918/3681 2151/2916/3682
s 38
f 2142/2906/3666 2141/2919/3683 2155/2920/3684 2154/2921/3685
s 41
f 2141/2922/3686 2146/2923/3687 2156/2924/3688 2155/2925/3689
f 2146/2923/3687 2145/2926/3690 2149/2927/3691 2148/2928/3692
s 39
f 2145/2926/3693 2144/2907/3668 2150/2917/3679 2149/2927/3694
s 41
f 2148/2928/3692 2147/2929/3695 2163/2930/3696 2162/2931/3697
s 40
f 2147/2932/3698 2152/2918/3681 2164/2933/3699 2163/2934/3700
s 38
f 2154/2921/3685 2153/2935/3701 2167/2936/3702 2166/2895/3655
s 42
f 2153/2937/3703 2158/2938/3704 2168/2939/3705 2167/2940/3706
f 2158/2938/3704 2157/2941/3707 2161/2942/3708 2160/2943/3709
s 41
f 2157/2941/3710 2156/2924/3688 2162/2931/3697 2161/2942/3711
s 42
f 2160/2943/3709 2159/2944/3712 2175/2945/3713 2174/2946/3714
s 40
f 2159/2947/3715 2164/2933/3699 2176/2911/3673 2175/2948/3716
s 37
f 2170/2892/3652 2169/2949/3717 2173/2950/3718 2172/2913/3675
s 42
f 2169/2949/3719 2168/2939/3705 2174/2946/3714 2173/2950/3720
s 39
f 2132/2897/3657 2138/2900/3660 2150/2917/3679 2144/2907/3668
s 41
f 2146/2923/3687 2148/2928/3692 2162/2931/3697 2156/2924/3688
s 42
f 2158/2938/3704 2160/2943/3709 2174/2946/3714 2168/2939/3705
s 37
f 2170/2892/3652 2172/2913/3675 2140/2902/3662 2130/2889/3649
s 40
f 2136/2908/3670 2176/2911/3673 2164/2933/3699 2152/2918/3681
s 38
f 2166/2895/3655 2134/2894/3654 2142/2906/3666 2154/2921/3685
f 2133/2904/3664 2134/2894/3654 2129/2893/3653 2177/2951/3721
s 37
f 2129/2890/3650 2130/2889/3649 2131/2901/3661 2177/2952/3722
s 39
f 2131/2898/3658 2132/2897/3657 2133/2904/3667 2177/2951/3723
s 37
f 2139/2903/3663 2140/2902/3662 2135/2912/3674 2178/2953/3724
s 40
f 2135/2909/3671 2136/2908/3670 2137/2915/3680 2178/2954/3725
s 39
f 2137/2915/3677 2138/2900/3660 2139/2899/3659 2178/2954/3726
s 41
f 2145/2926/3690 2146/2923/3687 2141/2922/3686 2179/2955/3727
s 38
f 2141/2919/3683 2142/2906/3666 2143/2905/3665 2179/2955/3728
s 39
f 2143/2905/3669 2144/2907/3668 2145/2926/3693 2179/2955/3729
s 40
f 2151/2916/3682 2152/2918/3681 2147/2932/3698 2180/2956/3730
s 41
f 2147/2929/3695 2148/2928/3692 2149/2927/3691 2180/2956/3731
s 39
f 2149/2927/3694 2150/2917/3679 2151/2916/3678 2180/2956/3732
s 42
f 2157/2941/3707 2158/2938/3704 2153/2937/3703 2181/2957/3733
s 38
f 2153/2935/3701 2154/2921/3685 2155/2920/3684 2181/2958/3734
s 41
f 2155/2925/3689 2156/2924/3688 2157/2941/3710 2181/2957/3735
s 40
f 2163/2934/3700 2164/2933/3699 2159/2947/3715 2182/2959/3736
s 42
f 2159/2944/3712 2160/2943/3709 2161/2942/3708 2182/2960/3737
s 41
f 2161/2942/3711 2162/2931/3697 2163/2930/3696 2182/2960/3738
s 37
f 2169/2949/3717 2170/2892/3652 2165/2891/3651 2183/2961/3739
s 38
f 2165/2896/3656 2166/2895/3655 2167/2936/3702 2183/2962/3740
s 42
f 2167/2940/3706 2168/2939/3705 2169/2949/3719 2183/2961/3741
s 40
f 2175/2948/3716 2176/2911/3673 2171/2910/3672 2184/2963/3742
s 37
f 2171/2914/3676 2172/2913/3675 2173/2950/3718 2184/2964/3743
s 42
f 2173/2950/3720 2174/2946/3714 2175/2945/3713 2184/2964/3744
s 43
f 2186/2965/3745 2185/2966/3746 2221/2967/3747 2226/2968/3748
s 44
f 2185/2969/3749 2190/2970/3750 2222/2971/3751 2221/2972/3752
s 45
f 2188/2973/3753 2187/2974/3754 2195/2975/3755 2194/2976/3756
s 43
f 2187/2977/3757 2186/2965/3745 2196/2978/3758 2195/2979/3759
s 44
f 2190/2970/3750 2189/2980/3760 2199/2981/3761 2198/2982/3762
s 45
f 2189/2980/3763 2188/2973/3753 2200/2983/3764 2199/2981/3765
s 46
f 2192/2984/3766 2191/2985/3767 2227/2986/3768 2232/2987/3769
s 43
f 2191/2988/3770 2196/2978/3758 2228/2989/3771 2227/2990/3772
s 45
f 2194/2976/3756 2193/2991/3773 2207/2992/3774 2206/2993/3775
s 46
f 2193/2991/3776 2192/2984/3766 2208/2994/3777 2207/2992/3778
s 44
f 2198/2982/3762 2197/2995/3779 2211/2996/3780 2210/2997/3781
s 47
f 2197/2998/3782 2202/2999/3783 2212/3000/3784 2211/3001/3785
f 2202/2999/3783 2201/3002/3786 2205/3003/3787 2204/3004/3788
s 45
f 2201/3002/3789 2200/2983/3764 2206/2993/3775 2205/3003/3790
s 47
f 2204/3004/3788 2203/3005/3791 2219/3006/3792 2218/3007/3793
s 46
f 2203/3008/3794 2208/2994/3777 2220/3009/3795 2219/3010/3796
s 44
f 2210/2997/3781 2209/3011/3797 2223/3012/3798 2222/2971/3751
s 48
f 2209/3013/3799 2214/3014/3800 2224/3015/3801 2223/3016/3802
f 2214/3014/3800 2213/3017/3803 2217/3018/3804 2216/3019/3805
s 47
f 2213/3017/3806 2212/3000/3784 2218/3007/3793 2217/3018/3807
s 48
f 2216/3019/3805 2215/3020/3808 2231/3021/3809 2230/3022/3810
s 46
f 2215/3023/3811 2220/3009/3795 2232/2987/3769 2231/3024/3812
s 43
f 2226/2968/3748 2225/3025/3813 2229/3026/3814 2228/2989/3771
s 48
f 2225/3025/3815 2224/3015/3801 2230/3022/3810 2229/3026/3816
s 45
f 2188/2973/3753 2194/2976/3756 2206/2993/3775 2200/2983/3764
s 47
f 2202/2999/3783 2204/3004/3788 2218/3007/3793 2212/3000/3784
s 48
f 2214/3014/3800 2216/3019/3805 2230/3022/3810 2224/3015/3801
s 43
f 2226/2968/3748 2228/2989/3771 2196/2978/3758 2186/2965/3745
s 46
f 2192/2984/3766 2232/2987/3769 2220/3009/3795 2208/2994/3777
s 44
f 2222/2971/3751 2190/2970/3750 2198/2982/3762 2210/2997/3781
f 2189/2980/3760 2190/2970/3750 2185/2969/3749 2233/3027/3817
s 43
f 2185/2966/3746 2186/2965/3745 2187/2977/3757 2233/3028/3818
s 45
f 2187/2974/3754 2188/2973/3753 2189/2980/3763 2233/3027/3819
s 43
f 2195/2979/3759 2196/2978/3758 2191/2988/3770 2234/3029/3820
s 46
f 2191/2985/3767 2192/2984/3766 2193/2991/3776 2234/3030/3821
s 45
f 2193/2991/3773 2194/2976/3756 2195/2975/3755 2234/3030/3822
s 47
f 2201/3002/3786 2202/2999/3783 2197/2998/3782 2235/3031/3823
s 44
f 2197/2995/3779 2198/2982/3762 2199/2981/3761 2235/3031/3824
s 45
f 2199/2981/3765 2200/2983/3764 2201/3002/3789 2235/3031/3825
s 46
f 2207/2992/3778 2208/2994/3777 2203/3008/3794 2236/3032/3826
s 47
f 2203/3005/3791 2204/3004/3788 2205/3003/3787 2236/3032/3827
s 45
f 2205/3003/3790 2206/2993/3775 2207/2992/3774 2236/3032/3828
s 48
f 2213/3017/3803 2214/3014/3800 2209/3013/3799 2237/3033/3829
s 44
f 2209/3011/3797 2210/2997/3781 2211/2996/3780 2237/3034/3830
s 47
f 2211/3001/3785 2212/3000/3784 2213/3017/3806 2237/3033/3831
s 46
f 2219/3010/3796 2220/3009/3795 2215/3023/3811 2238/3035/3832
s 48
f 2215/3020/3808 2216/3019/3805 2217/3018/3804 2238/3036/3833
s 47
f 2217/3018/3807 2218/3007/3793 2219/3006/3792 2238/3036/3834
s 43
f 2225/3025/3813 2226/2968/3748 2221/2967/3747 2239/3037/3835
s 44
f 2221/2972/3752 2222/2971/3751 2223/3012/3798 2239/3038/3836
s 48
f 2223/3016/3802 2224/3015/3801 2225/3025/3815 2239/3037/3837
s 46
f 2231/3024/3812 2232/2987/3769 2227/2986/3768 2240/3039/3838
s 43
f 2227/2990/3772 2228/2989/3771 2229/3026/3814 2240/3040/3839
s 48
f 2229/3026/3816 2230/3022/3810 2231/3021/3809 2240/3040/3840
s 49
f 2242/3041/3841 2241/3042/3842 2277/3043/3843 2282/3044/3844
s 50
f 2241/3045/3845 2246/3046/3846 2278/3047/3847 2277/3048/3848
s 51
f 2244/3049/3849 2243/3050/3850 2251/3051/3851 2250/3052/3852
s 49
f 2243/3053/3853 2242/3041/3841 2252/3054/3854 2251/3055/3855
s 50
f 2246/3046/3846 2245/3056/3856 2255/3057/3857 2254/3058/3858
s 51
f 2245/3056/3859 2244/3049/3849 2256/3059/3860 2255/3057/3861
s 52
f 2248/3060/3862 2247/3061/3863 2283/3062/3864 2288/3063/3865
s 49
f 2247/3064/3866 2252/3054/3854 2284/3065/3867 2283/3066/3868
s 51
f 2250/3052/3852 2249/3067/3869 2263/3068/3870 2262/3069/3871
s 52
f 2249/3067/3872 2248/3060/3862 2264/3070/3873 2263/3068/3874
s 50
f 2254/3058/3858 2253/3071/3875 2267/3072/3876 2266/3073/3877
s 53
f 2253/3074/3878 2258/3075/3879 2268/3076/3880 2267/3077/3881
f 2258/3075/3879 2257/3078/3882 2261/3079/3883 2260/3080/3884
s 51
f 2257/3078/3885 2256/3059/3860 2262/3069/3871 2261/3079/3886
s 53
f 2260/3080/3884 2259/3081/3887 2275/3082/3888 2274/3083/3889
s 52
f 2259/3084/3890 2264/3070/3873 2276/3085/3891 2275/3086/3892
s 50
f 2266/3073/3877 2265/3087/3893 2279/3088/3894 2278/3047/3847
s 54
f 2265/3089/3895 2270/3090/3896 2280/3091/3897 2279/3092/3898
f 2270/3090/3896 2269/3093/3899 2273/3094/3900 2272/3095/3901
s 53
f 2269/3093/3902 2268/3076/3880 2274/3083/3889 2273/3094/3903
s 54
f 2272/3095/3901 2271/3096/3904 2287/3097/3905 2286/3098/3906
s 52
f 2271/3099/3907 2276/3085/3891 2288/3063/3865 2287/3100/3908
s 49
f 2282/3044/3844 2281/3101/3909 2285/3102/3910 2284/3065/3867
s 54
f 2281/3101/3911 2280/3091/3897 2286/3098/3906 2285/3102/3912
s 51
f 2244/3049/3849 2250/3052/3852 2262/3069/3871 2256/3059/3860
s 53
f 2258/3075/3879 2260/3080/3884 2274/3083/3889 2268/3076/3880
s 54
f 2270/3090/3896 2272/3095/3901 2286/3098/3906 2280/3091/3897
s 49
f 2282/3044/3844 2284/3065/3867 2252/3054/3854 2242/3041/3841
s 52
f 2248/3060/3862 2288/3063/3865 2276/3085/3891 2264/3070/3873
s 50
f 2278/3047/3847 2246/3046/3846 2254/3058/3858 2266/3073/3877
f 2245/3056/3856 2246/3046/3846 2241/3045/3845 2289/3103/3913
s 49
f 2241/3042/3842 2242/3041/3841 2243/3053/3853 2289/3104/3914
s 51
f 2243/3050/3850 2244/3049/3849 2245/3056/3859 2289/3103/3915
s 49
f 2251/3055/3855 2252/3054/3854 2247/3064/3866 2290/3105/3916
s 52
f 2247/3061/3863 2248/3060/3862 2249/3067/3872 2290/3106/3917
s 51
f 2249/3067/3869 2250/3052/3852 2251/3051/3851 2290/3106/3918
s 53
f 2257/3078/3882 2258/3075/3879 2253/3074/3878 2291/3107/3919
s 50
f 2253/3071/3875 2254/3058/3858 2255/3057/3857 2291/3107/3920
s 51
f 2255/3057/3861 2256/3059/3860 2257/3078/3885 2291/3107/3921
s 52
f 2263/3068/3874 2264/3070/3873 2259/3084/3890 2292/3108/3922
s 53
f 2259/3081/3887 2260/3080/3884 2261/3079/3883 2292/3108/3923
s 51
f 2261/3079/3886 2262/3069/3871 2263/3068/3870 2292/3108/3924
s 54
f 2269/3093/3899 2270/3090/3896 2265/3089/3895 2293/3109/3925
s 50
f 2265/3087/3893 2266/3073/3877 2267/3072/3876 2293/3110/3926
s 53
f 2267/3077/3881 2268/3076/3880 2269/3093/3902 2293/3109/3927
s 52
f 2275/3086/3892 2276/3085/3891 2271/3099/3907 2294/3111/3928
s 54
f 2271/3096/3904 2272/3095/3901 2273/3094/3900 2294/3112/3929
s 53
f 2273/3094/3903 2274/3083/3889 2275/3082/3888 2294/3112/3930
s 49
f 2281/3101/3909 2282/3044/3844 2277/3043/3843 2295/3113/3931
s 50
f 2277/3048/3848 2278/3047/3847 2279/3088/3894 2295/3114/3932
s 54
f 2279/3092/3898 2280/3091/3897 2281/3101/3911 2295/3113/3933
s 52
f 2287/3100/3908 2288/3063/3865 2283/3062/3864 2296/3115/3934
s 49
f 2283/3066/3868 2284/3065/3867 2285/3102/3910 2296/3116/3935
s 54
f 2285/3102/3912 2286/3098/3906 2287/3097/3905 2296/3116/3936
s 55
f 2298/3117/3937 2297/3118/3938 2333/3119/3939 2338/3120/3940
s 56
f 2297/3121/3941 2302/3122/3942 2334/3123/3943 2333/3124/3944
s 57
f 2300/3125/3945 2299/3126/3946 2307/3127/3947 2306/3128/3948
s 55
f 2299/3129/3949 2298/3117/3937 2308/3130/3950 2307/3131/3951
s 56
f 2302/3122/3942 2301/3132/3952 2311/3133/3953 2310/3134/3954
s 57
f 2301/3132/3955 2300/3125/3945 2312/3135/3956 2311/3133/3957
s 58
f 2304/3136/3958 2303/3137/3959 2339/3138/3960 2344/3139/3961
s 55
f 2303/3140/3962 2308/3130/3950 2340/3141/3963 2339/3142/3964
s 57
f 2306/3128/3948 2305/3143/3965 2319/3144/3966 2318/3145/3967
s 58
f 2305/3143/3968 2304/3136/3958 2320/3146/3969 2319/3144/3970
s 56
f 2310/3134/3954 2309/3147/3971 2323/3148/3972 2322/3149/3973
s 59
f 2309/3150/3974 2314/3151/3975 2324/3152/3976 2323/3153/3977
f 2314/3151/3975 2313/3154/3978 2317/3155/3979 2316/3156/3980
s 57
f 2313/3154/3981 2312/3135/3956 2318/3145/3967 2317/3155/3982
s 59
f 2316/3156/3980 2315/3157/3983 2331/3158/3984 2330/3159/3985
s 58
f 2315/3160/3986 2320/3146/3969 2332/3161/3987 2331/3162/3988
s 56
f 2322/3149/3973 2321/3163/3989 2335/3164/3990 2334/3123/3943
s 60
f 2321/3165/3991 2326/3166/3992 2336/3167/3993 2335/3168/3994
f 2326/3166/3992 2325/3169/3995 2329/3170/3996 2328/3171/3997
s 59
f 2325/3169/3998 2324/3152/3976 2330/3159/3985 2329/3170/3999
s 60
f 2328/3171/3997 2327/3172/4000 2343/3173/4001 2342/3174/4002
s 58
f 2327/3175/4003 2332/3161/3987 2344/3139/3961 2343/3176/4004
s 55
f 2338/3120/3940 2337/3177/4005 2341/3178/4006 2340/3141/3963
s 60
f 2337/3177/4007 2336/3167/3993 2342/3174/4002 2341/3178/4008
s 57
f 2300/3125/3945 2306/3128/3948 2318/3145/3967 2312/3135/3956
s 59
f 2314/3151/3975 2316/3156/3980 2330/3159/3985 2324/3152/3976
s 60
f 2326/3166/3992 2328/3171/3997 2342/3174/4002 2336/3167/3993
s 55
f 2338/3120/3940 2340/3141/3963 2308/3130/3950 2298/3117/3937
s 58
f 2304/3136/3958 2344/3139/3961 2332/3161/3987 2320/3146/3969
s 56
f 2334/3123/3943 2302/3122/3942 2310/3134/3954 2322/3149/3973
f 2301/3132/3952 2302/3122/3942 2297/3121/3941 2345/3179/4009
s 55
f 2297/3118/3938 2298/3117/3937 2299/3129/3949 2345/3180/4010
s 57
f 2299/3126/3946 2300/3125/3945 2301/3132/3955 2345/3179/4011
s 55
f 2307/3131/3951 2308/3130/3950 2303/3140/3962 2346/3181/4012
s 58
f 2303/3137/3959 2304/3136/3958 2305/3143/3968 2346/3182/4013
s 57
f 2305/3143/3965 2306/3128/3948 2307/3127/3947 2346/3182/4014
s 59
f 2313/3154/3978 2314/3151/3975 2309/3150/3974 2347/3183/4015
s 56
f 2309/3147/3971 2310/3134/3954 2311/3133/3953 2347/3183/4016
s 57
f 2311/3133/3957 2312/3135/3956 2313/3154/3981 2347/3183/4017
s 58
f 2319/3144/3970 2320/3146/3969 2315/3160/3986 2348/3184/4018
s 59
f 2315/3157/3983 2316/3156/3980 2317/3155/3979 2348/3184/4019
s 57
f 2317/3155/3982 2318/3145/3967 2319/3144/3966 2348/3184/4020
s 60
f 2325/3169/3995 2326/3166/3992 2321/3165/3991 2349/3185/4021
s 56
f 2321/3163/3989 2322/3149/3973 2323/3148/3972 2349/3186/4022
s 59
f 2323/3153/3977 2324/3152/3976 2325/3169/3998 2349/3185/4023
s 58
f 2331/3162/3988 2332/3161/3987 2327/3175/4003 2350/3187/4024
s 60
f 2327/3172/4000 2328/3171/3997 2329/3170/3996 2350/3188/4025
s 59
f 2329/3170/3999 2330/3159/3985 2331/3158/3984 2350/3188/4026
s 55
f 2337/3177/4005 2338/3120/3940 2333/3119/3939 2351/3189/4027
s 56
f 2333/3124/3944 2334/3123/3943 2335/3164/3990 2351/3190/4028
s 60
f 2335/3168/3994 2336/3167/3993 2337/3177/4007 2351/3189/4029
s 58
f 2343/3176/4004 2344/3139/3961 2339/3138/3960 2352/3191/4030
s 55
f 2339/3142/3964 2340/3141/3963 2341/3178/4006 2352/3192/4031
s 60
f 2341/3178/4008 2342/3174/4002 2343/3173/4001 2352/3192/4032
s 61
f 2354/3193/4033 2353/3194/4034 2389/3195/4035 2394/3196/4036
s 62
f 2353/3197/4037 2358/3198/4038 2390/3199/4039 2389/3200/4040
s 63
f 2356/3201/4041 2355/3202/4042 2363/3203/4043 2362/3204/4044
s 61
f 2355/3205/4045 2354/3193/4033 2364/3206/4046 2363/3207/4047
s 62
f 2358/3198/4038 2357/3208/4048 2367/3209/4049 2366/3210/4050
s 63
f 2357/3208/4051 2356/3201/4041 2368/3211/4052 2367/3209/4053
s 64
f 2360/3212/4054 2359/3213/4055 2395/3214/4056 2400/3215/4057
s 61
f 2359/3216/4058 2364/3206/4046 2396/3217/4059 2395/3218/4060
s 63
f 2362/3204/4044 2361/3219/4061 2375/3220/4062 2374/3221/4063
s 64
f 2361/3219/4064 2360/3212/4054 2376/3222/4065 2375/3220/4066
s 62
f 2366/3210/4050 2365/3223/4067 2379/3224/4068 2378/3225/4069
s 65
f 2365/3226/4070 2370/3227/4071 2380/3228/4072 2379/3229/4073
f 2370/3227/4071 2369/3230/4074 2373/3231/4075 2372/3232/4076
s 63
f 2369/3230/4077 2368/3211/4052 2374/3221/4063 2373/3231/4078
s 65
f 2372/3232/4076 2371/3233/4079 2387/3234/4080 2386/3235/4081
s 64
f 2371/3236/4082 2376/3222/4065 2388/3237/4083 2387/3238/4084
s 62
f 2378/3225/4069 2377/3239/4085 2391/3240/4086 2390/3199/4039
s 66
f 2377/3241/4087 2382/3242/4088 2392/3243/4089 2391/3244/4090
f 2382/3242/4088 2381/3245/4091 2385/3246/4092 2384/3247/4093
s 65
f 2381/3245/4094 2380/3228/4072 2386/3235/4081 2385/3246/4095
s 66
f 2384/3247/4093 2383/3248/4096 2399/3249/4097 2398/3250/4098
s 64
f 2383/3251/4099 2388/3237/4083 2400/3215/4057 2399/3252/4100
s 61
f 2394/3196/4036 2393/3253/4101 2397/3254/4102 2396/3217/4059
s 66
f 2393/3253/4103 2392/3243/4089 2398/3250/4098 2397/3254/4104
s 63
f 2356/3201/4041 2362/3204/4044 2374/3221/4063 2368/3211/4052
s 65
f 2370/3227/4071 2372/3232/4076 2386/3235/4081 2380/3228/4072
s 66
f 2382/3242/4088 2384/3247/4093 2398/3250/4098 2392/3243/4089
s 61
f 2394/3196/4036 2396/3217/4059 2364/3206/4046 2354/3193/4033
s 64
f 2360/3212/4054 2400/3215/4057 2388/3237/4083 2376/3222/4065
s 62
f 2390/3199/4039 2358/3198/4038 2366/3210/4050 2378/3225/4069
f 2357/3208/4048 2358/3198/4038 2353/3197/4037 2401/3255/4105
s 61
f 2353/3194/4034 2354/3193/4033 2355/3205/4045 2401/3256/4106
s 63
f 2355/3202/4042 2356/3201/4041 2357/3208/4051 2401/3255/4107
s 61
f 2363/3207/4047 2364/3206/4046 2359/3216/4058 2402/3257/4108
s 64
f 2359/3213/4055 2360/3212/4054 2361/3219/4064 2402/3258/4109
s 63
f 2361/3219/4061 2362/3204/4044 2363/3203/4043 2402/3258/4110
s 65
f 2369/3230/4074 2370/3227/4071 2365/3226/4070 2403/3259/4111
s 62
f 2365/3223/4067 2366/3210/4050 2367/3209/4049 2403/3259/4112
s 63
f 2367/3209/4053 2368/3211/4052 2369/3230/4077 2403/3259/4113
s 64
f 2375/3220/4066 2376/3222/4065 2371/3236/4082 2404/3260/4114
s 65
f 2371/3233/4079 2372/3232/4076 2373/3231/4075 2404/3260/4115
s 63
f 2373/3231/4078 2374/3221/4063 2375/3220/4062 2404/3260/4116
s 66
f 2381/3245/4091 2382/3242/4088 2377/3241/4087 2405/3261/4117
s 62
f 2377/3239/4085 2378/3225/4069 2379/3224/4068 2405/3262/4118
s 65
f 2379/3229/4073 2380/3228/4072 2381/3245/4094 2405/3261/4119
s 64
f 2387/3238/4084 2388/3237/4083 2383/3251/4099 2406/3263/4120
s 66
f 2383/3248/4096 2384/3247/4093 2385/3246/4092 2406/3264/4121
s 65
f 2385/3246/4095 2386/3235/4081 2387/3234/4080 2406/3264/4122
s 61
f 2393/3253/4101 2394/3196/4036 2389/3195/4035 2407/3265/4123
s 62
f 2389/3200/4040 2390/3199/4039 2391/3240/4086 2407/3266/4124
s 66
f 2391/3244/4090 2392/3243/4089 2393/3253/4103 2407/3265/4125
s 64
f 2399/3252/4100 2400/3215/4057 2395/3214/4056 2408/3267/4126
s 61
f 2395/3218/4060 2396/3217/4059 2397/3254/4102 2408/3268/4127
s 66
f 2397/3254/4104 2398/3250/4098 2399/3249/4097 2408/3268/4128
s 67
f 2410/3269/4129 2409/3270/4130 2445/3271/4131 2450/3272/4132
s 68
f 2409/3273/4133 2414/3274/4134 2446/3275/4135 2445/3276/4136
s 69
f 2412/3277/4137 2411/3278/4138 2419/3279/4139 2418/3280/4140
s 67
f 2411/3281/4141 2410/3269/4129 2420/3282/4142 2419/3283/4143
s 68
f 2414/3274/4134 2413/3284/4144 2423/3285/4145 2422/3286/4146
s 69
f 2413/3284/4147 2412/3277/4137 2424/3287/4148 2423/3285/4149
s 70
f 2416/3288/4150 2415/3289/4151 2451/3290/4152 2456/3291/4153
s 67
f 2415/3292/4154 2420/3282/4142 2452/3293/4155 2451/3294/4156
s 69
f 2418/3280/4140 2417/3295/4157 2431/3296/4158 2430/3297/4159
s 70
f 2417/3295/4160 2416/3288/4150 2432/3298/4161 2431/3296/4162
s 68
f 2422/3286/4146 2421/3299/4163 2435/3300/4164 2434/3301/4165
s 71
f 2421/3302/4166 2426/3303/4167 2436/3304/4168 2435/3305/4169
f 2426/3303/4167 2425/3306/4170 2429/3307/4171 2428/3308/4172
s 69
f 2425/3306/4173 2424/3287/4148 2430/3297/4159 2429/3307/4174
s 71
f 2428/3308/4172 2427/3309/4175 2443/3310/4176 2442/3311/4177
s 70
f 2427/3312/4178 2432/3298/4161 2444/3313/4179 2443/3314/4180
s 68
f 2434/3301/4165 2433/3315/4181 2447/3316/4182 2446/3275/4135
s 72
f 2433/3317/4183 2438/3318/4184 2448/3319/4185 2447/3320/4186
f 2438/3318/4184 2437/3321/4187 2441/3322/4188 2440/3323/4189
s 71
f 2437/3321/4190 2436/3304/4168 2442/3311/4177 2441/3322/4191
s 72
f 2440/3323/4189 2439/3324/4192 2455/3325/4193 2454/3326/4194
s 70
f 2439/3327/4195 2444/3313/4179 2456/3291/4153 2455/3328/4196
s 67
f 2450/3272/4132 2449/3329/4197 2453/3330/4198 2452/3293/4155
s 72
f 2449/3329/4199 2448/3319/4185 2454/3326/4194 2453/3330/4200
s 69
f 2412/3277/4137 2418/3280/4140 2430/3297/4159 2424/3287/4148
s 71
f 2426/3303/4167 2428/3308/4172 2442/3311/4177 2436/3304/4168
s 72
f 2438/3318/4184 2440/3323/4189 2454/3326/4194 2448/3319/4185
s 67
f 2450/3272/4132 2452/3293/4155 2420/3282/4142 2410/3269/4129
s 70
f 2416/3288/4150 2456/3291/4153 2444/3313/4179 2432/3298/4161
s 68
f 2446/3275/4135 2414/3274/4134 2422/3286/4146 2434/3301/4165
f 2413/3284/4144 2414/3274/4134 2409/3273/4133 2457/3331/4201
s 67
f 2409/3270/4130 2410/3269/4129 2411/3281/4141 2457/3332/4202
s 69
f 2411/3278/4138 2412/3277/4137 2413/3284/4147 2457/3331/4203
s 67
f 2419/3283/4143 2420/3282/4142 2415/3292/4154 2458/3333/4204
s 70
f 2415/3289/4151 2416/3288/4150 2417/3295/4160 2458/3334/4205
s 69
f 2417/3295/4157 2418/3280/4140 2419/3279/4139 2458/3334/4206
s 71
f 2425/3306/4170 2426/3303/4167 2421/3302/4166 2459/3335/4207
s 68
f 2421/3299/4163 2422/3286/4146 2423/3285/4145 2459/3335/4208
s 69
f 2423/3285/4149 2424/3287/4148 2425/3306/4173 2459/3335/4209
s 70
f 2431/3296/4162 2432/3298/4161 2427/3312/4178 2460/3336/4210
s 71
f 2427/3309/4175 2428/3308/4172 2429/3307/4171 2460/3336/4211
s 69
f 2429/3307/4174 2430/3297/4159 2431/3296/4158 2460/3336/4212
s 72
f 2437/3321/4187 2438/3318/4184 2433/3317/4183 2461/3337/4213
s 68
f 2433/3315/4181 2434/3301/4165 2435/3300/4164 2461/3338/4214
s 71
f 2435/3305/4169 2436/3304/4168 2437/3321/4190 2461/3337/4215
s 70
f 2443/3314/4180 2444/3313/4179 2439/3327/4195 2462/3339/4216
s 72
f 2439/3324/4192 2440/3323/4189 2441/3322/4188 2462/3340/4217
s 71
f 2441/3322/4191 2442/3311/4177 2443/3310/4176 2462/3340/4218
s 67
f 2449/3329/4197 2450/3272/4132 2445/3271/4131 2463/3341/4219
s 68
f 2445/3276/4136 2446/3275/4135 2447/3316/4182 2463/3342/4220
s 72
f 2447/3320/4186 2448/3319/4185 2449/3329/4199 2463/3341/4221
s 70
f 2455/3328/4196 2456/3291/4153 2451/3290/4152 2464/3343/4222
s 67
f 2451/3294/4156 2452/3293/4155 2453/3330/4198 2464/3344/4223
s 72
f 2453/3330/4200 2454/3326/4194 2455/3325/4193 2464/3344/4224
s 73
f 2466/3345/4225 2465/3346/4226 2501/3347/4227 2506/3348/4228
s 74
f 2465/3349/4229 2470/3350/4230 2502/3351/4231 2501/3352/4232
s 75
f 2468/3353/4233 2467/3354/4234 2475/3355/4235 2474/3356/4236
s 73
f 2467/3357/4237 2466/3345/4225 2476/3358/4238 2475/3359/4239
s 74
f 2470/3350/4230 2469/3360/4240 2479/3361/4241 2478/3362/4242
s 75
f 2469/3360/4243 2468/3353/4233 2480/3363/4244 2479/3361/4245
s 76
f 2472/3364/4246 2471/3365/4247 2507/3366/4248 2512/3367/4249
s 73
f 2471/3368/4250 2476/3358/4238 2508/3369/4251 2507/3370/4252
s 75
f 2474/3356/4236 2473/3371/4253 2487/3372/4254 2486/3373/4255
s 76
f 2473/3371/4256 2472/3364/4246 2488/3374/4257 2487/3372/4258
s 74
f 2478/3362/4242 2477/3375/4259 2491/3376/4260 2490/3377/4261
s 77
f 2477/3378/4262 2482/3379/4263 2492/3380/4264 2491/3381/4265
f 2482/3379/4263 2481/3382/4266 2485/3383/4267 2484/3384/4268
s 75
f 2481/3382/4269 2480/3363/4244 2486/3373/4255 2485/3383/4270
s 77
f 2484/3384/4268 2483/3385/4271 2499/3386/4272 2498/3387/4273
s 76
f 2483/3388/4274 2488/3374/4257 2500/3389/4275 2499/3390/4276
s 74
f 2490/3377/4261 2489/3391/4277 2503/3392/4278 2502/3351/4231
s 78
f 2489/3393/4279 2494/3394/4280 2504/3395/4281 2503/3396/4282
f 2494/3394/4280 2493/3397/4283 2497/3398/4284 2496/3399/4285
s 77
f 2493/3397/4286 2492/3380/4264 2498/3387/4273 2497/3398/4287
s 78
f 2496/3399/4285 2495/3400/4288 2511/3401/4289 2510/3402/4290
s 76
f 2495/3403/4291 2500/3389/4275 2512/3367/4249 2511/3404/4292
s 73
f 2506/3348/4228 2505/3405/4293 2509/3406/4294 2508/3369/4251
s 78
f 2505/3405/4295 2504/3395/4281 2510/3402/4290 2509/3406/4296
s 75
f 2468/3353/4233 2474/3356/4236 2486/3373/4255 2480/3363/4244
s 77
f 2482/3379/4263 2484/3384/4268 2498/3387/4273 2492/3380/4264
s 78
f 2494/3394/4280 2496/3399/4285 2510/3402/4290 2504/3395/4281
s 73
f 2506/3348/4228 2508/3369/4251 2476/3358/4238 2466/3345/4225
s 76
f 2472/3364/4246 2512/3367/4249 2500/3389/4275 2488/3374/4257
s 74
f 2502/3351/4231 2470/3350/4230 2478/3362/4242 2490/3377/4261
f 2469/3360/4240 2470/3350/4230 2465/3349/4229 2513/3407/4297
s 73
f 2465/3346/4226 2466/3345/4225 2467/3357/4237 2513/3408/4298
s 75
f 2467/3354/4234 2468/3353/4233 2469/3360/4243 2513/3407/4299
s 73
f 2475/3359/4239 2476/3358/4238 2471/3368/4250 2514/3409/4300
s 76
f 2471/3365/4247 2472/3364/4246 2473/3371/4256 2514/3410/4301
s 75
f 2473/3371/4253 2474/3356/4236 2475/3355/4235 2514/3410/4302
s 77
f 2481/3382/4266 2482/3379/4263 2477/3378/4262 2515/3411/4303
s 74
f 2477/3375/4259 2478/3362/4242 2479/3361/4241 2515/3411/4304
s 75
f 2479/3361/4245 2480/3363/4244 2481/3382/4269 2515/3411/4305
s 76
f 2487/3372/4258 2488/3374/4257 2483/3388/4274 2516/3412/4306
s 77
f 2483/3385/4271 2484/3384/4268 2485/3383/4267 2516/3412/4307
s 75
f 2485/3383/4270 2486/3373/4255 2487/3372/4254 2516/3412/4308
s 78
f 2493/3397/4283 2494/3394/4280 2489/3393/4279 2517/3413/4309
s 74
f 2489/3391/4277 2490/3377/4261 2491/3376/4260 2517/3414/4310
s 77
f 2491/3381/4265 2492/3380/4264 2493/3397/4286 2517/3413/4311
s 76
f 2499/3390/4276 2500/3389/4275 2495/3403/4291 2518/3415/4312
s 78
f 2495/3400/4288 2496/3399/4285 2497/3398/4284 2518/3416/4313
s 77
f 2497/3398/4287 2498/3387/4273 2499/3386/4272 2518/3416/4314
s 73
f 2505/3405/4293 2506/3348/4228 2501/3347/4227 2519/3417/4315
s 74
f 2501/3352/4232 2502/3351/4231 2503/3392/4278 2519/3418/4316
s 78
f 2503/3396/4282 2504/3395/4281 2505/3405/4295 2519/3417/4317
s 76
f 2511/3404/4292 2512/3367/4249 2507/3366/4248 2520/3419/4318
s 73
f 2507/3370/4252 2508/3369/4251 2509/3406/4294 2520/3420/4319
s 78
f 2509/3406/4296 2510/3402/4290 2511/3401/4289 2520/3420/4320
s 79
f 2522/3421/4321 2521/3422/4322 2557/3423/4323 2562/3424/4324
s 80
f 2521/3425/4325 2526/3426/4326 2558/3427/4327 2557/3428/4328
s 81
f 2524/3429/4329 2523/3430/4330 2531/3431/4331 2530/3432/4332
s 79
f 2523/3433/4333 2522/3421/4321 2532/3434/4334 2531/3435/4335
s 80
f 2526/3426/4326 2525/3436/4336 2535/3437/4337 2534/3438/4338
s 81
f 2525/3436/4339 2524/3429/4329 2536/3439/4340 2535/3437/4341
s 82
f 2528/3440/4342 2527/3441/4343 2563/3442/4344 2568/3443/4345
s 79
f 2527/3444/4346 2532/3434/4334 2564/3445/4347 2563/3446/4348
s 81
f 2530/3432/4332 2529/3447/4349 2543/3448/4350 2542/3449/4351
s 82
f 2529/3447/4352 2528/3440/4342 2544/3450/4353 2543/3448/4354
s 80
f 2534/3438/4338 2533/3451/4355 2547/3452/4356 2546/3453/4357
s 83
f 2533/3454/4358 2538/3455/4359 2548/3456/4360 2547/3457/4361
f 2538/3455/4359 2537/3458/4362 2541/3459/4363 2540/3460/4364
s 81
f 2537/3458/4365 2536/3439/4340 2542/3449/4351 2541/3459/4366
s 83
f 2540/3460/4364 2539/3461/4367 2555/3462/4368 2554/3463/4369
s 82
f 2539/3464/4370 2544/3450/4353 2556/3465/4371 2555/3466/4372
s 80
f 2546/3453/4357 2545/3467/4373 2559/3468/4374 2558/3427/4327
s 84
f 2545/3469/4375 2550/3470/4376 2560/3471/4377 2559/3472/4378
f 2550/3470/4376 2549/3473/4379 2553/3474/4380 2552/3475/4381
s 83
f 2549/3473/4382 2548/3456/4360 2554/3463/4369 2553/3474/4383
s 84
f 2552/3475/4381 2551/3476/4384 2567/3477/4385 2566/3478/4386
s 82
f 2551/3479/4387 2556/3465/4371 2568/3443/4345 2567/3480/4388
s 79
f 2562/3424/4324 2561/3481/4389 2565/3482/4390 2564/3445/4347
s 84
f 2561/3481/4391 2560/3471/4377 2566/3478/4386 2565/3482/4392
s 81
f 2524/3429/4329 2530/3432/4332 2542/3449/4351 2536/3439/4340
s 83
f 2538/3455/4359 2540/3460/4364 2554/3463/4369 2548/3456/4360
s 84
f 2550/3470/4376 2552/3475/4381 2566/3478/4386 2560/3471/4377
s 79
f 2562/3424/4324 2564/3445/4347 2532/3434/4334 2522/3421/4321
s 82
f 2528/3440/4342 2568/3443/4345 2556/3465/4371 2544/3450/4353
s 80
f 2558/3427/4327 2526/3426/4326 2534/3438/4338 2546/3453/4357
f 2525/3436/4336 2526/3426/4326 2521/3425/4325 2569/3483/4393
s 79
f 2521/3422/4322 2522/3421/4321 2523/3433/4333 2569/3484/4394
s 81
f 2523/3430/4330 2524/3429/4329 2525/3436/4339 2569/3483/4395
s 79
f 2531/3435/4335 2532/3434/4334 2527/3444/4346 2570/3485/4396
s 82
f 2527/3441/4343 2528/3440/4342 2529/3447/4352 2570/3486/4397
s 81
f 2529/3447/4349 2530/3432/4332 2531/3431/4331 2570/3486/4398
s 83
f 2537/3458/4362 2538/3455/4359 2533/3454/4358 2571/3487/4399
s 80
f 2533/3451/4355 2534/3438/4338 2535/3437/4337 2571/3487/4400
s 81
f 2535/3437/4341 2536/3439/4340 2537/3458/4365 2571/3487/4401
s 82
f 2543/3448/4354 2544/3450/4353 2539/3464/4370 2572/3488/4402
s 83
f 2539/3461/4367 2540/3460/4364 2541/3459/4363 2572/3488/4403
s 81
f 2541/3459/4366 2542/3449/4351 2543/3448/4350 2572/3488/4404
s 84
f 2549/3473/4379 2550/3470/4376 2545/3469/4375 2573/3489/4405
s 80
f 2545/3467/4373 2546/3453/4357 2547/3452/4356 2573/3490/4406
s 83
f 2547/3457/4361 2548/3456/4360 2549/3473/4382 2573/3489/4407
s 82
f 2555/3466/4372 2556/3465/4371 2551/3479/4387 2574/3491/4408
s 84
f 2551/3476/4384 2552/3475/4381 2553/3474/4380 2574/3492/4409
s 83
f 2553/3474/4383 2554/3463/4369 2555/3462/4368 2574/3492/4410
s 79
f 2561/3481/4389 2562/3424/4324 2557/3423/4323 2575/3493/4411
s 80
f 2557/3428/4328 2558/3427/4327 2559/3468/4374 2575/3494/4412
s 84
f 2559/3472/4378 2560/3471/4377 2561/3481/4391 2575/3493/4413
s 82
f 2567/3480/4388 2568/3443/4345 2563/3442/4344 2576/3495/4414
s 79
f 2563/3446/4348 2564/3445/4347 2565/3482/4390 2576/3496/4415
s 84
f 2565/3482/4392 2566/3478/4386 2567/3477/4385 2576/3496/4416
s 85
f 2578/3497/4417 2577/3498/4418 2613/3499/4419 2618/3500/4420
s 86
f 2577/3501/4421 2582/3502/4422 2614/3503/4423 2613/3504/4424
s 87
f 2580/3505/4425 2579/3506/4426 2587/3507/4427 2586/3508/4428
s 85
f 2579/3509/4429 2578/3497/4417 2588/3510/4430 2587/3511/4431
s 86
f 2582/3502/4422 2581/3512/4432 2591/3513/4433 2590/3514/4434
s 87
f 2581/3512/4435 2580/3505/4425 2592/3515/4436 2591/3513/4437
s 88
f 2584/3516/4438 2583/3517/4439 2619/3518/4440 2624/3519/4441
s 85
f 2583/3520/4442 2588/3510/4430 2620/3521/4443 2619/3522/4444
s 87
f 2586/3508/4428 2585/3523/4445 2599/3524/4446 2598/3525/4447
s 88
f 2585/3523/4448 2584/3516/4438 2600/3526/4449 2599/3524/4450
s 86
f 2590/3514/4434 2589/3527/4451 2603/3528/4452 2602/3529/4453
s 89
f 2589/3530/4454 2594/3531/4455 2604/3532/4456 2603/3533/4457
f 2594/3531/4455 2593/3534/4458 2597/3535/4459 2596/3536/4460
s 87
f 2593/3534/4461 2592/3515/4436 2598/3525/4447 2597/3535/4462
s 89
f 2596/3536/4460 2595/3537/4463 2611/3538/4464 2610/3539/4465
s 88
f 2595/3540/4466 2600/3526/4449 2612/3541/4467 2611/3542/4468
s 86
f 2602/3529/4453 2601/3543/4469 2615/3544/4470 2614/3503/4423
s 90
f 2601/3545/4471 2606/3546/4472 2616/3547/4473 2615/3548/4474
f 2606/3546/4472 2605/3549/4475 2609/3550/4476 2608/3551/4477
s 89
f 2605/3549/4478 2604/3532/4456 2610/3539/4465 2609/3550/4479
s 90
f 2608/3551/4477 2607/3552/4480 2623/3553/4481 2622/3554/4482
s 88
f 2607/3555/4483 2612/3541/4467 2624/3519/4441 2623/3556/4484
s 85
f 2618/3500/4420 2617/3557/4485 2621/3558/4486 2620/3521/4443
s 90
f 2617/3557/4487 2616/3547/4473 2622/3554/4482 2621/3558/4488
s 87
f 2580/3505/4425 2586/3508/4428 2598/3525/4447 2592/3515/4436
s 89
f 2594/3531/4455 2596/3536/4460 2610/3539/4465 2604/3532/4456
s 90
f 2606/3546/4472 2608/3551/4477 2622/3554/4482 2616/3547/4473
s 85
f 2618/3500/4420 2620/3521/4443 2588/3510/4430 2578/3497/4417
s 88
f 2584/3516/4438 2624/3519/4441 2612/3541/4467 2600/3526/4449
s 86
f 2614/3503/4423 2582/3502/4422 2590/3514/4434 2602/3529/4453
f 2581/3512/4432 2582/3502/4422 2577/3501/4421 2625/3559/4489
s 85
f 2577/3498/4418 2578/3497/4417 2579/3509/4429 2625/3560/4490
s 87
f 2579/3506/4426 2580/3505/4425 2581/3512/4435 2625/3559/4491
s 85
f 2587/3511/4431 2588/3510/4430 2583/3520/4442 2626/3561/4492
s 88
f 2583/3517/4439 2584/3516/4438 2585/3523/4448 2626/3562/4493
s 87
f 2585/3523/4445 2586/3508/4428 2587/3507/4427 2626/3562/4494
s 89
f 2593/3534/4458 2594/3531/4455 2589/3530/4454 2627/3563/4495
s 86
f 2589/3527/4451 2590/3514/4434 2591/3513/4433 2627/3563/4496
s 87
f 2591/3513/4437 2592/3515/4436 2593/3534/4461 2627/3563/4497
s 88
f 2599/3524/4450 2600/3526/4449 2595/3540/4466 2628/3564/4498
s 89
f 2595/3537/4463 2596/3536/4460 2597/3535/4459 2628/3564/4499
s 87
f 2597/3535/4462 2598/3525/4447 2599/3524/4446 2628/3564/4500
s 90
f 2605/3549/4475 2606/3546/4472 2601/3545/4471 2629/3565/4501
s 86
f 2601/3543/4469 2602/3529/4453 2603/3528/4452 2629/3566/4502
s 89
f 2603/3533/4457 2604/3532/4456 2605/3549/4478 2629/3565/4503
s 88
f 2611/3542/4468 2612/3541/4467 2607/3555/4483 2630/3567/4504
s 90
f 2607/3552/4480 2608/3551/4477 2609/3550/4476 2630/3568/4505
s 89
f 2609/3550/4479 2610/3539/4465 2611/3538/4464 2630/3568/4506
s 85
f 2617/3557/4485 2618/3500/4420 2613/3499/4419 2631/3569/4507
s 86
f 2613/3504/4424 2614/3503/4423 2615/3544/4470 2631/3570/4508
s 90
f 2615/3548/4474 2616/3547/4473 2617/3557/4487 2631/3569/4509
s 88
f 2623/3556/4484 2624/3519/4441 2619/3518/4440 2632/3571/4510
s 85
f 2619/3522/4444 2620/3521/4443 2621/3558/4486 2632/3572/4511
s 90
f 2621/3558/4488 2622/3554/4482 2623/3553/4481 2632/3572/4512
s 91
f 2634/3573/4513 2633/3574/4514 2669/3575/4515 2674/3576/4516
s 92
f 2633/3577/4517 2638/3578/4518 2670/3579/4519 2669/3580/4520
s 93
f 2636/3581/4521 2635/3582/4522 2643/3583/4523 2642/3584/4524
s 91
f 2635/3585/4525 2634/3573/4513 2644/3586/4526 2643/3587/4527
s 92
f 2638/3578/4518 2637/3588/4528 2647/3589/4529 2646/3590/4530
s 93
f 2637/3588/4531 2636/3581/4521 2648/3591/4532 2647/3589/4533
s 94
f 2640/3592/4534 2639/3593/4535 2675/3594/4536 2680/3595/4537
s 91
f 2639/3596/4538 2644/3586/4526 2676/3597/4539 2675/3598/4540
s 93
f 2642/3584/4524 2641/3599/4541 2655/3600/4542 2654/3601/4543
s 94
f 2641/3599/4544 2640/3592/4534 2656/3602/4545 2655/3600/4546
s 92
f 2646/3590/4530 2645/3603/4547 2659/3604/4548 2658/3605/4549
s 95
f 2645/3606/4550 2650/3607/4551 2660/3608/4552 2659/3609/4553
f 2650/3607/4551 2649/3610/4554 2653/3611/4555 2652/3612/4556
s 93
f 2649/3610/4557 2648/3591/4532 2654/3601/4543 2653/3611/4558
s 95
f 2652/3612/4556 2651/3613/4559 2667/3614/4560 2666/3615/4561
s 94
f 2651/3616/4562 2656/3602/4545 2668/3617/4563 2667/3618/4564
s 92
f 2658/3605/4549 2657/3619/4565 2671/3620/4566 2670/3579/4519
s 96
f 2657/3621/4567 2662/3622/4568 2672/3623/4569 2671/3624/4570
f 2662/3622/4568 2661/3625/4571 2665/3626/4572 2664/3627/4573
s 95
f 2661/3625/4574 2660/3608/4552 2666/3615/4561 2665/3626/4575
s 96
f 2664/3627/4573 2663/3628/4576 2679/3629/4577 2678/3630/4578
s 94
f 2663/3631/4579 2668/3617/4563 2680/3595/4537 2679/3632/4580
s 91
f 2674/3576/4516 2673/3633/4581 2677/3634/4582 2676/3597/4539
s 96
f 2673/3633/4583 2672/3623/4569 2678/3630/4578 2677/3634/4584
s 93
f 2636/3581/4521 2642/3584/4524 2654/3601/4543 2648/3591/4532
s 95
f 2650/3607/4551 2652/3612/4556 2666/3615/4561 2660/3608/4552
s 96
f 2662/3622/4568 2664/3627/4573 2678/3630/4578 2672/3623/4569
s 91
f 2674/3576/4516 2676/3597/4539 2644/3586/4526 2634/3573/4513
s 94
f 2640/3592/4534 2680/3595/4537 2668/3617/4563 2656/3602/4545
s 92
f 2670/3579/4519 2638/3578/4518 2646/3590/4530 2658/3605/4549
f 2637/3588/4528 2638/3578/4518 2633/3577/4517 2681/3635/4585
s 91
f 2633/3574/4514 2634/3573/4513 2635/3585/4525 2681/3636/4586
s 93
f 2635/3582/4522 2636/3581/4521 2637/3588/4531 2681/3635/4587
s 91
f 2643/3587/4527 2644/3586/4526 2639/3596/4538 2682/3637/4588
s 94
f 2639/3593/4535 2640/3592/4534 2641/3599/4544 2682/3638/4589
s 93
f 2641/3599/4541 2642/3584/4524 2643/3583/4523 2682/3638/4590
s 95
f 2649/3610/4554 2650/3607/4551 2645/3606/4550 2683/3639/4591
s 92
f 2645/3603/4547 2646/3590/4530 2647/3589/4529 2683/3639/4592
s 93
f 2647/3589/4533 2648/3591/4532 2649/3610/4557 2683/3639/4593
s 94
f 2655/3600/4546 2656/3602/4545 2651/3616/4562 2684/3640/4594
s 95
f 2651/3613/4559 2652/3612/4556 2653/3611/4555 2684/3640/4595
s 93
f 2653/3611/4558 2654/3601/4543 2655/3600/4542 2684/3640/4596
s 96
f 2661/3625/4571 2662/3622/4568 2657/3621/4567 2685/3641/4597
s 92
f 2657/3619/4565 2658/3605/4549 2659/3604/4548 2685/3642/4598
s 95
f 2659/3609/4553 2660/3608/4552 2661/3625/4574 2685/3641/4599
s 94
f 2667/3618/4564 2668/3617/4563 2663/3631/4579 2686/3643/4600
s 96
f 2663/3628/4576 2664/3627/4573 2665/3626/4572 2686/3644/4601
s 95
f 2665/3626/4575 2666/3615/4561 2667/3614/4560 2686/3644/4602
s 91
f 2673/3633/4581 2674/3576/4516 2669/3575/4515 2687/3645/4603
s 92
f 2669/3580/4520 2670/3579/4519 2671/3620/4566 2687/3646/4604
s 96
f 2671/3624/4570 2672/3623/4569 2673/3633/4583 2687/3645/4605
s 94
f 2679/3632/4580 2680/3595/4537 2675/3594/4536 2688/3647/4606
s 91
f 2675/3598/4540 2676/3597/4539 2677/3634/4582 2688/3648/4607
s 96
f 2677/3634/4584 2678/3630/4578 2679/3629/4577 2688/3648/4608
s 97
f 2690/3649/4609 2689/3650/4610 2725/3651/4611 2730/3652/4612
s 98
f 2689/3653/4613 2694/3654/4614 2726/3655/4615 2725/3656/4616
s 99
f 2692/3657/4617 2691/3658/4618 2699/3659/4619 2698/3660/4620
s 97
f 2691/3661/4621 2690/3649/4609 2700/3662/4622 2699/3663/4623
s 98
f 2694/3654/4614 2693/3664/4624 2703/3665/4625 2702/3666/4626
s 99
f 2693/3664/4627 2692/3657/4617 2704/3667/4628 2703/3665/4629
s 100
f 2696/3668/4630 2695/3669/4631 2731/3670/4632 2736/3671/4633
s 97
f 2695/3672/4634 2700/3662/4622 2732/3673/4635 2731/3674/4636
s 99
f 2698/3660/4620 2697/3675/4637 2711/3676/4638 2710/3677/4639
s 100
f 2697/3675/4640 2696/3668/4630 2712/3678/4641 2711/3676/4642
s 98
f 2702/3666/4626 2701/3679/4643 2715/3680/4644 2714/3681/4645
s 101
f 2701/3682/4646 2706/3683/4647 2716/3684/4648 2715/3685/4649
f 2706/3683/4647 2705/3686/4650 2709/3687/4651 2708/3688/4652
s 99
f 2705/3686/4653 2704/3667/4628 2710/3677/4639 2709/3687/4654
s 101
f 2708/3688/4652 2707/3689/4655 2723/3690/4656 2722/3691/4657
s 100
f 2707/3692/4658 2712/3678/4641 2724/3693/4659 2723/3694/4660
s 98
f 2714/3681/4645 2713/3695/4661 2727/3696/4662 2726/3655/4615
s 102
f 2713/3697/4663 2718/3698/4664 2728/3699/4665 2727/3700/4666
f 2718/3698/4664 2717/3701/4667 2721/3702/4668 2720/3703/4669
s 101
f 2717/3701/4670 2716/3684/4648 2722/3691/4657 2721/3702/4671
s 102
f 2720/3703/4669 2719/3704/4672 2735/3705/4673 2734/3706/4674
s 100
f 2719/3707/4675 2724/3693/4659 2736/3671/4633 2735/3708/4676
s 97
f 2730/3652/4612 2729/3709/4677 2733/3710/4678 2732/3673/4635
s 102
f 2729/3709/4679 2728/3699/4665 2734/3706/4674 2733/3710/4680
s 99
f 2692/3657/4617 2698/3660/4620 2710/3677/4639 2704/3667/4628
s 101
f 2706/3683/4647 2708/3688/4652 2722/3691/4657 2716/3684/4648
s 102
f 2718/3698/4664 2720/3703/4669 2734/3706/4674 2728/3699/4665
s 97
f 2730/3652/4612 2732/3673/4635 2700/3662/4622 2690/3649/4609
s 100
f 2696/3668/4630 2736/3671/4633 2724/3693/4659 2712/3678/4641
s 98
f 2726/3655/4615 2694/3654/4614 2702/3666/4626 2714/3681/4645
f 2693/3664/4624 2694/3654/4614 2689/3653/4613 2737/3711/4681
s 97
f 2689/3650/4610 2690/3649/4609 2691/3661/4621 2737/3712/4682
s 99
f 2691/3658/4618 2692/3657/4617 2693/3664/4627 2737/3711/4683
s 97
f 2699/3663/4623 2700/3662/4622 2695/3672/4634 2738/3713/4684
s 100
f 2695/3669/4631 2696/3668/4630 2697/3675/4640 2738/3714/4685
s 99
f 2697/3675/4637 2698/3660/4620 2699/3659/4619 2738/3714/4686
s 101
f 2705/3686/4650 2706/3683/4647 2701/3682/4646 2739/3715/4687
s 98
f 2701/3679/4643 2702/3666/4626 2703/3665/4625 2739/3715/4688
s 99
f 2703/3665/4629 2704/3667/4628 2705/3686/4653 2739/3715/4689
s 100
f 2711/3676/4642 2712/3678/4641 2707/3692/4658 2740/3716/4690
s 101
f 2707/3689/4655 2708/3688/4652 2709/3687/4651 2740/3716/4691
s 99
f 2709/3687/4654 2710/3677/4639 2711/3676/4638 2740/3716/4692
s 102
f 2717/3701/4667 2718/3698/4664 2713/3697/4663 2741/3717/4693
s 98
f 2713/3695/4661 2714/3681/4645 2715/3680/4644 2741/3718/4694
s 101
f 2715/3685/4649 2716/3684/4648 2717/3701/4670 2741/3717/4695
s 100
f 2723/3694/4660 2724/3693/4659 2719/3707/4675 2742/3719/4696
s 102
f 2719/3704/4672 2720/3703/4669 2721/3702/4668 2742/3720/4697
s 101
f 2721/3702/4671 2722/3691/4657 2723/3690/4656 2742/3720/4698
s 97
f 2729/3709/4677 2730/3652/4612 2725/3651/4611 2743/3721/4699
s 98
f 2725/3656/4616 2726/3655/4615 2727/3696/4662 2743/3722/4700
s 102
f 2727/3700/4666 2728/3699/4665 2729/3709/4679 2743/3721/4701
s 100
f 2735/3708/4676 2736/3671/4633 2731/3670/4632 2744/3723/4702
s 97
f 2731/3674/4636 2732/3673/4635 2733/3710/4678 2744/3724/4703
s 102
f 2733/3710/4680 2734/3706/4674 2735/3705/4673 2744/3724/4704
s 103
f 2746/3725/4705 2745/3726/4706 2781/3727/4707 2786/3728/4708
s 104
f 2745/3729/4709 2750/3730/4710 2782/3731/4711 2781/3732/4712
s 105
f 2748/3733/4713 2747/3734/4714 2755/3735/4715 2754/3736/4716
s 103
f 2747/3737/4717 2746/3725/4705 2756/3738/4718 2755/3739/4719
s 104
f 2750/3730/4710 2749/3740/4720 2759/3741/4721 2758/3742/4722
s 105
f 2749/3740/4723 2748/3733/4713 2760/3743/4724 2759/3741/4725
s 106
f 2752/3744/4726 2751/3745/4727 2787/3746/4728 2792/3747/4729
s 103
f 2751/3748/4730 2756/3738/4718 2788/3749/4731 2787/3750/4732
s 105
f 2754/3736/4716 2753/3751/4733 2767/3752/4734 2766/3753/4735
s 106
f 2753/3751/4736 2752/3744/4726 2768/3754/4737 2767/3752/4738
s 104
f 2758/3742/4722 2757/3755/4739 2771/3756/4740 2770/3757/4741
s 107
f 2757/3758/4742 2762/3759/4743 2772/3760/4744 2771/3761/4745
f 2762/3759/4743 2761/3762/4746 2765/3763/4747 2764/3764/4748
s 105
f 2761/3762/4749 2760/3743/4724 2766/3753/4735 2765/3763/4750
s 107
f 2764/3764/4748 2763/3765/4751 2779/3766/4752 2778/3767/4753
s 106
f 2763/3768/4754 2768/3754/4737 2780/3769/4755 2779/3770/4756
s 104
f 2770/3757/4741 2769/3771/4757 2783/3772/4758 2782/3731/4711
s 108
f 2769/3773/4759 2774/3774/4760 2784/3775/4761 2783/3776/4762
f 2774/3774/4760 2773/3777/4763 2777/3778/4764 2776/3779/4765
s 107
f 2773/3777/4766 2772/3760/4744 2778/3767/4753 2777/3778/4767
s 108
f 2776/3779/4765 2775/3780/4768 2791/3781/4769 2790/3782/4770
s 106
f 2775/3783/4771 2780/3769/4755 2792/3747/4729 2791/3784/4772
s 103
f 2786/3728/4708 2785/3785/4773 2789/3786/4774 2788/3749/4731
s 108
f 2785/3785/4775 2784/3775/4761 2790/3782/4770 2789/3786/4776
s 105
f 2748/3733/4713 2754/3736/4716 2766/3753/4735 2760/3743/4724
s 107
f 2762/3759/4743 2764/3764/4748 2778/3767/4753 2772/3760/4744
s 108
f 2774/3774/4760 2776/3779/4765 2790/3782/4770 2784/3775/4761
s 103
f 2786/3728/4708 2788/3749/4731 2756/3738/4718 2746/3725/4705
s 106
f 2752/3744/4726 2792/3747/4729 2780/3769/4755 2768/3754/4737
s 104
f 2782/3731/4711 2750/3730/4710 2758/3742/4722 2770/3757/4741
f 2749/3740/4720 2750/3730/4710 2745/3729/4709 2793/3787/4777
s 103
f 2745/3726/4706 2746/3725/4705 2747/3737/4717 2793/3788/4778
s 105
f 2747/3734/4714 2748/3733/4713 2749/3740/4723 2793/3787/4779
s 103
f 2755/3739/4719 2756/3738/4718 2751/3748/4730 2794/3789/4780
s 106
f 2751/3745/4727 2752/3744/4726 2753/3751/4736 2794/3790/4781
s 105
f 2753/3751/4733 2754/3736/4716 2755/3735/4715 2794/3790/4782
s 107
f 2761/3762/4746 2762/3759/4743 2757/3758/4742 2795/3791/4783
s 104
f 2757/3755/4739 2758/3742/4722 2759/3741/4721 2795/3791/4784
s 105
f 2759/3741/4725 2760/3743/4724 2761/3762/4749 2795/3791/4785
s 106
f 2767/3752/4738 2768/3754/4737 2763/3768/4754 2796/3792/4786
s 107
f 2763/3765/4751 2764/3764/4748 2765/3763/4747 2796/3792/4787
s 105
f 2765/3763/4750 2766/3753/4735 2767/3752/4734 2796/3792/4788
s 108
f 2773/3777/4763 2774/3774/4760 2769/3773/4759 2797/3793/4789
s 104
f 2769/3771/4757 2770/3757/4741 2771/3756/4740 2797/3794/4790
s 107
f 2771/3761/4745 2772/3760/4744 2773/3777/4766 2797/3793/4791
s 106
f 2779/3770/4756 2780/3769/4755 2775/3783/4771 2798/3795/4792
s 108
f 2775/3780/4768 2776/3779/4765 2777/3778/4764 2798/3796/4793
s 107
f 2777/3778/4767 2778/3767/4753 2779/3766/4752 2798/3796/4794
s 103
f 2785/3785/4773 2786/3728/4708 2781/3727/4707 2799/3797/4795
s 104
f 2781/3732/4712 2782/3731/4711 2783/3772/4758 2799/3798/4796
s 108
f 2783/3776/4762 2784/3775/4761 2785/3785/4775 2799/3797/4797
s 106
f 2791/3784/4772 2792/3747/4729 2787/3746/4728 2800/3799/4798
s 103
f 2787/3750/4732 2788/3749/4731 2789/3786/4774 2800/3800/4799
s 108
f 2789/3786/4776 2790/3782/4770 2791/3781/4769 2800/3800/4800
s 109
f 2802/3801/4801 2801/3802/4802 2837/3803/4803 2842/3804/4804
s 110
f 2801/3805/4805 2806/3806/4806 2838/3807/4807 2837/3808/4808
s 111
f 2804/3809/4809 2803/3810/4810 2811/3811/4811 2810/3812/4812
s 109
f 2803/3813/4813 2802/3801/4801 2812/3814/4814 2811/3815/4815
s 110
f 2806/3806/4806 2805/3816/4816 2815/3817/4817 2814/3818/4818
s 111
f 2805/3816/4819 2804/3809/4809 2816/3819/4820 2815/3817/4821
s 112
f 2808/3820/4822 2807/3821/4823 2843/3822/4824 2848/3823/4825
s 109
f 2807/3824/4826 2812/3814/4814 2844/3825/4827 2843/3826/4828
s 111
f 2810/3812/4812 2809/3827/4829 2823/3828/4830 2822/3829/4831
s 112
f 2809/3827/4832 2808/3820/4822 2824/3830/4833 2823/3828/4834
s 110
f 2814/3818/4818 2813/3831/4835 2827/3832/4836 2826/3833/4837
s 113
f 2813/3834/4838 2818/3835/4839 2828/3836/4840 2827/3837/4841
f 2818/3835/4839 2817/3838/4842 2821/3839/4843 2820/3840/4844
s 111
f 2817/3838/4845 2816/3819/4820 2822/3829/4831 2821/3839/4846
s 113
f 2820/3840/4844 2819/3841/4847 2835/3842/4848 2834/3843/4849
s 112
f 2819/3844/4850 2824/3830/4833 2836/3845/4851 2835/3846/4852
s 110
f 2826/3833/4837 2825/3847/4853 2839/3848/4854 2838/3807/4807
s 114
f 2825/3849/4855 2830/3850/4856 2840/3851/4857 2839/3852/4858
f 2830/3850/4856 2829/3853/4859 2833/3854/4860 2832/3855/4861
s 113
f 2829/3853/4862 2828/3836/4840 2834/3843/4849 2833/3854/4863
s 114
f 2832/3855/4861 2831/3856/4864 2847/3857/4865 2846/3858/4866
s 112
f 2831/3859/4867 2836/3845/4851 2848/3823/4825 2847/3860/4868
s 109
f 2842/3804/4804 2841/3861/4869 2845/3862/4870 2844/3825/4827
s 114
f 2841/3861/4871 2840/3851/4857 2846/3858/4866 2845/3862/4872
s 111
f 2804/3809/4809 2810/3812/4812 2822/3829/4831 2816/3819/4820
s 113
f 2818/3835/4839 2820/3840/4844 2834/3843/4849 2828/3836/4840
s 114
f 2830/3850/4856 2832/3855/4861 2846/3858/4866 2840/3851/4857
s 109
f 2842/3804/4804 2844/3825/4827 2812/3814/4814 2802/3801/4801
s 112
f 2808/3820/4822 2848/3823/4825 2836/3845/4851 2824/3830/4833
s 110
f 2838/3807/4807 2806/3806/4806 2814/3818/4818 2826/3833/4837
f 2805/3816/4816 2806/3806/4806 2801/3805/4805 2849/3863/4873
s 109
f 2801/3802/4802 2802/3801/4801 2803/3813/4813 2849/3864/4874
s 111
f 2803/3810/4810 2804/3809/4809 2805/3816/4819 2849/3863/4875
s 109
f 2811/3815/4815 2812/3814/4814 2807/3824/4826 2850/3865/4876
s 112
f 2807/3821/4823 2808/3820/4822 2809/3827/4832 2850/3866/4877
s 111
f 2809/3827/4829 2810/3812/4812 2811/3811/4811 2850/3866/4878
s 113
f 2817/3838/4842 2818/3835/4839 2813/3834/4838 2851/3867/4879
s 110
f 2813/3831/4835 2814/3818/4818 2815/3817/4817 2851/3867/4880
s 111
f 2815/3817/4821 2816/3819/4820 2817/3838/4845 2851/3867/4881
s 112
f 2823/3828/4834 2824/3830/4833 2819/3844/4850 2852/3868/4882
s 113
f 2819/3841/4847 2820/3840/4844 2821/3839/4843 2852/3868/4883
s 111
f 2821/3839/4846 2822/3829/4831 2823/3828/4830 2852/3868/4884
s 114
f 2829/3853/4859 2830/3850/4856 2825/3849/4855 2853/3869/4885
s 110
f 2825/3847/4853 2826/3833/4837 2827/3832/4836 2853/3870/4886
s 113
f 2827/3837/4841 2828/3836/4840 2829/3853/4862 2853/3869/4887
s 112
f 2835/3846/4852 2836/3845/4851 2831/3859/4867 2854/3871/4888
s 114
f 2831/3856/4864 2832/3855/4861 2833/3854/4860 2854/3872/4889
s 113
f 2833/3854/4863 2834/3843/4849 2835/3842/4848 2854/3872/4890
s 109
f 2841/3861/4869 2842/3804/4804 2837/3803/4803 2855/3873/4891
s 110
f 2837/3808/4808 2838/3807/4807 2839/3848/4854 2855/3874/4892
s 114
f 2839/3852/4858 2840/3851/4857 2841/3861/4871 2855/3873/4893
s 112
f 2847/3860/4868 2848/3823/4825 2843/3822/4824 2856/3875/4894
s 109
f 2843/3826/4828 2844/3825/4827 2845/3862/4870 2856/3876/4895
s 114
f 2845/3862/4872 2846/3858/4866 2847/3857/4865 2856/3876/4896
s 115
f 2858/3877/4897 2857/3878/4898 2893/3879/4899 2898/3880/4900
s 116
f 2857/3881/4901 2862/3882/4902 2894/3883/4903 2893/3884/4904
s 117
f 2860/3885/4905 2859/3886/4906 2867/3887/4907 2866/3888/4908
s 115
f 2859/3889/4909 2858/3877/4897 2868/3890/4910 2867/3891/4911
s 116
f 2862/3882/4902 2861/3892/4912 2871/3893/4913 2870/3894/4914
s 117
f 2861/3892/4915 2860/3885/4905 2872/3895/4916 2871/3893/4917
s 118
f 2864/3896/4918 2863/3897/4919 2899/3898/4920 2904/3899/4921
s 115
f 2863/3900/4922 2868/3890/4910 2900/3901/4923 2899/3902/4924
s 117
f 2866/3888/4908 2865/3903/4925 2879/3904/4926 2878/3905/4927
s 118
f 2865/3903/4928 2864/3896/4918 2880/3906/4929 2879/3904/4930
s 116
f 2870/3894/4914 2869/3907/4931 2883/3908/4932 2882/3909/4933
s 119
f 2869/3910/4934 2874/3911/4935 2884/3912/4936 2883/3913/4937
f 2874/3911/4935 2873/3914/4938 2877/3915/4939 2876/3916/4940
s 117
f 2873/3914/4941 2872/3895/4916 2878/3905/4927 2877/3915/4942
s 119
f 2876/3916/4940 2875/3917/4943 2891/3918/4944 2890/3919/4945
s 118
f 2875/3920/4946 2880/3906/4929 2892/3921/4947 2891/3922/4948
s 116
f 2882/3909/4933 2881/3923/4949 2895/3924/4950 2894/3883/4903
s 120
f 2881/3925/4951 2886/3926/4952 2896/3927/4953 2895/3928/4954
f 2886/3926/4952 2885/3929/4955 2889/3930/4956 2888/3931/4957
s 119
f 2885/3929/4958 2884/3912/4936 2890/3919/4945 2889/3930/4959
s 120
f 2888/3931/4957 2887/3932/4960 2903/3933/4961 2902/3934/4962
s 118
f 2887/3935/4963 2892/3921/4947 2904/3899/4921 2903/3936/4964
s 115
f 2898/3880/4900 2897/3937/4965 2901/3938/4966 2900/3901/4923
s 120
f 2897/3937/4967 2896/3927/4953 2902/3934/4962 2901/3938/4968
s 117
f 2860/3885/4905 2866/3888/4908 2878/3905/4927 2872/3895/4916
s 119
f 2874/3911/4935 2876/3916/4940 2890/3919/4945 2884/3912/4936
s 120
f 2886/3926/4952 2888/3931/4957 2902/3934/4962 2896/3927/4953
s 115
f 2898/3880/4900 2900/3901/4923 2868/3890/4910 2858/3877/4897
s 118
f 2864/3896/4918 2904/3899/4921 2892/3921/4947 2880/3906/4929
s 116
f 2894/3883/4903 2862/3882/4902 2870/3894/4914 2882/3909/4933
f 2861/3892/4912 2862/3882/4902 2857/3881/4901 2905/3939/4969
s 115
f 2857/3878/4898 2858/3877/4897 2859/3889/4909 2905/3940/4970
s 117
f 2859/3886/4906 2860/3885/4905 2861/3892/4915 2905/3939/4971
s 115
f 2867/3891/4911 2868/3890/4910 2863/3900/4922 2906/3941/4972
s 118
f 2863/3897/4919 2864/3896/4918 2865/3903/4928 2906/3942/4973
s 117
f 2865/3903/4925 2866/3888/4908 2867/3887/4907 2906/3942/4974
s 119
f 2873/3914/4938 2874/3911/4935 2869/3910/4934 2907/3943/4975
s 116
f 2869/3907/4931 2870/3894/4914 2871/3893/4913 2907/3943/4976
s 117
f 2871/3893/4917 2872/3895/4916 2873/3914/4941 2907/3943/4977
s 118
f 2879/3904/4930 2880/3906/4929 2875/3920/4946 2908/3944/4978
s 119
f 2875/3917/4943 2876/3916/4940 2877/3915/4939 2908/3944/4979
s 117
f 2877/3915/4942 2878/3905/4927 2879/3904/4926 2908/3944/4980
s 120
f 2885/3929/4955 2886/3926/4952 2881/3925/4951 2909/3945/4981
s 116
f 2881/3923/4949 2882/3909/4933 2883/3908/4932 2909/3946/4982
s 119
f 2883/3913/4937 2884/3912/4936 2885/3929/4958 2909/3945/4983
s 118
f 2891/3922/4948 2892/3921/4947 2887/3935/4963 2910/3947/4984
s 120
f 2887/3932/4960 2888/3931/4957 2889/3930/4956 2910/3948/4985
s 119
f 2889/3930/4959 2890/3919/4945 2891/3918/4944 2910/3948/4986
s 115
f 2897/3937/4965 2898/3880/4900 2893/3879/4899 2911/3949/4987
s 116
f 2893/3884/4904 2894/3883/4903 2895/3924/4950 2911/3950/4988
s 120
f 2895/3928/4954 2896/3927/4953 2897/3937/4967 2911/3949/4989
s 118
f 2903/3936/4964 2904/3899/4921 2899/3898/4920 2912/3951/4990
s 115
f 2899/3902/4924 2900/3901/4923 2901/3938/4966 2912/3952/4991
s 120
f 2901/3938/4968 2902/3934/4962 2903/3933/4961 2912/3952/4992
g default
v -7.072549 4.803711 -13.042840
v -6.997100 4.803711 -13.074092
v -6.997100 4.728263 -13.042840
v -6.997100 4.697011 -12.967392
v -7.072549 4.728263 -12.967392
v -7.103801 4.803711 -12.967392
v -6.699675 4.803711 -13.042840
v -6.668423 4.803711 -12.967392
v -6.699675 4.728263 -12.967392
v -6.775123 4.697011 -12.967392
v -6.775123 4.728263 -13.042840
v -6.775123 4.803711 -13.074092
v -7.072549 4.803711 -12.678500
v -7.103801 4.803711 -12.753948
v -7.072549 4.728263 -12.753948
v -6.997100 4.697011 -12.753948
v -6.997100 4.728263 -12.678500
v -6.997100 4.803711 -12.647248
v -6.699675 4.803711 -12.678500
v -6.775123 4.803711 -12.647248
v -6.775123 4.728263 -12.678500
v -6.775123 4.697011 -12.753948
v -6.699675 4.728263 -12.753948
v -6.668423 4.803711 -12.753948
v -7.072549 13.075348 -12.753948
v -7.103801 12.999900 -12.753948
v -7.072549 12.999900 -12.678500
v -6.997100 12.999900 -12.647248
v -6.997100 13.075348 -12.678500
v -6.997100 13.106600 -12.753948
v -6.699675 13.075348 -12.753948
v -6.775123 13.106600 -12.753948
v -6.775123 13.075348 -12.678500
v -6.775123 12.999900 -12.647248
v -6.699675 12.999900 -12.678500
v -6.668423 12.999900 -12.753948
v -7.072549 12.999900 -13.042840
v -7.103801 12.999900 -12.967392
v -7.072549 13.075348 -12.967392
v -6.997100 13.106600 -12.967392
v -6.997100 13.075348 -13.042840
v -6.997100 12.999900 -13.074092
v -6.699675 12.999900 -13.042840
v -6.775123 12.999900 -13.074092
v -6.775123 13.075348 -13.042840
v -6.775123 13.106600 -12.967392
v -6.699675 13.075348 -12.967392
v -6.668423 12.999900 -12.967392
v 6.656365 4.794386 -13.042840
v 6.731814 4.794386 -13.074092
v 6.731814 4.718938 -13.042840
v 6.731814 4.687686 -12.967392
v 6.656365 4.718938 -12.967392
v 6.625113 4.794386 -12.967392
v 7.029240 4.794386 -13.042840
v 7.060492 4.794386 -12.967392
v 7.029240 4.718938 -12.967392
v 6.953791 4.687686 -12.967392
v 6.953791 4.718938 -13.042840
v 6.953791 4.794386 -13.074092
v 6.656365 4.794386 -12.678500
v 6.625113 4.794386 -12.753948
v 6.656365 4.718938 -12.753948
v 6.731814 4.687686 -12.753948
v 6.731814 4.718938 -12.678500
v 6.731814 4.794386 -12.647248
v 7.029240 4.794386 -12.678500
v 6.953791 4.794386 -12.647248
v 6.953791 4.718938 -12.678500
v 6.953791 4.687686 -12.753948
v 7.029240 4.718938 -12.753948
v 7.060492 4.794386 -12.753948
v 6.656365 13.075348 -12.753948
v 6.625113 12.999900 -12.753948
v 6.656365 12.999900 -12.678500
v 6.731814 12.999900 -12.647248
v 6.731814 13.075348 -12.678500
v 6.731814 13.106600 -12.753948
v 7.029240 13.075348 -12.753948
v 6.953791 13.106600 -12.753948
v 6.953791 13.075348 -12.678500
v 6.953791 12.999900 -12.647248
v 7.029240 12.999900 -12.678500
v 7.060492 12.999900 -12.753948
v 6.656365 12.999900 -13.042840
v 6.625113 12.999900 -12.967392
v 6.656365 13.075348 -12.967392
v 6.731814 13.106600 -12.967392
v 6.731814 13.075348 -13.042840
v 6.731814 12.999900 -13.074092
v 7.029240 12.999900 -13.042840
v 6.953791 12.999900 -13.074092
v 6.953791 13.075348 -13.042840
v 6.953791 13.106600 -12.967392
v 7.029240 13.075348 -12.967392
v 7.060492 12.999900 -12.967392
v 6.921438 12.715458 -13.042840
v 6.921438 12.790906 -13.074092
v 6.996886 12.790906 -13.042840
v 7.028138 12.790906 -12.967392
v 6.996886 12.715458 -12.967392
v 6.921438 12.684206 -12.967392
v 6.921438 13.088331 -13.042840
v 6.921438 13.119583 -12.967392
v 6.996886 13.088331 -12.967392
v 7.028138 13.012883 -12.967392
v 6.996886 13.012883 -13.042840
v 6.921438 13.012883 -13.074092
v 6.921438 12.715458 -12.678500
v 6.921438 12.684206 -12.753948
v 6.996886 12.715458 -12.753948
v 7.028138 12.790906 -12.753948
v 6.996886 12.790906 -12.678500
v 6.921438 12.790906 -12.647248
v 6.921438 13.088331 -12.678500
v 6.921438 13.012883 -12.647248
v 6.996886 13.012883 -12.678500
v 7.028138 13.012883 -12.753948
v 6.996886 13.088331 -12.753948
v 6.921438 13.119583 -12.753948
v -6.930934 12.715458 -12.753948
v -6.855485 12.684206 -12.753948
v -6.855485 12.715458 -12.678500
v -6.855485 12.790906 -12.647248
v -6.930934 12.790906 -12.678500
v -6.962186 12.790906 -12.753948
v -6.930934 13.088331 -12.753948
v -6.962186 13.012883 -12.753948
v -6.930934 13.012883 -12.678500
v -6.855485 13.012883 -12.647248
v -6.855485 13.088331 -12.678500
v -6.855485 13.119583 -12.753948
v -6.855485 12.715458 -13.042840
v -6.855485 12.684206 -12.967392
v -6.930934 12.715458 -12.967392
v -6.962186 12.790906 -12.967392
v -6.930934 12.790906 -13.042840
v -6.855485 12.790906 -13.074092
v -6.855485 13.088331 -13.042840
v -6.855485 13.012883 -13.074092
v -6.930934 13.012883 -13.042840
v -6.962186 13.012883 -12.967392
v -6.930934 13.088331 -12.967392
v -6.855485 13.119583 -12.967392
v 6.921438 4.749998 -13.042840
v 6.921438 4.825446 -13.074092
v 6.996886 4.825446 -13.042840
v 7.028138 4.825446 -12.967392
v 6.996886 4.749998 -12.967392
v 6.921438 4.718746 -12.967392
v 6.921438 5.122872 -13.042840
v 6.921438 5.154124 -12.967392
v 6.996886 5.122872 -12.967392
v 7.028138 5.047423 -12.967392
v 6.996886 5.047423 -13.042840
v 6.921438 5.047423 -13.074092
v 6.921438 4.749998 -12.678500
v 6.921438 4.718746 -12.753948
v 6.996886 4.749998 -12.753948
v 7.028138 4.825446 -12.753948
v 6.996886 4.825446 -12.678500
v 6.921438 4.825446 -12.647248
v 6.921438 5.122872 -12.678500
v 6.921438 5.047423 -12.647248
v 6.996886 5.047423 -12.678500
v 7.028138 5.047423 -12.753948
v 6.996886 5.122872 -12.753948
v 6.921438 5.154124 -12.753948
v -6.930934 4.749998 -12.753948
v -6.855485 4.718746 -12.753948
v -6.855485 4.749998 -12.678500
v -6.855485 4.825446 -12.647248
v -6.930934 4.825446 -12.678500
v -6.962186 4.825446 -12.753948
v -6.930934 5.122872 -12.753948
v -6.962186 5.047423 -12.753948
v -6.930934 5.047423 -12.678500
v -6.855485 5.047423 -12.647248
v -6.855485 5.122872 -12.678500
v -6.855485 5.154124 -12.753948
v -6.855485 4.749998 -13.042840
v -6.855485 4.718746 -12.967392
v -6.930934 4.749998 -12.967392
v -6.962186 4.825446 -12.967392
v -6.930934 4.825446 -13.042840
v -6.855485 4.825446 -13.074092
v -6.855485 5.122872 -13.042840
v -6.855485 5.047423 -13.074092
v -6.930934 5.047423 -13.042840
v -6.962186 5.047423 -12.967392
v -6.930934 5.122872 -12.967392
v -6.855485 5.154124 -12.967392
v -7.058682 4.742129 -13.028974
v -6.713541 4.742129 -13.028974
v -7.058682 4.742129 -12.692367
v -6.713541 4.742129 -12.692367
v -7.058682 13.061481 -12.692367
v -6.713541 13.061481 -12.692367
v -7.058682 13.061481 -13.028974
v -6.713541 13.061481 -13.028974
v 6.670232 4.732804 -13.028974
v 7.015373 4.732804 -13.028974
v 6.670232 4.732804 -12.692367
v 7.015373 4.732804 -12.692367
v 6.670232 13.061481 -12.692367
v 7.015373 13.061481 -12.692367
v 6.670232 13.061481 -13.028974
v 7.015373 13.061481 -13.028974
v 6.983020 12.729324 -13.028974
v 6.983020 13.074465 -13.028974
v 6.983020 12.729324 -12.692367
v 6.983020 13.074465 -12.692367
v -6.917068 12.729324 -12.692367
v -6.917068 13.074465 -12.692367
v -6.917068 12.729324 -13.028974
v -6.917068 13.074465 -13.028974
v 6.983020 4.763864 -13.028974
v 6.983020 5.109005 -13.028974
v 6.983020 4.763864 -12.692367
v 6.983020 5.109005 -12.692367
v -6.917068 4.763864 -12.692367
v -6.917068 5.109005 -12.692367
v -6.917068 4.763864 -13.028974
v -6.917068 5.109005 -13.028974
v -12.087614 4.838600 -12.329047
v -12.073706 4.872179 -12.329047
v -12.087614 4.872179 -12.313898
v -12.121195 4.872179 -12.307623
v -12.121195 4.838600 -12.313898
v -12.121195 4.824691 -12.329047
v -12.087614 6.661801 -12.329047
v -12.121195 6.675711 -12.329047
v -12.121195 6.661801 -12.313898
v -12.121195 6.628222 -12.307623
v -12.087614 6.628222 -12.313898
v -12.073706 6.628222 -12.329047
v -13.869857 4.838600 -12.329047
v -13.836277 4.824691 -12.329047
v -13.836277 4.838600 -12.313898
v -13.836277 4.872179 -12.307623
v -13.869857 4.872179 -12.313898
v -13.883765 4.872179 -12.329047
v -13.869857 6.661801 -12.329047
v -13.883765 6.628222 -12.329047
v -13.869857 6.628222 -12.313898
v -13.836277 6.628222 -12.307623
v -13.836277 6.661801 -12.313898
v -13.836277 6.675711 -12.329047
v -13.836277 4.838600 -12.380426
v -13.836277 4.824691 -12.365278
v -13.869857 4.838600 -12.365278
v -13.883765 4.872179 -12.365278
v -13.869857 4.872179 -12.380426
v -13.836277 4.872179 -12.386702
v -13.836277 6.661801 -12.380426
v -13.836277 6.628222 -12.386702
v -13.869857 6.628222 -12.380426
v -13.883765 6.628222 -12.365278
v -13.869857 6.661801 -12.365278
v -13.836277 6.675711 -12.365278
v -12.087614 4.838600 -12.365278
v -12.121195 4.824691 -12.365278
v -12.121195 4.838600 -12.380426
v -12.121195 4.872179 -12.386702
v -12.087614 4.872179 -12.380426
v -12.073706 4.872179 -12.365278
v -12.087614 6.661801 -12.365278
v -12.073706 6.628222 -12.365278
v -12.087614 6.628222 -12.380426
v -12.121195 6.628222 -12.386702
v -12.121195 6.661801 -12.380426
v -12.121195 6.675711 -12.365278
v -12.093786 4.844771 -12.316683
v -12.093786 6.655630 -12.316683
v -13.863686 4.844771 -12.316683
v -13.863686 6.655630 -12.316683
v -13.863686 4.844771 -12.377642
v -13.863686 6.655630 -12.377642
v -12.093786 4.844771 -12.377642
v -12.093786 6.655630 -12.377642
v -15.912699 8.537304 -12.329047
v -15.898790 8.570883 -12.329047
v -15.912699 8.570883 -12.313898
v -15.946280 8.570883 -12.307623
v -15.946280 8.537304 -12.313898
v -15.946280 8.523396 -12.329047
v -15.912699 10.360506 -12.329047
v -15.946280 10.374414 -12.329047
v -15.946280 10.360506 -12.313898
v -15.946280 10.326927 -12.307623
v -15.912699 10.326927 -12.313898
v -15.898790 10.326927 -12.329047
v -17.694941 8.537304 -12.329047
v -17.661362 8.523396 -12.329047
v -17.661362 8.537304 -12.313898
v -17.661362 8.570883 -12.307623
v -17.694941 8.570883 -12.313898
v -17.708849 8.570883 -12.329047
v -17.694941 10.360506 -12.329047
v -17.708849 10.326927 -12.329047
v -17.694941 10.326927 -12.313898
v -17.661362 10.326927 -12.307623
v -17.661362 10.360506 -12.313898
v -17.661362 10.374414 -12.329047
v -17.661362 8.537304 -12.380426
v -17.661362 8.523396 -12.365278
v -17.694941 8.537304 -12.365278
v -17.708849 8.570883 -12.365278
v -17.694941 8.570883 -12.380426
v -17.661362 8.570883 -12.386702
v -17.661362 10.360506 -12.380426
v -17.661362 10.326927 -12.386702
v -17.694941 10.326927 -12.380426
v -17.708849 10.326927 -12.365278
v -17.694941 10.360506 -12.365278
v -17.661362 10.374414 -12.365278
v -15.912699 8.537304 -12.365278
v -15.946280 8.523396 -12.365278
v -15.946280 8.537304 -12.380426
v -15.946280 8.570883 -12.386702
v -15.912699 8.570883 -12.380426
v -15.898790 8.570883 -12.365278
v -15.912699 10.360506 -12.365278
v -15.898790 10.326927 -12.365278
v -15.912699 10.326927 -12.380426
v -15.946280 10.326927 -12.386702
v -15.946280 10.360506 -12.380426
v -15.946280 10.374414 -12.365278
v -15.918869 8.543476 -12.316683
v -15.918869 10.354334 -12.316683
v -17.688770 8.543476 -12.316683
v -17.688770 10.354334 -12.316683
v -17.688770 8.543476 -12.377642
v -17.688770 10.354334 -12.377642
v -15.918869 8.543476 -12.377642
v -15.918869 10.354334 -12.377642
v -15.914285 4.726422 -12.329047
v -15.900376 4.760001 -12.329047
v -15.914285 4.760001 -12.313898
v -15.947865 4.760001 -12.307623
v -15.947865 4.726422 -12.313898
v -15.947865 4.712513 -12.329047
v -15.914285 6.549623 -12.329047
v -15.947865 6.563533 -12.329047
v -15.947865 6.549623 -12.313898
v -15.947865 6.516045 -12.307623
v -15.914285 6.516045 -12.313898
v -15.900376 6.516045 -12.329047
v -17.696526 4.726422 -12.329047
v -17.662947 4.712513 -12.329047
v -17.662947 4.726422 -12.313898
v -17.662947 4.760001 -12.307623
v -17.696526 4.760001 -12.313898
v -17.710434 4.760001 -12.329047
v -17.696526 6.549623 -12.329047
v -17.710434 6.516045 -12.329047
v -17.696526 6.516045 -12.313898
v -17.662947 6.516045 -12.307623
v -17.662947 6.549623 -12.313898
v -17.662947 6.563533 -12.329047
v -17.662947 4.726422 -12.380426
v -17.662947 4.712513 -12.365278
v -17.696526 4.726422 -12.365278
v -17.710434 4.760001 -12.365278
v -17.696526 4.760001 -12.380426
v -17.662947 4.760001 -12.386702
v -17.662947 6.549623 -12.380426
v -17.662947 6.516045 -12.386702
v -17.696526 6.516045 -12.380426
v -17.710434 6.516045 -12.365278
v -17.696526 6.549623 -12.365278
v -17.662947 6.563533 -12.365278
v -15.914285 4.726422 -12.365278
v -15.947865 4.712513 -12.365278
v -15.947865 4.726422 -12.380426
v -15.947865 4.760001 -12.386702
v -15.914285 4.760001 -12.380426
v -15.900376 4.760001 -12.365278
v -15.914285 6.549623 -12.365278
v -15.900376 6.516045 -12.365278
v -15.914285 6.516045 -12.380426
v -15.947865 6.516045 -12.386702
v -15.947865 6.549623 -12.380426
v -15.947865 6.563533 -12.365278
v -15.920455 4.732594 -12.316683
v -15.920455 6.543452 -12.316683
v -17.690355 4.732594 -12.316683
v -17.690355 6.543452 -12.316683
v -17.690355 4.732594 -12.377642
v -17.690355 6.543452 -12.377642
v -15.920455 4.732594 -12.377642
v -15.920455 6.543452 -12.377642
v -14.002045 6.660769 -12.329047
v -13.988136 6.694347 -12.329047
v -14.002045 6.694347 -12.313898
v -14.035625 6.694347 -12.307623
v -14.035625 6.660769 -12.313898
v -14.035625 6.646859 -12.329047
v -14.002045 8.483970 -12.329047
v -14.035625 8.497879 -12.329047
v -14.035625 8.483970 -12.313898
v -14.035625 8.450391 -12.307623
v -14.002045 8.450391 -12.313898
v -13.988136 8.450391 -12.329047
v -15.784286 6.660769 -12.329047
v -15.750707 6.646859 -12.329047
v -15.750707 6.660769 -12.313898
v -15.750707 6.694347 -12.307623
v -15.784286 6.694347 -12.313898
v -15.798195 6.694347 -12.329047
v -15.784286 8.483970 -12.329047
v -15.798195 8.450391 -12.329047
v -15.784286 8.450391 -12.313898
v -15.750707 8.450391 -12.307623
v -15.750707 8.483970 -12.313898
v -15.750707 8.497879 -12.329047
v -15.750707 6.660769 -12.380426
v -15.750707 6.646859 -12.365278
v -15.784286 6.660769 -12.365278
v -15.798195 6.694347 -12.365278
v -15.784286 6.694347 -12.380426
v -15.750707 6.694347 -12.386702
v -15.750707 8.483970 -12.380426
v -15.750707 8.450391 -12.386702
v -15.784286 8.450391 -12.380426
v -15.798195 8.450391 -12.365278
v -15.784286 8.483970 -12.365278
v -15.750707 8.497879 -12.365278
v -14.002045 6.660769 -12.365278
v -14.035625 6.646859 -12.365278
v -14.035625 6.660769 -12.380426
v -14.035625 6.694347 -12.386702
v -14.002045 6.694347 -12.380426
v -13.988136 6.694347 -12.365278
v -14.002045 8.483970 -12.365278
v -13.988136 8.450391 -12.365278
v -14.002045 8.450391 -12.380426
v -14.035625 8.450391 -12.386702
v -14.035625 8.483970 -12.380426
v -14.035625 8.497879 -12.365278
v -14.008215 6.666940 -12.316683
v -14.008215 8.477798 -12.316683
v -15.778115 6.666940 -12.316683
v -15.778115 8.477798 -12.316683
v -15.778115 6.666940 -12.377642
v -15.778115 8.477798 -12.377642
v -14.008215 6.666940 -12.377642
v -14.008215 8.477798 -12.377642
v -12.089806 8.595116 -12.329047
v -12.075897 8.628695 -12.329047
v -12.089806 8.628695 -12.313898
v -12.123386 8.628695 -12.307623
v -12.123386 8.595116 -12.313898
v -12.123386 8.581205 -12.329047
v -12.089806 10.418316 -12.329047
v -12.123386 10.432226 -12.329047
v -12.123386 10.418316 -12.313898
v -12.123386 10.384737 -12.307623
v -12.089806 10.384737 -12.313898
v -12.075897 10.384737 -12.329047
v -13.872047 8.595116 -12.329047
v -13.838468 8.581205 -12.329047
v -13.838468 8.595116 -12.313898
v -13.838468 8.628695 -12.307623
v -13.872047 8.628695 -12.313898
v -13.885956 8.628695 -12.329047
v -13.872047 10.418316 -12.329047
v -13.885956 10.384737 -12.329047
v -13.872047 10.384737 -12.313898
v -13.838468 10.384737 -12.307623
v -13.838468 10.418316 -12.313898
v -13.838468 10.432226 -12.329047
v -13.838468 8.595116 -12.380426
v -13.838468 8.581205 -12.365278
v -13.872047 8.595116 -12.365278
v -13.885956 8.628695 -12.365278
v -13.872047 8.628695 -12.380426
v -13.838468 8.628695 -12.386702
v -13.838468 10.418316 -12.380426
v -13.838468 10.384737 -12.386702
v -13.872047 10.384737 -12.380426
v -13.885956 10.384737 -12.365278
v -13.872047 10.418316 -12.365278
v -13.838468 10.432226 -12.365278
v -12.089806 8.595116 -12.365278
v -12.123386 8.581205 -12.365278
v -12.123386 8.595116 -12.380426
v -12.123386 8.628695 -12.386702
v -12.089806 8.628695 -12.380426
v -12.075897 8.628695 -12.365278
v -12.089806 10.418316 -12.365278
v -12.075897 10.384737 -12.365278
v -12.089806 10.384737 -12.380426
v -12.123386 10.384737 -12.386702
v -12.123386 10.418316 -12.380426
v -12.123386 10.432226 -12.365278
v -12.095976 8.601286 -12.316683
v -12.095976 10.412146 -12.316683
v -13.865876 8.601286 -12.316683
v -13.865876 10.412146 -12.316683
v -13.865876 8.601286 -12.377642
v -13.865876 10.412146 -12.377642
v -12.095976 8.601286 -12.377642
v -12.095976 10.412146 -12.377642
v -6.745698 4.956688 -12.824602
v -6.708486 4.941275 -12.824602
v -6.708486 4.956688 -12.787390
v -6.708486 4.993901 -12.771976
v -6.745698 4.993901 -12.787390
v -6.761113 4.993901 -12.824602
v 6.745698 4.956688 -12.824602
v 6.761113 4.993901 -12.824602
v 6.745698 4.993901 -12.787390
v 6.708486 4.993901 -12.771976
v 6.708486 4.956688 -12.787390
v 6.708486 4.941275 -12.824602
v -6.745698 12.880109 -12.824602
v -6.761113 12.842898 -12.824602
v -6.745698 12.842898 -12.787390
v -6.708486 12.842898 -12.771976
v -6.708486 12.880109 -12.787390
v -6.708486 12.895523 -12.824602
v 6.745698 12.880109 -12.824602
v 6.708486 12.895523 -12.824602
v 6.708486 12.880109 -12.787390
v 6.708486 12.842898 -12.771976
v 6.745698 12.842898 -12.787390
v 6.761113 12.842898 -12.824602
v -6.745698 12.842898 -12.967089
v -6.761113 12.842898 -12.929876
v -6.745698 12.880109 -12.929876
v -6.708486 12.895523 -12.929876
v -6.708486 12.880109 -12.967089
v -6.708486 12.842898 -12.982503
v 6.745698 12.842898 -12.967089
v 6.708486 12.842898 -12.982503
v 6.708486 12.880109 -12.967089
v 6.708486 12.895523 -12.929876
v 6.745698 12.880109 -12.929876
v 6.761113 12.842898 -12.929876
v -6.745698 4.956688 -12.929876
v -6.761113 4.993901 -12.929876
v -6.745698 4.993901 -12.967089
v -6.708486 4.993901 -12.982503
v -6.708486 4.956688 -12.967089
v -6.708486 4.941275 -12.929876
v 6.745698 4.956688 -12.929876
v 6.708486 4.941275 -12.929876
v 6.708486 4.956688 -12.967089
v 6.708486 4.993901 -12.982503
v 6.745698 4.993901 -12.967089
v 6.761113 4.993901 -12.929876
v -6.738860 4.963528 -12.794229
v 6.738860 4.963528 -12.794229
v -6.738860 12.873272 -12.794229
v 6.738860 12.873272 -12.794229
v -6.738860 12.873272 -12.960250
v 6.738860 12.873272 -12.960250
v -6.738860 4.963528 -12.960250
v 6.738860 4.963528 -12.960250
v -7.241379 4.787860 -12.405431
v -7.224840 4.827789 -12.405431
v -7.241379 4.827789 -12.365502
v -7.281307 4.827789 -12.348964
v -7.281307 4.787860 -12.365502
v -7.281307 4.771321 -12.405431
v -7.241379 13.030910 -12.405431
v -7.281307 13.047448 -12.405431
v -7.281307 13.030910 -12.365502
v -7.281307 12.990981 -12.348964
v -7.241379 12.990981 -12.365502
v -7.224840 12.990981 -12.405431
v -9.121174 4.787860 -12.405431
v -9.081245 4.771321 -12.405431
v -9.081245 4.787860 -12.365502
v -9.081245 4.827789 -12.348964
v -9.121174 4.827789 -12.365502
v -9.137712 4.827789 -12.405431
v -9.121174 13.030910 -12.405431
v -9.137712 12.990981 -12.405431
v -9.121174 12.990981 -12.365502
v -9.081245 12.990981 -12.348964
v -9.081245 13.030910 -12.365502
v -9.081245 13.047448 -12.405431
v -9.081245 4.787860 -13.550197
v -9.081245 4.771321 -13.510268
v -9.121174 4.787860 -13.510268
v -9.137712 4.827789 -13.510268
v -9.121174 4.827789 -13.550197
v -9.081245 4.827789 -13.566735
v -9.081245 13.030910 -13.550197
v -9.081245 12.990981 -13.566735
v -9.121174 12.990981 -13.550197
v -9.137712 12.990981 -13.510268
v -9.121174 13.030910 -13.510268
v -9.081245 13.047448 -13.510268
v -7.241379 4.787860 -13.510268
v -7.281307 4.771321 -13.510268
v -7.281307 4.787860 -13.550197
v -7.281307 4.827789 -13.566735
v -7.241379 4.827789 -13.550197
v -7.224840 4.827789 -13.510268
v -7.241379 13.030910 -13.510268
v -7.224840 12.990981 -13.510268
v -7.241379 12.990981 -13.550197
v -7.281307 12.990981 -13.566735
v -7.281307 13.030910 -13.550197
v -7.281307 13.047448 -13.510268
v 8.890593 4.898507 -12.449586
v 8.907131 4.938435 -12.449586
v 8.890593 4.938435 -12.409657
v 8.850664 4.938435 -12.393119
v 8.850664 4.898507 -12.409657
v 8.850664 4.881968 -12.449586
v 8.890593 13.072992 -12.449586
v 8.850664 13.089531 -12.449586
v 8.850664 13.072992 -12.409657
v 8.850664 13.033064 -12.393119
v 8.890593 13.033064 -12.409657
v 8.907131 13.033064 -12.449586
v 7.145582 4.898507 -12.449586
v 7.185510 4.881968 -12.449586
v 7.185510 4.898507 -12.409657
v 7.185510 4.938435 -12.393119
v 7.145582 4.938435 -12.409657
v 7.129043 4.938435 -12.449586
v 7.145582 13.072992 -12.449586
v 7.129043 13.033064 -12.449586
v 7.145582 13.033064 -12.409657
v 7.185510 13.033064 -12.393119
v 7.185510 13.072992 -12.409657
v 7.185510 13.089531 -12.449586
v 7.185510 4.898507 -13.506042
v 7.185510 4.881968 -13.466113
v 7.145582 4.898507 -13.466113
v 7.129043 4.938435 -13.466113
v 7.145582 4.938435 -13.506042
v 7.185510 4.938435 -13.522580
v 7.185510 13.072992 -13.506042
v 7.185510 13.033064 -13.522580
v 7.145582 13.033064 -13.506042
v 7.129043 13.033064 -13.466113
v 7.145582 13.072992 -13.466113
v 7.185510 13.089531 -13.466113
v 8.890593 4.898507 -13.466113
v 8.850664 4.881968 -13.466113
v 8.850664 4.898507 -13.506042
v 8.850664 4.938435 -13.522580
v 8.890593 4.938435 -13.506042
v 8.907131 4.938435 -13.466113
v 8.890593 13.072992 -13.466113
v 8.907131 13.033064 -13.466113
v 8.890593 13.033064 -13.506042
v 8.850664 13.033064 -13.522580
v 8.850664 13.072992 -13.506042
v 8.850664 13.089531 -13.466113
v -7.106986 13.111104 -12.405431
v -7.067057 13.094565 -12.405431
v -7.067057 13.111104 -12.365502
v -7.067057 13.151032 -12.348964
v -7.106986 13.151032 -12.365502
v -7.123525 13.151032 -12.405431
v 7.011119 13.111104 -12.405431
v 7.027658 13.151032 -12.405431
v 7.011119 13.151032 -12.365502
v 6.971191 13.151032 -12.348964
v 6.971191 13.111104 -12.365502
v 6.971191 13.094565 -12.405431
v -7.106986 14.943518 -12.405431
v -7.123525 14.903589 -12.405431
v -7.106986 14.903589 -12.365502
v -7.067057 14.903589 -12.348964
v -7.067057 14.943518 -12.365502
v -7.067057 14.960056 -12.405431
v 7.011119 14.943518 -12.405431
v 6.971191 14.960056 -12.405431
v 6.971191 14.943518 -12.365502
v 6.971191 14.903589 -12.348964
v 7.011119 14.903589 -12.365502
v 7.027658 14.903589 -12.405431
v -7.106986 14.903589 -13.550197
v -7.123525 14.903589 -13.510268
v -7.106986 14.943518 -13.510268
v -7.067057 14.960056 -13.510268
v -7.067057 14.943518 -13.550197
v -7.067057 14.903589 -13.566735
v 7.011119 14.903589 -13.550197
v 6.971191 14.903589 -13.566735
v 6.971191 14.943518 -13.550197
v 6.971191 14.960056 -13.510268
v 7.011119 14.943518 -13.510268
v 7.027658 14.903589 -13.510268
v -7.106986 13.111104 -13.510268
v -7.123525 13.151032 -13.510268
v -7.106986 13.151032 -13.550197
v -7.067057 13.151032 -13.566735
v -7.067057 13.111104 -13.550197
v -7.067057 13.094565 -13.510268
v 7.011119 13.111104 -13.510268
v 6.971191 13.094565 -13.510268
v 6.971191 13.111104 -13.550197
v 6.971191 13.151032 -13.566735
v 7.011119 13.151032 -13.550197
v 7.027658 13.151032 -13.510268
v -7.106986 2.834793 -12.405431
v -7.067057 2.818254 -12.405431
v -7.067057 2.834793 -12.365502
v -7.067057 2.874722 -12.348964
v -7.106986 2.874722 -12.365502
v -7.123525 2.874722 -12.405431
v 7.011119 2.834793 -12.405431
v 7.027658 2.874722 -12.405431
v 7.011119 2.874722 -12.365502
v 6.971191 2.874722 -12.348964
v 6.971191 2.834793 -12.365502
v 6.971191 2.818254 -12.405431
v -7.106986 4.812826 -12.405431
v -7.123525 4.772897 -12.405431
v -7.106986 4.772897 -12.365502
v -7.067057 4.772897 -12.348964
v -7.067057 4.812826 -12.365502
v -7.067057 4.829365 -12.405431
v 7.011119 4.812826 -12.405431
v 6.971191 4.829365 -12.405431
v 6.971191 4.812826 -12.365502
v 6.971191 4.772897 -12.348964
v 7.011119 4.772897 -12.365502
v 7.027658 4.772897 -12.405431
v -7.106986 4.772897 -13.550197
v -7.123525 4.772897 -13.510268
v -7.106986 4.812826 -13.510268
v -7.067057 4.829365 -13.510268
v -7.067057 4.812826 -13.550197
v -7.067057 4.772897 -13.566735
v 7.011119 4.772897 -13.550197
v 6.971191 4.772897 -13.566735
v 6.971191 4.812826 -13.550197
v 6.971191 4.829365 -13.510268
v 7.011119 4.812826 -13.510268
v 7.027658 4.772897 -13.510268
v -7.106986 2.834793 -13.510268
v -7.123525 2.874722 -13.510268
v -7.106986 2.874722 -13.550197
v -7.067057 2.874722 -13.566735
v -7.067057 2.834793 -13.550197
v -7.067057 2.818254 -13.510268
v 7.011119 2.834793 -13.510268
v 6.971191 2.818254 -13.510268
v 6.971191 2.834793 -13.550197
v 6.971191 2.874722 -13.566735
v 7.011119 2.874722 -13.550197
v 7.027658 2.874722 -13.510268
v -7.248717 4.795198 -12.372841
v -7.248717 13.023571 -12.372841
v -9.113835 4.795198 -12.372841
v -9.113835 13.023571 -12.372841
v -9.113835 4.795198 -13.542858
v -9.113835 13.023571 -13.542858
v -7.248717 4.795198 -13.542858
v -7.248717 13.023571 -13.542858
v 8.883253 4.905845 -12.416996
v 8.883253 13.065654 -12.416996
v 7.152920 4.905845 -12.416996
v 7.152920 13.065654 -12.416996
v 7.152920 4.905845 -13.498703
v 7.152920 13.065654 -13.498703
v 8.883253 4.905845 -13.498703
v 8.883253 13.065654 -13.498703
v -7.099648 13.118443 -12.372841
v 7.003781 13.118443 -12.372841
v -7.099648 14.936179 -12.372841
v 7.003781 14.936179 -12.372841
v -7.099648 14.936179 -13.542858
v 7.003781 14.936179 -13.542858
v -7.099648 13.118443 -13.542858
v 7.003781 13.118443 -13.542858
v -7.099648 2.842131 -12.372841
v 7.003781 2.842131 -12.372841
v -7.099648 4.805488 -12.372841
v 7.003781 4.805488 -12.372841
v -7.099648 4.805488 -13.542858
v 7.003781 4.805488 -13.542858
v -7.099648 2.842131 -13.542858
v 7.003781 2.842131 -13.542858
v 17.475098 4.838600 -12.329047
v 17.489006 4.872179 -12.329047
v 17.475098 4.872179 -12.313898
v 17.441517 4.872179 -12.307623
v 17.441517 4.838600 -12.313898
v 17.441517 4.824691 -12.329047
v 17.475098 6.661801 -12.329047
v 17.441517 6.675711 -12.329047
v 17.441517 6.661801 -12.313898
v 17.441517 6.628222 -12.307623
v 17.475098 6.628222 -12.313898
v 17.489006 6.628222 -12.329047
v 15.692855 4.838600 -12.329047
v 15.726435 4.824691 -12.329047
v 15.726435 4.838600 -12.313898
v 15.726435 4.872179 -12.307623
v 15.692855 4.872179 -12.313898
v 15.678946 4.872179 -12.329047
v 15.692855 6.661801 -12.329047
v 15.678946 6.628222 -12.329047
v 15.692855 6.628222 -12.313898
v 15.726435 6.628222 -12.307623
v 15.726435 6.661801 -12.313898
v 15.726435 6.675711 -12.329047
v 15.726435 4.838600 -12.380426
v 15.726435 4.824691 -12.365278
v 15.692855 4.838600 -12.365278
v 15.678946 4.872179 -12.365278
v 15.692855 4.872179 -12.380426
v 15.726435 4.872179 -12.386702
v 15.726435 6.661801 -12.380426
v 15.726435 6.628222 -12.386702
v 15.692855 6.628222 -12.380426
v 15.678946 6.628222 -12.365278
v 15.692855 6.661801 -12.365278
v 15.726435 6.675711 -12.365278
v 17.475098 4.838600 -12.365278
v 17.441517 4.824691 -12.365278
v 17.441517 4.838600 -12.380426
v 17.441517 4.872179 -12.386702
v 17.475098 4.872179 -12.380426
v 17.489006 4.872179 -12.365278
v 17.475098 6.661801 -12.365278
v 17.489006 6.628222 -12.365278
v 17.475098 6.628222 -12.380426
v 17.441517 6.628222 -12.386702
v 17.441517 6.661801 -12.380426
v 17.441517 6.675711 -12.365278
v 17.468925 4.844771 -12.316683
v 17.468925 6.655630 -12.316683
v 15.699026 4.844771 -12.316683
v 15.699026 6.655630 -12.316683
v 15.699026 4.844771 -12.377642
v 15.699026 6.655630 -12.377642
v 17.468925 4.844771 -12.377642
v 17.468925 6.655630 -12.377642
v 13.650013 8.537304 -12.329047
v 13.663921 8.570883 -12.329047
v 13.650013 8.570883 -12.313898
v 13.616432 8.570883 -12.307623
v 13.616432 8.537304 -12.313898
v 13.616432 8.523396 -12.329047
v 13.650013 10.360506 -12.329047
v 13.616432 10.374414 -12.329047
v 13.616432 10.360506 -12.313898
v 13.616432 10.326927 -12.307623
v 13.650013 10.326927 -12.313898
v 13.663921 10.326927 -12.329047
v 11.867771 8.537304 -12.329047
v 11.901350 8.523396 -12.329047
v 11.901350 8.537304 -12.313898
v 11.901350 8.570883 -12.307623
v 11.867771 8.570883 -12.313898
v 11.853863 8.570883 -12.329047
v 11.867771 10.360506 -12.329047
v 11.853863 10.326927 -12.329047
v 11.867771 10.326927 -12.313898
v 11.901350 10.326927 -12.307623
v 11.901350 10.360506 -12.313898
v 11.901350 10.374414 -12.329047
v 11.901350 8.537304 -12.380426
v 11.901350 8.523396 -12.365278
v 11.867771 8.537304 -12.365278
v 11.853863 8.570883 -12.365278
v 11.867771 8.570883 -12.380426
v 11.901350 8.570883 -12.386702
v 11.901350 10.360506 -12.380426
v 11.901350 10.326927 -12.386702
v 11.867771 10.326927 -12.380426
v 11.853863 10.326927 -12.365278
v 11.867771 10.360506 -12.365278
v 11.901350 10.374414 -12.365278
v 13.650013 8.537304 -12.365278
v 13.616432 8.523396 -12.365278
v 13.616432 8.537304 -12.380426
v 13.616432 8.570883 -12.386702
v 13.650013 8.570883 -12.380426
v 13.663921 8.570883 -12.365278
v 13.650013 10.360506 -12.365278
v 13.663921 10.326927 -12.365278
v 13.650013 10.326927 -12.380426
v 13.616432 10.326927 -12.386702
v 13.616432 10.360506 -12.380426
v 13.616432 10.374414 -12.365278
v 13.643843 8.543476 -12.316683
v 13.643843 10.354334 -12.316683
v 11.873941 8.543476 -12.316683
v 11.873941 10.354334 -12.316683
v 11.873941 8.543476 -12.377642
v 11.873941 10.354334 -12.377642
v 13.643843 8.543476 -12.377642
v 13.643843 10.354334 -12.377642
v 13.648427 4.726422 -12.329047
v 13.662335 4.760001 -12.329047
v 13.648427 4.760001 -12.313898
v 13.614846 4.760001 -12.307623
v 13.614846 4.726422 -12.313898
v 13.614846 4.712513 -12.329047
v 13.648427 6.549623 -12.329047
v 13.614846 6.563533 -12.329047
v 13.614846 6.549623 -12.313898
v 13.614846 6.516045 -12.307623
v 13.648427 6.516045 -12.313898
v 13.662335 6.516045 -12.329047
v 11.866185 4.726422 -12.329047
v 11.899765 4.712513 -12.329047
v 11.899765 4.726422 -12.313898
v 11.899765 4.760001 -12.307623
v 11.866185 4.760001 -12.313898
v 11.852277 4.760001 -12.329047
v 11.866185 6.549623 -12.329047
v 11.852277 6.516045 -12.329047
v 11.866185 6.516045 -12.313898
v 11.899765 6.516045 -12.307623
v 11.899765 6.549623 -12.313898
v 11.899765 6.563533 -12.329047
v 11.899765 4.726422 -12.380426
v 11.899765 4.712513 -12.365278
v 11.866185 4.726422 -12.365278
v 11.852277 4.760001 -12.365278
v 11.866185 4.760001 -12.380426
v 11.899765 4.760001 -12.386702
v 11.899765 6.549623 -12.380426
v 11.899765 6.516045 -12.386702
v 11.866185 6.516045 -12.380426
v 11.852277 6.516045 -12.365278
v 11.866185 6.549623 -12.365278
v 11.899765 6.563533 -12.365278
v 13.648427 4.726422 -12.365278
v 13.614846 4.712513 -12.365278
v 13.614846 4.726422 -12.380426
v 13.614846 4.760001 -12.386702
v 13.648427 4.760001 -12.380426
v 13.662335 4.760001 -12.365278
v 13.648427 6.549623 -12.365278
v 13.662335 6.516045 -12.365278
v 13.648427 6.516045 -12.380426
v 13.614846 6.516045 -12.386702
v 13.614846 6.549623 -12.380426
v 13.614846 6.563533 -12.365278
v 13.642257 4.732594 -12.316683
v 13.642257 6.543452 -12.316683
v 11.872356 4.732594 -12.316683
v 11.872356 6.543452 -12.316683
v 11.872356 4.732594 -12.377642
v 11.872356 6.543452 -12.377642
v 13.642257 4.732594 -12.377642
v 13.642257 6.543452 -12.377642
v 15.560667 6.660769 -12.329047
v 15.574575 6.694347 -12.329047
v 15.560667 6.694347 -12.313898
v 15.527086 6.694347 -12.307623
v 15.527086 6.660769 -12.313898
v 15.527086 6.646859 -12.329047
v 15.560667 8.483970 -12.329047
v 15.527086 8.497879 -12.329047
v 15.527086 8.483970 -12.313898
v 15.527086 8.450391 -12.307623
v 15.560667 8.450391 -12.313898
v 15.574575 8.450391 -12.329047
v 13.778425 6.660769 -12.329047
v 13.812005 6.646859 -12.329047
v 13.812005 6.660769 -12.313898
v 13.812005 6.694347 -12.307623
v 13.778425 6.694347 -12.313898
v 13.764517 6.694347 -12.329047
v 13.778425 8.483970 -12.329047
v 13.764517 8.450391 -12.329047
v 13.778425 8.450391 -12.313898
v 13.812005 8.450391 -12.307623
v 13.812005 8.483970 -12.313898
v 13.812005 8.497879 -12.329047
v 13.812005 6.660769 -12.380426
v 13.812005 6.646859 -12.365278
v 13.778425 6.660769 -12.365278
v 13.764517 6.694347 -12.365278
v 13.778425 6.694347 -12.380426
v 13.812005 6.694347 -12.386702
v 13.812005 8.483970 -12.380426
v 13.812005 8.450391 -12.386702
v 13.778425 8.450391 -12.380426
v 13.764517 8.450391 -12.365278
v 13.778425 8.483970 -12.365278
v 13.812005 8.497879 -12.365278
v 15.560667 6.660769 -12.365278
v 15.527086 6.646859 -12.365278
v 15.527086 6.660769 -12.380426
v 15.527086 6.694347 -12.386702
v 15.560667 6.694347 -12.380426
v 15.574575 6.694347 -12.365278
v 15.560667 8.483970 -12.365278
v 15.574575 8.450391 -12.365278
v 15.560667 8.450391 -12.380426
v 15.527086 8.450391 -12.386702
v 15.527086 8.483970 -12.380426
v 15.527086 8.497879 -12.365278
v 15.554497 6.666940 -12.316683
v 15.554497 8.477798 -12.316683
v 13.784596 6.666940 -12.316683
v 13.784596 8.477798 -12.316683
v 13.784596 6.666940 -12.377642
v 13.784596 8.477798 -12.377642
v 15.554497 6.666940 -12.377642
v 15.554497 8.477798 -12.377642
v 17.472906 8.595116 -12.329047
v 17.486814 8.628695 -12.329047
v 17.472906 8.628695 -12.313898
v 17.439325 8.628695 -12.307623
v 17.439325 8.595116 -12.313898
v 17.439325 8.581205 -12.329047
v 17.472906 10.418316 -12.329047
v 17.439325 10.432226 -12.329047
v 17.439325 10.418316 -12.313898
v 17.439325 10.384737 -12.307623
v 17.472906 10.384737 -12.313898
v 17.486814 10.384737 -12.329047
v 15.690664 8.595116 -12.329047
v 15.724244 8.581205 -12.329047
v 15.724244 8.595116 -12.313898
v 15.724244 8.628695 -12.307623
v 15.690664 8.628695 -12.313898
v 15.676756 8.628695 -12.329047
v 15.690664 10.418316 -12.329047
v 15.676756 10.384737 -12.329047
v 15.690664 10.384737 -12.313898
v 15.724244 10.384737 -12.307623
v 15.724244 10.418316 -12.313898
v 15.724244 10.432226 -12.329047
v 15.724244 8.595116 -12.380426
v 15.724244 8.581205 -12.365278
v 15.690664 8.595116 -12.365278
v 15.676756 8.628695 -12.365278
v 15.690664 8.628695 -12.380426
v 15.724244 8.628695 -12.386702
v 15.724244 10.418316 -12.380426
v 15.724244 10.384737 -12.386702
v 15.690664 10.384737 -12.380426
v 15.676756 10.384737 -12.365278
v 15.690664 10.418316 -12.365278
v 15.724244 10.432226 -12.365278
v 17.472906 8.595116 -12.365278
v 17.439325 8.581205 -12.365278
v 17.439325 8.595116 -12.380426
v 17.439325 8.628695 -12.386702
v 17.472906 8.628695 -12.380426
v 17.486814 8.628695 -12.365278
v 17.472906 10.418316 -12.365278
v 17.486814 10.384737 -12.365278
v 17.472906 10.384737 -12.380426
v 17.439325 10.384737 -12.386702
v 17.439325 10.418316 -12.380426
v 17.439325 10.432226 -12.365278
v 17.466736 8.601286 -12.316683
v 17.466736 10.412146 -12.316683
v 15.696836 8.601286 -12.316683
v 15.696836 10.412146 -12.316683
v 15.696836 8.601286 -12.377642
v 15.696836 10.412146 -12.377642
v 17.466736 8.601286 -12.377642
v 17.466736 10.412146 -12.377642
vt 0.422164 0.982802
vt 0.426763 0.914654
vt 0.422926 0.982957
vt 0.428165 0.914663
vt 0.426753 0.915422
vt 0.427607 0.915421
vt 0.428185 0.915413
vt 0.397440 0.913902
vt 0.426747 0.952514
vt 0.427731 0.952514
vt 0.456940 0.914651
vt 0.456920 0.913902
vt 0.427513 0.954668
vt 0.426770 0.953995
vt 0.427605 0.954068
vt 0.632830 0.986531
vt 0.637430 0.918384
vt 0.633591 0.986686
vt 0.638830 0.918392
vt 0.637420 0.919151
vt 0.638272 0.919150
vt 0.638849 0.919141
vt 0.608107 0.917631
vt 0.637414 0.956245
vt 0.638397 0.956244
vt 0.667605 0.918379
vt 0.667585 0.917631
vt 0.638179 0.958393
vt 0.637437 0.957723
vt 0.638271 0.957795
vt 0.215022 0.988487
vt 0.219788 0.920554
vt 0.215483 0.988582
vt 0.220630 0.920559
vt 0.219781 0.921017
vt 0.220296 0.921017
vt 0.220645 0.921010
vt 0.190381 0.919606
vt 0.219777 0.958512
vt 0.220373 0.958512
vt 0.249710 0.920057
vt 0.249695 0.919606
vt 0.220239 0.959815
vt 0.219791 0.959407
vt 0.220295 0.959452
vt 0.699744 0.988487
vt 0.704510 0.920555
vt 0.700205 0.988582
vt 0.705351 0.920559
vt 0.704503 0.921017
vt 0.705017 0.921016
vt 0.705365 0.921010
vt 0.675103 0.919606
vt 0.704498 0.958505
vt 0.705095 0.958505
vt 0.734431 0.920057
vt 0.734417 0.919606
vt 0.704960 0.959822
vt 0.704510 0.959411
vt 0.705019 0.959456
vt 0.427596 0.914653
vt 0.426690 0.916050
vt 0.427672 0.916048
vt 0.426775 0.953166
vt 0.427684 0.953195
vt 0.426745 0.954546
vt 0.426195 0.914664
vt 0.426175 0.915414
vt 0.397420 0.914651
vt 0.638262 0.918384
vt 0.637356 0.919778
vt 0.638338 0.919776
vt 0.637441 0.956897
vt 0.638352 0.956926
vt 0.637413 0.958271
vt 0.636863 0.918394
vt 0.636843 0.919143
vt 0.608087 0.918379
vt 0.220289 0.920554
vt 0.219741 0.921396
vt 0.220337 0.921395
vt 0.219794 0.958906
vt 0.220344 0.958925
vt 0.219775 0.959739
vt 0.219446 0.920560
vt 0.219432 0.921010
vt 0.190367 0.920057
vt 0.705010 0.920555
vt 0.704462 0.921395
vt 0.705058 0.921394
vt 0.704513 0.958902
vt 0.705068 0.958921
vt 0.704496 0.959746
vt 0.704169 0.920560
vt 0.704154 0.921010
vt 0.675088 0.920057
vt 0.421881 0.982746
vt 0.426203 0.914378
vt 0.426742 0.914342
vt 0.420962 0.983044
vt 0.426475 0.914662
vt 0.428157 0.914376
vt 0.423210 0.983004
vt 0.427885 0.914660
vt 0.422768 0.983524
vt 0.427617 0.914342
vt 0.426168 0.915701
vt 0.426327 0.916049
vt 0.426458 0.915424
vt 0.426723 0.915724
vt 0.428035 0.916046
vt 0.428192 0.915700
vt 0.427638 0.915723
vt 0.427902 0.915422
vt 0.397133 0.914652
vt 0.426439 0.953152
vt 0.426383 0.952516
vt 0.397412 0.914937
vt 0.426766 0.952844
vt 0.428041 0.953204
vt 0.457227 0.914652
vt 0.427706 0.952857
vt 0.456948 0.914937
vt 0.428094 0.952515
vt 0.397447 0.913616
vt 0.426464 0.954500
vt 0.426455 0.954012
vt 0.397153 0.913886
vt 0.426764 0.954278
vt 0.427795 0.954713
vt 0.456913 0.913616
vt 0.427559 0.954374
vt 0.457207 0.913886
vt 0.427941 0.954131
vt 0.632547 0.986475
vt 0.636871 0.918107
vt 0.637409 0.918072
vt 0.631628 0.986773
vt 0.637142 0.918392
vt 0.638822 0.918106
vt 0.633874 0.986733
vt 0.638550 0.918391
vt 0.633431 0.987250
vt 0.638283 0.918071
vt 0.636836 0.919429
vt 0.636994 0.919777
vt 0.637126 0.919152
vt 0.637390 0.919453
vt 0.638701 0.919774
vt 0.638857 0.919428
vt 0.638303 0.919452
vt 0.638567 0.919151
vt 0.607799 0.918380
vt 0.637105 0.956883
vt 0.637051 0.956246
vt 0.608079 0.918665
vt 0.637432 0.956574
vt 0.638708 0.956935
vt 0.667893 0.918380
vt 0.638374 0.956588
vt 0.667612 0.918665
vt 0.638760 0.956245
vt 0.608114 0.917345
vt 0.637132 0.958225
vt 0.637123 0.957740
vt 0.607820 0.917615
vt 0.637431 0.958004
vt 0.638462 0.958438
vt 0.667578 0.917345
vt 0.638226 0.958101
vt 0.667872 0.917615
vt 0.638607 0.957859
vt 0.214851 0.988453
vt 0.219452 0.920387
vt 0.219775 0.920367
vt 0.213820 0.988637
vt 0.219614 0.920559
vt 0.220624 0.920387
vt 0.215655 0.988611
vt 0.220463 0.920558
vt 0.215345 0.989044
vt 0.220301 0.920367
vt 0.219426 0.921183
vt 0.219521 0.921395
vt 0.219603 0.921017
vt 0.219762 0.921200
vt 0.220557 0.921394
vt 0.220651 0.921182
vt 0.220315 0.921199
vt 0.220474 0.921016
vt 0.190194 0.920056
vt 0.219591 0.958898
vt 0.219557 0.958513
vt 0.190361 0.920229
vt 0.219788 0.958711
vt 0.220560 0.958930
vt 0.249883 0.920056
vt 0.220358 0.958720
vt 0.249716 0.920229
vt 0.220594 0.958512
vt 0.190387 0.919434
vt 0.219604 0.959711
vt 0.219601 0.959417
vt 0.190209 0.919595
vt 0.219786 0.959578
vt 0.220410 0.959843
vt 0.249690 0.919434
vt 0.220267 0.959638
vt 0.249868 0.919595
vt 0.220498 0.959491
vt 0.699572 0.988453
vt 0.704175 0.920387
vt 0.704498 0.920368
vt 0.698542 0.988637
vt 0.704337 0.920559
vt 0.705345 0.920387
vt 0.700377 0.988611
vt 0.705183 0.920559
vt 0.700066 0.989044
vt 0.705021 0.920368
vt 0.704149 0.921183
vt 0.704242 0.921395
vt 0.704325 0.921017
vt 0.704483 0.921199
vt 0.705278 0.921394
vt 0.705371 0.921182
vt 0.705037 0.921199
vt 0.705195 0.921016
vt 0.674915 0.920056
vt 0.704308 0.958893
vt 0.704278 0.958506
vt 0.675082 0.920229
vt 0.704508 0.958706
vt 0.705286 0.958926
vt 0.734604 0.920056
vt 0.705081 0.958714
vt 0.734437 0.920229
vt 0.705315 0.958505
vt 0.675108 0.919434
vt 0.704326 0.959718
vt 0.704317 0.959422
vt 0.674930 0.919595
vt 0.704507 0.959584
vt 0.705131 0.959850
vt 0.734411 0.919434
vt 0.704990 0.959643
vt 0.734589 0.919595
vt 0.705225 0.959496
vt 0.421370 0.982526
vt 0.426468 0.914419
vt 0.427892 0.914417
vt 0.423192 0.983408
vt 0.426436 0.915691
vt 0.427924 0.915690
vt 0.397176 0.914889
vt 0.426479 0.952850
vt 0.428005 0.952868
vt 0.457184 0.914889
vt 0.397209 0.913650
vt 0.426528 0.954270
vt 0.427814 0.954425
vt 0.457151 0.913650
vt 0.632039 0.986254
vt 0.637134 0.918149
vt 0.638558 0.918148
vt 0.633851 0.987137
vt 0.637104 0.919419
vt 0.638589 0.919417
vt 0.607841 0.918620
vt 0.637145 0.956580
vt 0.638673 0.956599
vt 0.667851 0.918620
vt 0.607874 0.917378
vt 0.637197 0.957996
vt 0.638479 0.958150
vt 0.667818 0.917378
vt 0.214325 0.988135
vt 0.219611 0.920413
vt 0.220466 0.920413
vt 0.215671 0.988926
vt 0.219588 0.921179
vt 0.220489 0.921178
vt 0.190218 0.920200
vt 0.219615 0.958715
vt 0.220539 0.958727
vt 0.249858 0.920200
vt 0.190243 0.919454
vt 0.219644 0.959572
vt 0.220421 0.959668
vt 0.249834 0.919454
vt 0.699046 0.988135
vt 0.704334 0.920413
vt 0.705186 0.920413
vt 0.700393 0.988926
vt 0.704310 0.921178
vt 0.705210 0.921177
vt 0.674940 0.920200
vt 0.704334 0.958708
vt 0.705263 0.958720
vt 0.734580 0.920200
vt 0.674964 0.919454
vt 0.704364 0.959579
vt 0.705145 0.959675
vt 0.734555 0.919454
vt 0.130463 0.609197
vt 0.128671 0.608901
vt 0.129081 0.606981
vt 0.130751 0.607528
vt 0.157279 0.437949
vt 0.156736 0.439613
vt 0.155068 0.439326
vt 0.155366 0.437551
vt 0.159255 0.440035
vt 0.159521 0.438455
vt 0.240536 0.452238
vt 0.240265 0.453817
vt 0.130291 0.610181
vt 0.211516 0.622979
vt 0.211360 0.623930
vt 0.157682 0.439772
vt 0.144222 0.518881
vt 0.143276 0.518719
vt 0.145798 0.519149
vt 0.242782 0.454252
vt 0.242820 0.452502
vt 0.244756 0.452760
vt 0.244451 0.454532
vt 0.213290 0.623285
vt 0.211795 0.621309
vt 0.213546 0.621347
vt 0.241837 0.454089
vt 0.228381 0.533192
vt 0.226805 0.532924
vt 0.229327 0.533352
vt 0.143189 0.520521
vt 0.141260 0.520213
vt 0.141606 0.518438
vt 0.143598 0.521191
vt 0.145373 0.521670
vt 0.145088 0.523338
vt 0.143287 0.523247
vt 0.145531 0.520723
vt 0.226537 0.534498
vt 0.226374 0.535444
vt 0.228208 0.535577
vt 0.227822 0.537620
vt 0.226091 0.537112
vt 0.228814 0.535080
vt 0.230996 0.533639
vt 0.230735 0.535427
vt 0.140655 0.518281
vt 0.154120 0.439159
vt 0.143070 0.525584
vt 0.144651 0.525855
vt 0.131175 0.605007
vt 0.129593 0.604741
vt 0.144924 0.524283
vt 0.225934 0.538058
vt 0.225672 0.539632
vt 0.227254 0.539898
vt 0.213809 0.619062
vt 0.212229 0.618790
vt 0.231945 0.533805
vt 0.245401 0.454688
vt 0.130910 0.606582
vt 0.211958 0.620363
vt 0.158035 0.438430
vt 0.128763 0.609746
vt 0.212922 0.624038
vt 0.241948 0.452706
vt 0.144075 0.520365
vt 0.228030 0.534640
vt 0.143511 0.524159
vt 0.140519 0.519830
vt 0.231561 0.535312
vt 0.227309 0.538408
vt 0.129566 0.606227
vt 0.154535 0.437651
vt 0.245508 0.453129
vt 0.213342 0.620475
vt 0.782969 0.741563
vt 0.781183 0.741271
vt 0.781589 0.739359
vt 0.783252 0.739902
vt 0.809406 0.571246
vt 0.808867 0.572900
vt 0.807209 0.572615
vt 0.807506 0.570852
vt 0.811371 0.573317
vt 0.811634 0.571745
vt 0.892184 0.585345
vt 0.891916 0.586916
vt 0.782797 0.742547
vt 0.863565 0.755133
vt 0.863412 0.756078
vt 0.809807 0.573056
vt 0.796515 0.651717
vt 0.795575 0.651557
vt 0.798083 0.651982
vt 0.894418 0.587345
vt 0.894453 0.585606
vt 0.896377 0.585858
vt 0.896077 0.587621
vt 0.865326 0.755432
vt 0.863841 0.753472
vt 0.865579 0.753507
vt 0.893479 0.587184
vt 0.880206 0.665842
vt 0.878639 0.665577
vt 0.881147 0.665999
vt 0.795488 0.653346
vt 0.793572 0.653041
vt 0.793914 0.651279
vt 0.795894 0.654015
vt 0.797662 0.654490
vt 0.797381 0.656149
vt 0.795590 0.656061
vt 0.797818 0.653548
vt 0.878375 0.667143
vt 0.878214 0.668083
vt 0.880036 0.668216
vt 0.879653 0.670246
vt 0.877935 0.669741
vt 0.880640 0.667719
vt 0.882807 0.666283
vt 0.882549 0.668062
vt 0.792969 0.651124
vt 0.806266 0.572451
vt 0.795376 0.658386
vt 0.796949 0.658654
vt 0.783668 0.737394
vt 0.782095 0.737131
vt 0.797219 0.657089
vt 0.877780 0.670682
vt 0.877521 0.672247
vt 0.879095 0.672510
vt 0.865839 0.751235
vt 0.864268 0.750968
vt 0.883750 0.666447
vt 0.897022 0.587775
vt 0.783408 0.738961
vt 0.864001 0.752532
vt 0.810157 0.571722
vt 0.781275 0.742113
vt 0.864961 0.756180
vt 0.893587 0.585809
vt 0.796369 0.653192
vt 0.879860 0.667283
vt 0.795815 0.656967
vt 0.792835 0.652663
vt 0.883370 0.667947
vt 0.879144 0.671028
vt 0.782071 0.738608
vt 0.806679 0.570950
vt 0.897126 0.586222
vt 0.865375 0.752640
vt 0.061489 0.443273
vt 0.059691 0.442973
vt 0.060105 0.441049
vt 0.061778 0.441602
vt 0.088370 0.271874
vt 0.087826 0.273538
vt 0.086156 0.273249
vt 0.086459 0.271474
vt 0.090347 0.273961
vt 0.090614 0.272379
vt 0.171703 0.286191
vt 0.171430 0.287772
vt 0.061317 0.444257
vt 0.142615 0.457088
vt 0.142459 0.458040
vt 0.088772 0.273697
vt 0.075282 0.352877
vt 0.074335 0.352714
vt 0.076860 0.353145
vt 0.173949 0.288207
vt 0.173988 0.286458
vt 0.175922 0.286715
vt 0.175620 0.288488
vt 0.144393 0.457394
vt 0.142896 0.455416
vt 0.144649 0.455454
vt 0.173004 0.288044
vt 0.159519 0.367223
vt 0.157942 0.366954
vt 0.160467 0.367383
vt 0.074246 0.354518
vt 0.072315 0.354208
vt 0.072663 0.352433
vt 0.074656 0.355190
vt 0.076433 0.355669
vt 0.076149 0.357338
vt 0.074347 0.357248
vt 0.076592 0.354722
vt 0.157673 0.368530
vt 0.157509 0.369476
vt 0.159345 0.369613
vt 0.158955 0.371657
vt 0.157225 0.371146
vt 0.159954 0.369114
vt 0.162138 0.367671
vt 0.161878 0.369460
vt 0.071712 0.352275
vt 0.085207 0.273082
vt 0.074128 0.359586
vt 0.075710 0.359858
vt 0.062203 0.439079
vt 0.060620 0.438812
vt 0.075984 0.358284
vt 0.157068 0.372093
vt 0.156805 0.373668
vt 0.158388 0.373935
vt 0.144912 0.453167
vt 0.143330 0.452895
vt 0.163087 0.367837
vt 0.176571 0.288644
vt 0.061937 0.440655
vt 0.143059 0.454470
vt 0.089125 0.272355
vt 0.059785 0.443820
vt 0.144023 0.458148
vt 0.173116 0.286661
vt 0.075133 0.354363
vt 0.159168 0.368674
vt 0.074571 0.358160
vt 0.071575 0.353825
vt 0.162704 0.369344
vt 0.158442 0.372443
vt 0.060593 0.440297
vt 0.085626 0.271570
vt 0.176675 0.287081
vt 0.144444 0.454581
vt 0.523825 0.786307
vt 0.522041 0.786016
vt 0.522447 0.784106
vt 0.524109 0.784647
vt 0.550204 0.616059
vt 0.549669 0.617712
vt 0.548011 0.617429
vt 0.548304 0.615667
vt 0.552174 0.618128
vt 0.552436 0.616556
vt 0.632987 0.630125
vt 0.632719 0.631696
vt 0.523653 0.787291
vt 0.604405 0.799884
vt 0.604251 0.800829
vt 0.550609 0.617868
vt 0.537362 0.696512
vt 0.536422 0.696352
vt 0.538929 0.696776
vt 0.635221 0.632124
vt 0.635258 0.630387
vt 0.637181 0.630640
vt 0.636881 0.632400
vt 0.606167 0.800185
vt 0.604680 0.798223
vt 0.606419 0.798259
vt 0.634282 0.631963
vt 0.621034 0.710607
vt 0.619467 0.710343
vt 0.621975 0.710764
vt 0.536337 0.698142
vt 0.534421 0.697839
vt 0.534761 0.696076
vt 0.536744 0.698809
vt 0.538509 0.699282
vt 0.538229 0.700940
vt 0.536439 0.700852
vt 0.538665 0.698341
vt 0.619203 0.711908
vt 0.619043 0.712848
vt 0.620866 0.712979
vt 0.620485 0.715010
vt 0.618764 0.714507
vt 0.621468 0.712482
vt 0.623634 0.711047
vt 0.623377 0.712823
vt 0.533817 0.695921
vt 0.547069 0.617265
vt 0.536226 0.703176
vt 0.537798 0.703443
vt 0.524526 0.782141
vt 0.522953 0.781879
vt 0.538067 0.701880
vt 0.618609 0.715448
vt 0.618351 0.717013
vt 0.619924 0.717275
vt 0.606679 0.795986
vt 0.605108 0.795719
vt 0.624577 0.711210
vt 0.637825 0.632554
vt 0.524265 0.783707
vt 0.604841 0.797283
vt 0.550956 0.616534
vt 0.522133 0.786857
vt 0.605801 0.800934
vt 0.634392 0.630589
vt 0.537217 0.697986
vt 0.620688 0.712047
vt 0.536663 0.701759
vt 0.533684 0.697461
vt 0.624198 0.712708
vt 0.619976 0.715793
vt 0.522928 0.783355
vt 0.547478 0.615767
vt 0.637928 0.631005
vt 0.606216 0.797392
vt 0.816536 0.566318
vt 0.814741 0.566019
vt 0.815153 0.564098
vt 0.816824 0.564648
vt 0.843382 0.395001
vt 0.842838 0.396665
vt 0.841170 0.396377
vt 0.841470 0.394603
vt 0.845358 0.397088
vt 0.845624 0.395507
vt 0.926671 0.409297
vt 0.926400 0.410877
vt 0.816364 0.567302
vt 0.897612 0.580118
vt 0.897456 0.581069
vt 0.843784 0.396824
vt 0.830314 0.475962
vt 0.829368 0.475799
vt 0.831891 0.476229
vt 0.928917 0.411312
vt 0.928955 0.409562
vt 0.930891 0.409818
vt 0.930587 0.411592
vt 0.899385 0.580424
vt 0.897893 0.578447
vt 0.899643 0.578486
vt 0.927972 0.411149
vt 0.914508 0.490293
vt 0.912932 0.490024
vt 0.915456 0.490452
vt 0.829279 0.477601
vt 0.827350 0.477292
vt 0.827697 0.475518
vt 0.829689 0.478274
vt 0.831465 0.478752
vt 0.831180 0.480420
vt 0.829379 0.480329
vt 0.831623 0.477805
vt 0.912663 0.491599
vt 0.912500 0.492545
vt 0.914334 0.492682
vt 0.913946 0.494724
vt 0.912216 0.494214
vt 0.914943 0.492182
vt 0.917126 0.490739
vt 0.916865 0.492529
vt 0.826746 0.475361
vt 0.840221 0.396211
vt 0.829160 0.482667
vt 0.830742 0.482939
vt 0.817248 0.562126
vt 0.815666 0.561859
vt 0.831015 0.481365
vt 0.912059 0.495161
vt 0.911796 0.496736
vt 0.913379 0.497002
vt 0.899908 0.576199
vt 0.898327 0.575927
vt 0.918075 0.490906
vt 0.931538 0.411749
vt 0.816984 0.563701
vt 0.898055 0.577501
vt 0.844137 0.395482
vt 0.814833 0.566865
vt 0.899016 0.581176
vt 0.928083 0.409766
vt 0.830166 0.477446
vt 0.914158 0.491742
vt 0.829603 0.481241
vt 0.826608 0.476910
vt 0.917691 0.492414
vt 0.913433 0.495511
vt 0.815639 0.563345
vt 0.840637 0.394701
vt 0.931643 0.410186
vt 0.899439 0.577613
vt 0.136377 0.978125
vt 0.135070 0.978456
vt 0.135951 0.977544
vt 0.136275 0.977744
vt 0.117956 0.922309
vt 0.117983 0.922431
vt 0.117623 0.922560
vt 0.117569 0.922452
vt 0.118260 0.922328
vt 0.118211 0.922187
vt 0.165093 0.905921
vt 0.165142 0.906062
vt 0.136906 0.983044
vt 0.186297 0.962848
vt 0.186357 0.962997
vt 0.118121 0.922380
vt 0.127372 0.949302
vt 0.127233 0.949350
vt 0.127510 0.949254
vt 0.165418 0.905966
vt 0.165322 0.905841
vt 0.165706 0.905704
vt 0.165780 0.905834
vt 0.186422 0.962783
vt 0.186143 0.962457
vt 0.186267 0.962385
vt 0.165280 0.906015
vt 0.175196 0.933245
vt 0.175058 0.933294
vt 0.175335 0.933195
vt 0.127294 0.949494
vt 0.126900 0.949619
vt 0.126872 0.949475
vt 0.127433 0.949568
vt 0.127599 0.949530
vt 0.127716 0.949890
vt 0.127570 0.949952
vt 0.127554 0.949392
vt 0.175111 0.933434
vt 0.175165 0.933574
vt 0.175316 0.933512
vt 0.175449 0.933909
vt 0.175306 0.933941
vt 0.175366 0.933356
vt 0.175699 0.933065
vt 0.175754 0.933218
vt 0.126733 0.949522
vt 0.117485 0.922608
vt 0.127666 0.950208
vt 0.127806 0.950165
vt 0.136201 0.977459
vt 0.136061 0.977501
vt 0.127761 0.950028
vt 0.175360 0.934081
vt 0.175414 0.934220
vt 0.175558 0.934166
vt 0.186169 0.962104
vt 0.186026 0.962159
vt 0.175840 0.933014
vt 0.165918 0.905784
vt 0.136238 0.977601
vt 0.186084 0.962308
vt 0.118089 0.922292
vt 0.134224 0.981234
vt 0.186429 0.962878
vt 0.165212 0.905923
vt 0.127430 0.949431
vt 0.175218 0.933384
vt 0.127648 0.950065
vt 0.126771 0.949646
vt 0.175864 0.933170
vt 0.175465 0.934036
vt 0.136130 0.977550
vt 0.117491 0.922541
vt 0.165804 0.905691
vt 0.186199 0.962256
vt 0.596084 0.207692
vt 0.596035 0.208601
vt 0.572792 0.207225
vt 0.572856 0.206313
vt 0.467485 0.201871
vt 0.468398 0.201935
vt 0.467021 0.225176
vt 0.466112 0.225127
vt 0.468505 0.200126
vt 0.467596 0.200074
vt 0.477765 0.028459
vt 0.478675 0.028514
vt 0.596996 0.207745
vt 0.606259 0.036075
vt 0.607168 0.036129
vt 0.468452 0.201030
vt 0.506297 0.203267
vt 0.506248 0.204172
vt 0.506342 0.202364
vt 0.478781 0.026706
vt 0.477867 0.026662
vt 0.479241 0.003408
vt 0.480150 0.003466
vt 0.606317 0.035167
vt 0.583031 0.034699
vt 0.583075 0.033785
vt 0.478728 0.027610
vt 0.516574 0.029856
vt 0.516513 0.030758
vt 0.516632 0.028951
vt 0.507167 0.204217
vt 0.505790 0.227470
vt 0.504881 0.227412
vt 0.508093 0.203393
vt 0.508157 0.202474
vt 0.531385 0.203852
vt 0.531341 0.204766
vt 0.507249 0.202420
vt 0.517420 0.030810
vt 0.518328 0.030863
vt 0.518373 0.029944
vt 0.541623 0.031327
vt 0.541558 0.032240
vt 0.517551 0.029015
vt 0.518012 0.005707
vt 0.518922 0.005756
vt 0.504830 0.228321
vt 0.466965 0.226085
vt 0.533139 0.204871
vt 0.533200 0.203960
vt 0.571041 0.206205
vt 0.570994 0.207117
vt 0.532292 0.203906
vt 0.542466 0.032294
vt 0.543373 0.032348
vt 0.543421 0.031436
vt 0.581277 0.033680
vt 0.581216 0.034591
vt 0.518069 0.004798
vt 0.480201 0.002557
vt 0.571949 0.206259
vt 0.582124 0.034645
vt 0.456139 0.215781
vt 0.456094 0.216749
vt 0.433342 0.215574
vt 0.433404 0.214602
vt 0.329327 0.211132
vt 0.330299 0.211194
vt 0.329121 0.233941
vt 0.328153 0.233896
vt 0.330398 0.209270
vt 0.329431 0.209222
vt 0.338795 0.028188
vt 0.339763 0.028240
vt 0.457123 0.215835
vt 0.465510 0.034740
vt 0.466477 0.034789
vt 0.330349 0.210232
vt 0.367594 0.212154
vt 0.367549 0.213116
vt 0.367635 0.211194
vt 0.339861 0.026317
vt 0.338888 0.026279
vt 0.340061 0.003513
vt 0.341028 0.003568
vt 0.465566 0.033773
vt 0.442774 0.033566
vt 0.442813 0.032593
vt 0.339813 0.027279
vt 0.377060 0.029207
vt 0.377001 0.030167
vt 0.377115 0.028244
vt 0.368529 0.213156
vt 0.367346 0.235920
vt 0.366379 0.235865
vt 0.369504 0.212274
vt 0.369565 0.211296
vt 0.392300 0.212473
vt 0.392262 0.213446
vt 0.368599 0.211245
vt 0.377966 0.030215
vt 0.378932 0.030264
vt 0.378972 0.029285
vt 0.401732 0.030468
vt 0.401669 0.031440
vt 0.378093 0.028305
vt 0.378293 0.005486
vt 0.379261 0.005530
vt 0.366333 0.236832
vt 0.329068 0.234908
vt 0.394174 0.213543
vt 0.394231 0.212573
vt 0.431473 0.214502
vt 0.431430 0.215473
vt 0.393266 0.212523
vt 0.402634 0.031490
vt 0.403600 0.031540
vt 0.403643 0.030569
vt 0.440901 0.032496
vt 0.440843 0.033466
vt 0.378346 0.004519
vt 0.341074 0.002601
vt 0.432438 0.214552
vt 0.441809 0.033516
vt 0.123714 0.965570
vt 0.123823 0.965739
vt 0.120142 0.968487
vt 0.120034 0.968341
vt 0.103885 0.980981
vt 0.104029 0.980872
vt 0.106829 0.984553
vt 0.106685 0.984663
vt 0.103807 0.980584
vt 0.103662 0.980693
vt 0.068337 0.933764
vt 0.068481 0.933656
vt 0.124626 0.965601
vt 0.088488 0.918447
vt 0.088633 0.918336
vt 0.103918 0.980728
vt 0.109764 0.976310
vt 0.109874 0.976452
vt 0.109655 0.976169
vt 0.068271 0.933375
vt 0.068132 0.933486
vt 0.065355 0.929861
vt 0.065497 0.929752
vt 0.088377 0.918302
vt 0.084772 0.921275
vt 0.084659 0.921131
vt 0.068376 0.933515
vt 0.074222 0.929084
vt 0.074332 0.929224
vt 0.074112 0.928942
vt 0.110019 0.976340
vt 0.112819 0.980015
vt 0.112675 0.980125
vt 0.110054 0.976101
vt 0.109943 0.975953
vt 0.113623 0.973176
vt 0.113735 0.973320
vt 0.109799 0.976061
vt 0.074476 0.929114
vt 0.074620 0.929004
vt 0.074510 0.928858
vt 0.078209 0.926045
vt 0.078317 0.926191
vt 0.074258 0.928832
vt 0.071298 0.925311
vt 0.071439 0.925201
vt 0.112785 0.980268
vt 0.106938 0.984698
vt 0.114020 0.973104
vt 0.113911 0.972959
vt 0.119747 0.968557
vt 0.119856 0.968701
vt 0.113767 0.973068
vt 0.078462 0.926081
vt 0.078607 0.925971
vt 0.078495 0.925827
vt 0.084372 0.921350
vt 0.084482 0.921496
vt 0.071190 0.925168
vt 0.065386 0.929610
vt 0.119891 0.968449
vt 0.084627 0.921386
vt 0.502736 0.963434
vt 0.502842 0.963607
vt 0.499121 0.966307
vt 0.499016 0.966159
vt 0.481697 0.979314
vt 0.481844 0.979207
vt 0.484592 0.982924
vt 0.484446 0.983031
vt 0.481628 0.978916
vt 0.481482 0.979024
vt 0.446743 0.931574
vt 0.446889 0.931467
vt 0.503649 0.963465
vt 0.468103 0.915783
vt 0.468250 0.915674
vt 0.481736 0.979062
vt 0.488138 0.974358
vt 0.488246 0.974502
vt 0.488030 0.974215
vt 0.446680 0.931182
vt 0.446536 0.931292
vt 0.443809 0.927619
vt 0.443953 0.927512
vt 0.467997 0.915637
vt 0.464347 0.918565
vt 0.464235 0.918420
vt 0.446784 0.931325
vt 0.453190 0.926605
vt 0.453297 0.926748
vt 0.453082 0.926461
vt 0.488393 0.974392
vt 0.491139 0.978110
vt 0.490993 0.978217
vt 0.488428 0.974150
vt 0.488322 0.974002
vt 0.492043 0.971273
vt 0.492153 0.971419
vt 0.488176 0.974109
vt 0.453443 0.926640
vt 0.453589 0.926532
vt 0.453478 0.926387
vt 0.457220 0.923618
vt 0.457327 0.923766
vt 0.453229 0.926354
vt 0.450317 0.922782
vt 0.450460 0.922674
vt 0.491101 0.978362
vt 0.484699 0.983069
vt 0.492441 0.971206
vt 0.492334 0.971060
vt 0.498726 0.966372
vt 0.498834 0.966518
vt 0.492189 0.971167
vt 0.457473 0.923657
vt 0.457619 0.923549
vt 0.457509 0.923403
vt 0.463946 0.918636
vt 0.464053 0.918783
vt 0.450210 0.922637
vt 0.443845 0.927368
vt 0.498871 0.966266
vt 0.464200 0.918674
vt 0.467685 0.200982
vt 0.596812 0.208507
vt 0.607075 0.035354
vt 0.477961 0.027567
vt 0.507153 0.203270
vt 0.517426 0.029954
vt 0.532248 0.204673
vt 0.505606 0.228228
vt 0.518828 0.004981
vt 0.542513 0.031526
vt 0.571902 0.207026
vt 0.466207 0.225902
vt 0.479426 0.002649
vt 0.582168 0.033877
vt 0.329533 0.210187
vt 0.456924 0.216649
vt 0.466374 0.033966
vt 0.338996 0.027240
vt 0.368505 0.212151
vt 0.377965 0.029304
vt 0.393225 0.213340
vt 0.367155 0.236727
vt 0.379154 0.004706
vt 0.402679 0.030674
vt 0.432394 0.215369
vt 0.328260 0.234719
vt 0.340251 0.002706
vt 0.441849 0.032699
vt 0.103799 0.980820
vt 0.124235 0.965977
vt 0.088519 0.918236
vt 0.068257 0.933611
vt 0.109895 0.976200
vt 0.074364 0.928989
vt 0.113860 0.973190
vt 0.112893 0.980154
vt 0.071330 0.925102
vt 0.078371 0.925962
vt 0.119983 0.968570
vt 0.106796 0.984782
vt 0.065284 0.929724
vt 0.084533 0.921267
vt 0.481617 0.979149
vt 0.503257 0.963843
vt 0.468140 0.915572
vt 0.446664 0.931423
vt 0.488270 0.974248
vt 0.453333 0.926512
vt 0.492280 0.971289
vt 0.491211 0.978248
vt 0.450353 0.922574
vt 0.457385 0.923535
vt 0.498962 0.966387
vt 0.484555 0.983150
vt 0.443740 0.927479
vt 0.464107 0.918554
vt 0.003690 0.614790
vt 0.001898 0.614494
vt 0.002307 0.612574
vt 0.003978 0.613121
vt 0.030506 0.443542
vt 0.029963 0.445206
vt 0.028295 0.444918
vt 0.028593 0.443144
vt 0.032482 0.445628
vt 0.032748 0.444048
vt 0.113763 0.457831
vt 0.113491 0.459410
vt 0.003518 0.615774
vt 0.084742 0.628572
vt 0.084586 0.629523
vt 0.030908 0.445365
vt 0.017449 0.524474
vt 0.016503 0.524311
vt 0.019025 0.524741
vt 0.116008 0.459845
vt 0.116047 0.458095
vt 0.117983 0.458353
vt 0.117677 0.460125
vt 0.086517 0.628877
vt 0.085022 0.626902
vt 0.086773 0.626940
vt 0.115063 0.459682
vt 0.101607 0.538785
vt 0.100032 0.538517
vt 0.102554 0.538944
vt 0.016415 0.526113
vt 0.014487 0.525805
vt 0.014832 0.524030
vt 0.016824 0.526784
vt 0.018599 0.527263
vt 0.018315 0.528931
vt 0.016513 0.528839
vt 0.018758 0.526316
vt 0.099764 0.540091
vt 0.099600 0.541036
vt 0.101434 0.541170
vt 0.101048 0.543213
vt 0.099317 0.542704
vt 0.102041 0.540673
vt 0.104223 0.539232
vt 0.103962 0.541020
vt 0.013882 0.523874
vt 0.027347 0.444752
vt 0.016296 0.531176
vt 0.017877 0.531448
vt 0.004401 0.610600
vt 0.002820 0.610333
vt 0.018150 0.529875
vt 0.099160 0.543651
vt 0.098898 0.545225
vt 0.100480 0.545491
vt 0.087036 0.624654
vt 0.085456 0.624383
vt 0.105171 0.539398
vt 0.118627 0.460281
vt 0.004137 0.612174
vt 0.085185 0.625956
vt 0.031261 0.444022
vt 0.001990 0.615338
vt 0.086148 0.629631
vt 0.115175 0.458299
vt 0.017301 0.525957
vt 0.101257 0.540233
vt 0.016737 0.529751
vt 0.013745 0.525423
vt 0.104787 0.540904
vt 0.100535 0.544001
vt 0.002793 0.611820
vt 0.027761 0.443244
vt 0.118735 0.458722
vt 0.086568 0.626067
vt 0.303839 0.743428
vt 0.302053 0.743136
vt 0.302459 0.741223
vt 0.304123 0.741767
vt 0.330276 0.573110
vt 0.329738 0.574764
vt 0.328080 0.574480
vt 0.328376 0.572716
vt 0.332242 0.575181
vt 0.332504 0.573610
vt 0.413054 0.587210
vt 0.412786 0.588780
vt 0.303667 0.744412
vt 0.384436 0.756997
vt 0.384282 0.757942
vt 0.330678 0.574921
vt 0.317386 0.653582
vt 0.316445 0.653421
vt 0.318953 0.653846
vt 0.415288 0.589209
vt 0.415323 0.587470
vt 0.417247 0.587722
vt 0.416948 0.589485
vt 0.386197 0.757296
vt 0.384711 0.755336
vt 0.386449 0.755371
vt 0.414349 0.589048
vt 0.401076 0.667706
vt 0.399510 0.667441
vt 0.402018 0.667864
vt 0.316359 0.655210
vt 0.314443 0.654906
vt 0.314784 0.653143
vt 0.316765 0.655879
vt 0.318532 0.656354
vt 0.318252 0.658013
vt 0.316461 0.657925
vt 0.318689 0.655412
vt 0.399245 0.669007
vt 0.399084 0.669947
vt 0.400907 0.670080
vt 0.400523 0.672110
vt 0.398805 0.671606
vt 0.401510 0.669583
vt 0.403678 0.668147
vt 0.403420 0.669926
vt 0.313839 0.652988
vt 0.327137 0.574315
vt 0.316247 0.660250
vt 0.317820 0.660518
vt 0.304539 0.739258
vt 0.302966 0.738996
vt 0.318089 0.658953
vt 0.398650 0.672546
vt 0.398392 0.674112
vt 0.399965 0.674374
vt 0.386710 0.753099
vt 0.385138 0.752832
vt 0.404621 0.668311
vt 0.417892 0.589639
vt 0.304279 0.740825
vt 0.384871 0.754396
vt 0.331027 0.573587
vt 0.302145 0.743977
vt 0.385832 0.758044
vt 0.414457 0.587673
vt 0.317239 0.655056
vt 0.400730 0.669147
vt 0.316685 0.658832
vt 0.313706 0.654527
vt 0.404240 0.669811
vt 0.400015 0.672892
vt 0.302941 0.740472
vt 0.327549 0.572814
vt 0.417996 0.588087
vt 0.386246 0.754505
vt 0.374681 0.892573
vt 0.372897 0.892282
vt 0.373302 0.890372
vt 0.374964 0.890913
vt 0.401060 0.722325
vt 0.400525 0.723978
vt 0.398867 0.723695
vt 0.399160 0.721933
vt 0.403029 0.724394
vt 0.403291 0.722822
vt 0.483842 0.736391
vt 0.483575 0.737962
vt 0.374509 0.893557
vt 0.455260 0.906150
vt 0.455107 0.907095
vt 0.401465 0.724134
vt 0.388218 0.802778
vt 0.387277 0.802618
vt 0.389784 0.803042
vt 0.486077 0.738390
vt 0.486114 0.736653
vt 0.488037 0.736906
vt 0.487736 0.738666
vt 0.457023 0.906451
vt 0.455536 0.904489
vt 0.457275 0.904525
vt 0.485138 0.738230
vt 0.471889 0.816873
vt 0.470323 0.816609
vt 0.472830 0.817030
vt 0.387193 0.804408
vt 0.385277 0.804105
vt 0.385617 0.802342
vt 0.387600 0.805075
vt 0.389365 0.805548
vt 0.389085 0.807207
vt 0.387295 0.807118
vt 0.389521 0.804607
vt 0.470059 0.818174
vt 0.469898 0.819114
vt 0.471721 0.819245
vt 0.471340 0.821276
vt 0.469620 0.820773
vt 0.472324 0.818748
vt 0.474490 0.817313
vt 0.474233 0.819089
vt 0.384672 0.802187
vt 0.397924 0.723531
vt 0.387082 0.809442
vt 0.388654 0.809709
vt 0.375381 0.888407
vt 0.373809 0.888145
vt 0.388923 0.808146
vt 0.469465 0.821714
vt 0.469207 0.823279
vt 0.470780 0.823541
vt 0.457534 0.902252
vt 0.455963 0.901985
vt 0.475433 0.817476
vt 0.488681 0.738820
vt 0.375121 0.889973
vt 0.455696 0.903549
vt 0.401812 0.722800
vt 0.372988 0.893123
vt 0.456657 0.907200
vt 0.485247 0.736855
vt 0.388073 0.804252
vt 0.471543 0.818313
vt 0.387518 0.808025
vt 0.384540 0.803727
vt 0.475053 0.818974
vt 0.470832 0.822059
vt 0.373784 0.889622
vt 0.398334 0.722033
vt 0.488784 0.737271
vt 0.457072 0.903659
vt 0.150963 0.896302
vt 0.149179 0.896011
vt 0.149584 0.894101
vt 0.151246 0.894642
vt 0.177342 0.726053
vt 0.176807 0.727707
vt 0.175149 0.727424
vt 0.175441 0.725662
vt 0.179311 0.728122
vt 0.179573 0.726551
vt 0.260124 0.740120
vt 0.259856 0.741691
vt 0.150791 0.897285
vt 0.231542 0.909879
vt 0.231389 0.910824
vt 0.177747 0.727863
vt 0.164500 0.806507
vt 0.163559 0.806347
vt 0.166066 0.806770
vt 0.262359 0.742119
vt 0.262396 0.740382
vt 0.264318 0.740635
vt 0.264018 0.742395
vt 0.233304 0.910180
vt 0.231818 0.908218
vt 0.233557 0.908254
vt 0.261419 0.741958
vt 0.248171 0.820602
vt 0.246605 0.820337
vt 0.249112 0.820759
vt 0.163475 0.808136
vt 0.161559 0.807833
vt 0.161898 0.806070
vt 0.163882 0.808803
vt 0.165647 0.809277
vt 0.165367 0.810935
vt 0.163576 0.810847
vt 0.165803 0.808336
vt 0.246341 0.821903
vt 0.246180 0.822843
vt 0.248003 0.822974
vt 0.247622 0.825005
vt 0.245901 0.824502
vt 0.248606 0.822477
vt 0.250772 0.821041
vt 0.250515 0.822818
vt 0.160954 0.805916
vt 0.174206 0.727260
vt 0.163364 0.813170
vt 0.164936 0.813438
vt 0.151663 0.892136
vt 0.150091 0.891874
vt 0.165205 0.811874
vt 0.245747 0.825442
vt 0.245489 0.827008
vt 0.247062 0.827270
vt 0.233816 0.905981
vt 0.232245 0.905714
vt 0.251715 0.821205
vt 0.264962 0.742548
vt 0.151403 0.893701
vt 0.231978 0.907278
vt 0.178093 0.726529
vt 0.149270 0.896851
vt 0.232939 0.910928
vt 0.261529 0.740584
vt 0.164355 0.807981
vt 0.247825 0.822042
vt 0.163800 0.811753
vt 0.160822 0.807456
vt 0.251335 0.822702
vt 0.247113 0.825788
vt 0.150066 0.893350
vt 0.174615 0.725762
vt 0.265066 0.741000
vt 0.233353 0.907387
vt 0.361642 0.573775
vt 0.359847 0.573476
vt 0.360259 0.571555
vt 0.361930 0.572105
vt 0.388487 0.402459
vt 0.387944 0.404123
vt 0.386276 0.403835
vt 0.386575 0.402060
vt 0.390464 0.404545
vt 0.390730 0.402964
vt 0.471777 0.416754
vt 0.471505 0.418335
vt 0.361470 0.574759
vt 0.442718 0.587575
vt 0.442562 0.588526
vt 0.388890 0.404281
vt 0.375420 0.483419
vt 0.374474 0.483256
vt 0.376997 0.483687
vt 0.474023 0.418769
vt 0.474060 0.417020
vt 0.475996 0.417276
vt 0.475693 0.419050
vt 0.444491 0.587881
vt 0.442998 0.585904
vt 0.444749 0.585943
vt 0.473078 0.418606
vt 0.459614 0.497750
vt 0.458038 0.497481
vt 0.460561 0.497909
vt 0.374384 0.485058
vt 0.372456 0.484749
vt 0.372802 0.482975
vt 0.374795 0.485731
vt 0.376570 0.486209
vt 0.376286 0.487877
vt 0.374485 0.487786
vt 0.376729 0.485262
vt 0.457769 0.499056
vt 0.457606 0.500002
vt 0.459440 0.500139
vt 0.459052 0.502181
vt 0.457322 0.501671
vt 0.460049 0.499639
vt 0.462232 0.498197
vt 0.461971 0.499986
vt 0.371852 0.482818
vt 0.385327 0.403668
vt 0.374266 0.490124
vt 0.375848 0.490396
vt 0.362354 0.569583
vt 0.360772 0.569316
vt 0.376121 0.488823
vt 0.457165 0.502618
vt 0.456902 0.504193
vt 0.458485 0.504460
vt 0.445014 0.583656
vt 0.443433 0.583384
vt 0.463181 0.498363
vt 0.476644 0.419206
vt 0.362089 0.571158
vt 0.443161 0.584958
vt 0.389243 0.402939
vt 0.359939 0.574322
vt 0.444122 0.588633
vt 0.473189 0.417223
vt 0.375272 0.484903
vt 0.459264 0.499199
vt 0.374709 0.488698
vt 0.371714 0.484367
vt 0.462797 0.499871
vt 0.458539 0.502968
vt 0.360745 0.570802
vt 0.385743 0.402158
vt 0.476749 0.417643
vt 0.444545 0.585070
vn -0.104236 -0.003430 -0.994547
vn -0.382426 -0.002338 -0.923983
vn -0.382426 0.002338 -0.923983
vn -0.104236 0.003430 -0.994547
vn -0.923984 -0.002338 -0.382425
vn -0.994223 -0.003419 -0.107281
vn -0.994223 0.003419 -0.107281
vn -0.923984 0.002338 -0.382425
vn -0.096328 -0.990368 -0.099456
vn -0.069238 -0.924828 -0.374030
vn 0.069238 -0.924828 -0.374030
vn 0.096328 -0.990368 -0.099456
vn -0.069240 -0.374027 -0.924830
vn 0.104236 -0.003430 -0.994547
vn 0.069240 -0.374027 -0.924829
vn -0.924785 -0.373726 -0.071421
vn -0.924785 -0.373726 0.071421
vn -0.994223 -0.003419 0.107281
vn -0.373724 -0.924786 -0.071420
vn -0.096328 -0.990368 0.099456
vn -0.373725 -0.924786 0.071421
vn 0.994223 -0.003419 -0.107281
vn 0.923984 -0.002339 -0.382425
vn 0.923984 0.002338 -0.382425
vn 0.994223 0.003419 -0.107281
vn 0.382426 -0.002338 -0.923983
vn 0.104236 0.003430 -0.994547
vn 0.382426 0.002338 -0.923983
vn 0.373724 -0.924786 -0.071421
vn 0.373724 -0.924786 0.071421
vn 0.096328 -0.990368 0.099456
vn 0.924785 -0.373728 -0.071421
vn 0.994223 -0.003419 0.107281
vn 0.924785 -0.373727 0.071421
vn -0.923985 -0.002338 0.382421
vn -0.923985 0.002338 0.382421
vn -0.994223 0.003419 0.107281
vn -0.382416 -0.002338 0.923987
vn -0.104233 -0.003430 0.994547
vn -0.104233 0.003430 0.994547
vn -0.382417 0.002338 0.923987
vn -0.069238 -0.374027 0.924830
vn 0.069238 -0.374027 0.924830
vn 0.104233 -0.003430 0.994547
vn -0.069239 -0.924828 0.374031
vn 0.069239 -0.924828 0.374030
vn 0.382416 -0.002339 0.923987
vn 0.382417 0.002338 0.923987
vn 0.104233 0.003430 0.994547
vn 0.923985 -0.002338 0.382421
vn 0.994223 0.003419 0.107281
vn 0.923985 0.002338 0.382421
vn -0.924785 0.373728 0.071421
vn -0.924785 0.373728 -0.071421
vn -0.373724 0.924786 0.071422
vn -0.096328 0.990368 0.099457
vn -0.096328 0.990368 -0.099457
vn -0.373724 0.924786 -0.071422
vn -0.069239 0.924828 0.374032
vn 0.069239 0.924828 0.374031
vn 0.096328 0.990368 0.099457
vn -0.069241 0.374029 0.924829
vn 0.069241 0.374030 0.924828
vn 0.373724 0.924786 0.071422
vn 0.373724 0.924786 -0.071422
vn 0.096328 0.990368 -0.099457
vn 0.924784 0.373730 0.071421
vn 0.924784 0.373729 -0.071421
vn -0.069240 0.374029 -0.924829
vn 0.069241 0.374030 -0.924828
vn -0.069238 0.924828 -0.374032
vn 0.069238 0.924828 -0.374031
vn -0.104233 -0.003426 -0.994547
vn -0.382415 -0.002336 -0.923988
vn -0.382415 0.002336 -0.923988
vn -0.104233 0.003426 -0.994547
vn -0.923985 -0.002336 -0.382422
vn -0.994223 -0.003416 -0.107281
vn -0.994223 0.003416 -0.107281
vn -0.923985 0.002336 -0.382422
vn -0.096328 -0.990368 -0.099456
vn -0.069238 -0.924828 -0.374031
vn 0.069238 -0.924828 -0.374031
vn 0.096328 -0.990368 -0.099456
vn -0.069241 -0.374029 -0.924829
vn 0.104233 -0.003426 -0.994547
vn 0.069240 -0.374029 -0.924829
vn -0.924784 -0.373730 -0.071421
vn -0.924784 -0.373730 0.071422
vn -0.994223 -0.003416 0.107281
vn -0.373724 -0.924786 -0.071420
vn -0.096328 -0.990368 0.099456
vn -0.373724 -0.924786 0.071421
vn 0.994223 -0.003416 -0.107281
vn 0.923985 -0.002336 -0.382422
vn 0.923985 0.002336 -0.382422
vn 0.994223 0.003416 -0.107281
vn 0.382415 -0.002336 -0.923988
vn 0.104233 0.003426 -0.994547
vn 0.382415 0.002336 -0.923988
vn 0.373723 -0.924787 -0.071421
vn 0.373724 -0.924786 0.071420
vn 0.096328 -0.990368 0.099456
vn 0.924785 -0.373728 -0.071421
vn 0.994223 -0.003416 0.107281
vn 0.924784 -0.373728 0.071421
vn -0.923985 -0.002336 0.382422
vn -0.923985 0.002336 0.382422
vn -0.994223 0.003416 0.107281
vn -0.382415 -0.002336 0.923988
vn -0.104233 -0.003426 0.994547
vn -0.104233 0.003426 0.994547
vn -0.382415 0.002336 0.923988
vn -0.069241 -0.374029 0.924829
vn 0.069241 -0.374029 0.924829
vn 0.104233 -0.003426 0.994547
vn -0.069239 -0.924828 0.374031
vn 0.069239 -0.924828 0.374031
vn 0.382415 -0.002336 0.923988
vn 0.382415 0.002336 0.923988
vn 0.104233 0.003426 0.994547
vn 0.923985 -0.002336 0.382422
vn 0.994223 0.003416 0.107281
vn 0.923985 0.002336 0.382422
vn -0.924784 0.373730 0.071420
vn -0.924784 0.373729 -0.071421
vn -0.373724 0.924786 0.071422
vn -0.096328 0.990368 0.099457
vn -0.096328 0.990368 -0.099457
vn -0.373724 0.924786 -0.071422
vn -0.069239 0.924828 0.374032
vn 0.069239 0.924828 0.374032
vn 0.096328 0.990368 0.099457
vn -0.069241 0.374029 0.924829
vn 0.069241 0.374029 0.924829
vn 0.373724 0.924786 0.071422
vn 0.373723 0.924787 -0.071422
vn 0.096328 0.990368 -0.099457
vn 0.924784 0.373729 0.071421
vn 0.924785 0.373728 -0.071421
vn -0.069240 0.374029 -0.924829
vn 0.069241 0.374029 -0.924829
vn -0.069238 0.924828 -0.374032
vn 0.069238 0.924828 -0.374032
vn 0.002048 -0.104342 -0.994539
vn 0.001395 -0.382530 -0.923942
vn -0.001395 -0.382530 -0.923942
vn -0.002048 -0.104342 -0.994539
vn 0.001395 -0.923941 -0.382532
vn 0.002041 -0.994215 -0.107391
vn -0.002041 -0.994215 -0.107391
vn -0.001395 -0.923941 -0.382532
vn 0.990368 -0.096327 -0.099456
vn 0.924828 -0.069239 -0.374030
vn 0.924829 0.069239 -0.374029
vn 0.990369 0.096327 -0.099456
vn 0.374029 -0.069239 -0.924829
vn 0.002048 0.104342 -0.994539
vn 0.374030 0.069239 -0.924828
vn 0.373723 -0.924786 -0.071422
vn 0.373724 -0.924786 0.071422
vn 0.002041 -0.994215 0.107391
vn 0.924786 -0.373724 -0.071422
vn 0.990368 -0.096327 0.099456
vn 0.924786 -0.373725 0.071422
vn 0.002041 0.994215 -0.107387
vn 0.001395 0.923946 -0.382521
vn -0.001395 0.923946 -0.382521
vn -0.002041 0.994215 -0.107387
vn 0.001395 0.382530 -0.923942
vn -0.002048 0.104342 -0.994539
vn -0.001395 0.382530 -0.923942
vn 0.924786 0.373724 -0.071421
vn 0.924786 0.373725 0.071421
vn 0.990368 0.096327 0.099456
vn 0.373723 0.924786 -0.071422
vn 0.002041 0.994215 0.107387
vn 0.373724 0.924786 0.071423
vn 0.001395 -0.923941 0.382532
vn -0.001395 -0.923941 0.382532
vn -0.002041 -0.994215 0.107391
vn 0.001395 -0.382530 0.923942
vn 0.002048 -0.104342 0.994539
vn -0.002048 -0.104342 0.994539
vn -0.001395 -0.382530 0.923942
vn 0.374029 -0.069239 0.924829
vn 0.374031 0.069240 0.924828
vn 0.002048 0.104342 0.994539
vn 0.924828 -0.069239 0.374030
vn 0.924829 0.069240 0.374030
vn 0.001395 0.382530 0.923942
vn -0.001395 0.382530 0.923942
vn -0.002048 0.104342 0.994539
vn 0.001395 0.923946 0.382521
vn -0.002041 0.994215 0.107387
vn -0.001395 0.923946 0.382521
vn -0.373722 -0.924787 0.071422
vn -0.373722 -0.924787 -0.071421
vn -0.924786 -0.373725 0.071423
vn -0.990368 -0.096327 0.099456
vn -0.990368 -0.096327 -0.099456
vn -0.924786 -0.373724 -0.071422
vn -0.924828 -0.069240 0.374031
vn -0.924829 0.069239 0.374029
vn -0.990369 0.096327 0.099456
vn -0.374030 -0.069239 0.924829
vn -0.374030 0.069239 0.924828
vn -0.924786 0.373725 0.071421
vn -0.924786 0.373724 -0.071421
vn -0.990368 0.096327 -0.099456
vn -0.373722 0.924787 0.071421
vn -0.373722 0.924787 -0.071423
vn -0.374029 -0.069239 -0.924829
vn -0.374030 0.069239 -0.924828
vn -0.924829 -0.069239 -0.374030
vn -0.924829 0.069240 -0.374029
vn 0.002048 -0.104342 -0.994539
vn 0.001395 -0.382530 -0.923942
vn -0.001395 -0.382530 -0.923942
vn -0.002048 -0.104342 -0.994539
vn 0.001395 -0.923941 -0.382532
vn 0.002041 -0.994215 -0.107391
vn -0.002041 -0.994215 -0.107391
vn -0.001395 -0.923941 -0.382532
vn 0.990368 -0.096327 -0.099456
vn 0.924829 -0.069239 -0.374030
vn 0.924829 0.069239 -0.374029
vn 0.990368 0.096327 -0.099456
vn 0.374029 -0.069239 -0.924829
vn 0.002048 0.104341 -0.994539
vn 0.374029 0.069239 -0.924829
vn 0.373723 -0.924786 -0.071421
vn 0.373724 -0.924786 0.071422
vn 0.002041 -0.994215 0.107391
vn 0.924787 -0.373722 -0.071422
vn 0.990368 -0.096327 0.099456
vn 0.924787 -0.373722 0.071421
vn 0.002041 0.994215 -0.107389
vn 0.001395 0.923944 -0.382526
vn -0.001395 0.923944 -0.382527
vn -0.002041 0.994215 -0.107389
vn 0.001395 0.382528 -0.923943
vn -0.002048 0.104341 -0.994539
vn -0.001395 0.382528 -0.923943
vn 0.924787 0.373722 -0.071421
vn 0.924787 0.373722 0.071422
vn 0.990368 0.096327 0.099456
vn 0.373723 0.924787 -0.071422
vn 0.002041 0.994215 0.107389
vn 0.373724 0.924786 0.071422
vn 0.001395 -0.923941 0.382532
vn -0.001395 -0.923941 0.382532
vn -0.002041 -0.994215 0.107391
vn 0.001395 -0.382530 0.923942
vn 0.002048 -0.104342 0.994539
vn -0.002048 -0.104342 0.994539
vn -0.001395 -0.382530 0.923942
vn 0.374027 -0.069239 0.924829
vn 0.374028 0.069239 0.924829
vn 0.002048 0.104341 0.994539
vn 0.924829 -0.069239 0.374029
vn 0.924829 0.069240 0.374030
vn 0.001395 0.382528 0.923943
vn -0.001395 0.382528 0.923943
vn -0.002048 0.104341 0.994539
vn 0.001395 0.923944 0.382526
vn -0.002041 0.994215 0.107389
vn -0.001395 0.923944 0.382526
vn -0.373722 -0.924787 0.071421
vn -0.373722 -0.924787 -0.071421
vn -0.924787 -0.373722 0.071422
vn -0.990368 -0.096327 0.099456
vn -0.990368 -0.096327 -0.099456
vn -0.924787 -0.373722 -0.071421
vn -0.924829 -0.069240 0.374030
vn -0.924829 0.069239 0.374029
vn -0.990368 0.096327 0.099456
vn -0.374028 -0.069239 0.924829
vn -0.374027 0.069239 0.924829
vn -0.924787 0.373722 0.071421
vn -0.924787 0.373722 -0.071422
vn -0.990368 0.096327 -0.099456
vn -0.373722 0.924787 0.071421
vn -0.373722 0.924787 -0.071422
vn -0.374029 -0.069239 -0.924829
vn -0.374029 0.069239 -0.924829
vn -0.924829 -0.069239 -0.374029
vn -0.924829 0.069240 -0.374030
vn -0.887921 -0.325262 -0.325271
vn -0.325271 -0.325265 -0.887920
vn -0.325264 -0.887920 -0.325270
vn 0.325267 -0.325267 -0.887920
vn 0.887918 -0.325271 -0.325271
vn 0.325263 -0.887921 -0.325269
vn -0.325262 -0.325265 0.887923
vn -0.887920 -0.325264 0.325271
vn -0.325267 -0.887919 0.325270
vn 0.887920 -0.325266 0.325269
vn 0.325260 -0.325269 0.887922
vn 0.325266 -0.887920 0.325269
vn -0.325266 0.887918 0.325275
vn -0.887920 0.325265 0.325271
vn -0.325273 0.325268 0.887918
vn 0.887916 0.325274 0.325271
vn 0.325265 0.887919 0.325274
vn 0.325276 0.325270 0.887916
vn -0.325271 0.325268 -0.887919
vn -0.887921 0.325264 -0.325269
vn -0.325264 0.887918 -0.325276
vn 0.887920 0.325267 -0.325267
vn 0.325273 0.325270 -0.887917
vn 0.325263 0.887920 -0.325274
vn -0.887918 -0.325272 -0.325268
vn -0.325272 -0.325269 -0.887918
vn -0.325263 -0.887921 -0.325269
vn 0.325269 -0.325269 -0.887919
vn 0.887920 -0.325264 -0.325270
vn 0.325261 -0.887922 -0.325269
vn -0.325274 -0.325268 0.887917
vn -0.887916 -0.325274 0.325273
vn -0.325266 -0.887920 0.325270
vn 0.887920 -0.325265 0.325272
vn 0.325272 -0.325269 0.887918
vn 0.325264 -0.887922 0.325267
vn -0.325265 0.887919 0.325274
vn -0.887917 0.325275 0.325269
vn -0.325273 0.325270 0.887917
vn 0.887918 0.325268 0.325272
vn 0.325263 0.887920 0.325272
vn 0.325276 0.325270 0.887916
vn -0.325271 0.325271 -0.887918
vn -0.887919 0.325271 -0.325268
vn -0.325263 0.887920 -0.325274
vn 0.887922 0.325262 -0.325268
vn 0.325273 0.325270 -0.887917
vn 0.325261 0.887921 -0.325272
vn 0.325261 -0.887921 -0.325272
vn 0.325271 -0.325269 -0.887918
vn 0.887918 -0.325266 -0.325274
vn 0.325275 0.325271 -0.887916
vn 0.325261 0.887921 -0.325272
vn 0.887920 0.325267 -0.325267
vn 0.325273 -0.325269 0.887917
vn 0.325263 -0.887920 0.325272
vn 0.887917 -0.325269 0.325275
vn 0.325263 0.887918 0.325277
vn 0.325279 0.325272 0.887914
vn 0.887918 0.325270 0.325272
vn -0.887915 -0.325271 0.325277
vn -0.325265 -0.887919 0.325274
vn -0.325276 -0.325267 0.887917
vn -0.325264 0.887919 0.325273
vn -0.887918 0.325270 0.325270
vn -0.325275 0.325269 0.887917
vn -0.325273 -0.325268 -0.887918
vn -0.325262 -0.887920 -0.325273
vn -0.887919 -0.325267 -0.325273
vn -0.325262 0.887918 -0.325279
vn -0.325274 0.325271 -0.887916
vn -0.887920 0.325268 -0.325268
vn 0.325261 -0.887921 -0.325271
vn 0.325269 -0.325268 -0.887920
vn 0.887919 -0.325267 -0.325272
vn 0.325272 0.325268 -0.887918
vn 0.325261 0.887921 -0.325272
vn 0.887919 0.325267 -0.325271
vn 0.325261 -0.325269 0.887922
vn 0.325263 -0.887920 0.325272
vn 0.887920 -0.325266 0.325270
vn 0.325263 0.887920 0.325272
vn 0.325264 0.325268 0.887921
vn 0.887919 0.325267 0.325272
vn -0.887918 -0.325268 0.325272
vn -0.325265 -0.887919 0.325272
vn -0.325264 -0.325267 0.887922
vn -0.325264 0.887919 0.325273
vn -0.887920 0.325266 0.325270
vn -0.325262 0.325268 0.887922
vn -0.325272 -0.325266 -0.887919
vn -0.325262 -0.887920 -0.325273
vn -0.887919 -0.325267 -0.325271
vn -0.325263 0.887920 -0.325274
vn -0.325269 0.325266 -0.887920
vn -0.887918 0.325268 -0.325272
vn 0.965616 -0.006634 0.259890
vn 0.914192 -0.368733 0.168190
vn 0.914191 -0.368737 -0.168189
vn 0.965613 -0.006635 -0.259900
vn 0.368741 -0.914192 0.168174
vn 0.006791 -0.965619 0.259872
vn 0.006791 -0.965618 -0.259877
vn 0.368739 -0.914192 -0.168178
vn 0.003569 -0.003487 0.999988
vn 0.183400 -0.002186 0.983036
vn 0.183400 0.002186 0.983036
vn 0.003569 0.003487 0.999988
vn 0.737263 -0.004346 0.675592
vn 0.965616 0.006634 0.259890
vn 0.737263 0.004346 0.675592
vn 0.004448 -0.737246 0.675609
vn -0.004448 -0.737246 0.675610
vn -0.006791 -0.965619 0.259872
vn 0.002238 -0.183413 0.983033
vn -0.003569 -0.003487 0.999988
vn -0.002238 -0.183413 0.983034
vn 0.006791 0.965619 0.259872
vn 0.368741 0.914191 0.168181
vn 0.368739 0.914192 -0.168184
vn 0.006791 0.965618 -0.259877
vn 0.914194 0.368733 0.168183
vn 0.965613 0.006635 -0.259900
vn 0.914191 0.368737 -0.168186
vn 0.002238 0.183416 0.983033
vn -0.002238 0.183416 0.983033
vn -0.003569 0.003487 0.999988
vn 0.004448 0.737246 0.675610
vn -0.006791 0.965619 0.259872
vn -0.004449 0.737246 0.675610
vn -0.368749 -0.914187 0.168183
vn -0.368743 -0.914189 -0.168188
vn -0.006791 -0.965618 -0.259877
vn -0.914195 -0.368731 0.168178
vn -0.965616 -0.006634 0.259890
vn -0.965613 -0.006634 -0.259900
vn -0.914195 -0.368732 -0.168180
vn -0.737263 -0.004346 0.675592
vn -0.737263 0.004346 0.675592
vn -0.965616 0.006634 0.259890
vn -0.183405 -0.002186 0.983035
vn -0.183405 0.002186 0.983035
vn -0.914195 0.368734 0.168177
vn -0.914196 0.368730 -0.168177
vn -0.965613 0.006634 -0.259900
vn -0.368750 0.914186 0.168186
vn -0.006791 0.965618 -0.259877
vn -0.368742 0.914190 -0.168182
vn -0.004448 -0.737225 -0.675633
vn 0.004448 -0.737225 -0.675633
vn -0.002238 -0.183413 -0.983033
vn -0.003569 -0.003487 -0.999988
vn 0.003569 -0.003487 -0.999988
vn 0.002238 -0.183413 -0.983033
vn -0.183436 -0.002186 -0.983029
vn -0.183436 0.002186 -0.983029
vn -0.003569 0.003487 -0.999988
vn -0.737215 -0.004346 -0.675644
vn -0.737216 0.004346 -0.675644
vn -0.002238 0.183416 -0.983033
vn 0.002238 0.183416 -0.983033
vn 0.003569 0.003487 -0.999988
vn -0.004448 0.737225 -0.675633
vn 0.004448 0.737225 -0.675633
vn 0.737215 -0.004346 -0.675644
vn 0.737215 0.004346 -0.675644
vn 0.183431 -0.002186 -0.983030
vn 0.183431 0.002186 -0.983030
vn 0.273543 -0.746703 0.606307
vn 0.746697 -0.273531 0.606320
vn 0.160935 -0.160939 0.973755
vn 0.746709 0.273531 0.606306
vn 0.273541 0.746691 0.606323
vn 0.160929 0.160941 0.973756
vn -0.746716 -0.273527 0.606298
vn -0.273549 -0.746687 0.606325
vn -0.160929 -0.160941 0.973756
vn -0.273553 0.746682 0.606329
vn -0.746715 0.273538 0.606295
vn -0.160939 0.160943 0.973754
vn -0.160937 -0.160941 -0.973754
vn -0.273521 -0.746679 -0.606347
vn -0.746697 -0.273519 -0.606326
vn -0.273519 0.746688 -0.606337
vn -0.160931 0.160943 -0.973755
vn -0.746704 0.273515 -0.606319
vn 0.746679 -0.273539 -0.606339
vn 0.273524 -0.746673 -0.606353
vn 0.160926 -0.160938 -0.973756
vn 0.273518 0.746664 -0.606367
vn 0.746685 0.273542 -0.606330
vn 0.160937 0.160940 -0.973754
vn 0.965616 -0.006634 0.259890
vn 0.914196 -0.368737 0.168165
vn 0.914198 -0.368732 -0.168161
vn 0.965613 -0.006634 -0.259900
vn 0.368718 -0.914200 0.168183
vn 0.006790 -0.965622 0.259863
vn 0.006790 -0.965621 -0.259867
vn 0.368713 -0.914202 -0.168183
vn 0.003569 -0.003487 0.999988
vn 0.183400 -0.002186 0.983036
vn 0.183400 0.002186 0.983036
vn 0.003569 0.003487 0.999988
vn 0.737263 -0.004346 0.675592
vn 0.965616 0.006634 0.259890
vn 0.737263 0.004346 0.675591
vn 0.004449 -0.737259 0.675595
vn -0.004449 -0.737260 0.675595
vn -0.006790 -0.965622 0.259863
vn 0.002238 -0.183416 0.983033
vn -0.003569 -0.003487 0.999988
vn -0.002238 -0.183416 0.983033
vn 0.006790 0.965624 0.259853
vn 0.368719 0.914199 0.168184
vn 0.368714 0.914201 -0.168187
vn 0.006790 0.965623 -0.259857
vn 0.914198 0.368733 0.168160
vn 0.965613 0.006634 -0.259900
vn 0.914197 0.368734 -0.168166
vn 0.002238 0.183416 0.983033
vn -0.002238 0.183416 0.983033
vn -0.003569 0.003487 0.999988
vn 0.004449 0.737273 0.675581
vn -0.006790 0.965624 0.259853
vn -0.004449 0.737273 0.675581
vn -0.368743 -0.914189 0.168189
vn -0.368741 -0.914189 -0.168191
vn -0.006790 -0.965621 -0.259867
vn -0.914203 -0.368722 0.168159
vn -0.965616 -0.006634 0.259890
vn -0.965613 -0.006634 -0.259900
vn -0.914197 -0.368734 -0.168165
vn -0.737263 -0.004345 0.675591
vn -0.737263 0.004345 0.675592
vn -0.965616 0.006634 0.259890
vn -0.183410 -0.002186 0.983034
vn -0.183410 0.002186 0.983034
vn -0.914201 0.368724 0.168167
vn -0.914198 0.368733 -0.168163
vn -0.965613 0.006634 -0.259900
vn -0.368742 0.914188 0.168195
vn -0.006790 0.965623 -0.259858
vn -0.368741 0.914188 -0.168197
vn -0.004448 -0.737238 -0.675618
vn 0.004448 -0.737239 -0.675618
vn -0.002238 -0.183416 -0.983033
vn -0.003569 -0.003487 -0.999988
vn 0.003569 -0.003487 -0.999988
vn 0.002238 -0.183416 -0.983033
vn -0.183441 -0.002186 -0.983028
vn -0.183440 0.002186 -0.983028
vn -0.003569 0.003487 -0.999988
vn -0.737216 -0.004346 -0.675644
vn -0.737216 0.004346 -0.675644
vn -0.002238 0.183416 -0.983033
vn 0.002238 0.183416 -0.983033
vn 0.003569 0.003487 -0.999988
vn -0.004448 0.737251 -0.675604
vn 0.004448 0.737252 -0.675604
vn 0.737216 -0.004346 -0.675644
vn 0.737216 0.004346 -0.675644
vn 0.183430 -0.002186 -0.983030
vn 0.183431 0.002186 -0.983030
vn 0.273542 -0.746706 0.606304
vn 0.746718 -0.273544 0.606288
vn 0.160931 -0.160935 0.973756
vn 0.746732 0.273532 0.606277
vn 0.273547 0.746706 0.606302
vn 0.160932 0.160936 0.973756
vn -0.746741 -0.273489 0.606285
vn -0.273550 -0.746715 0.606289
vn -0.160944 -0.160940 0.973753
vn -0.273543 0.746703 0.606307
vn -0.746729 0.273494 0.606297
vn -0.160940 0.160937 0.973754
vn -0.160944 -0.160940 -0.973753
vn -0.273527 -0.746688 -0.606333
vn -0.746706 -0.273527 -0.606311
vn -0.273526 0.746679 -0.606345
vn -0.160926 0.160938 -0.973756
vn -0.746712 0.273525 -0.606305
vn 0.746713 -0.273518 -0.606306
vn 0.273514 -0.746700 -0.606325
vn 0.160916 -0.160936 -0.973759
vn 0.273515 0.746691 -0.606335
vn 0.746706 0.273527 -0.606311
vn 0.160930 0.160934 -0.973756
vn 0.965616 -0.006634 0.259890
vn 0.914196 -0.368735 0.168169
vn 0.914197 -0.368732 -0.168169
vn 0.965613 -0.006634 -0.259900
vn 0.368734 -0.914193 0.168188
vn 0.006791 -0.965617 0.259882
vn 0.006791 -0.965615 -0.259886
vn 0.368730 -0.914194 -0.168190
vn 0.003569 -0.003487 0.999988
vn 0.183400 -0.002186 0.983036
vn 0.183400 0.002186 0.983036
vn 0.003569 0.003487 0.999988
vn 0.737264 -0.004346 0.675591
vn 0.965616 0.006634 0.259890
vn 0.737264 0.004346 0.675591
vn 0.004448 -0.737233 0.675624
vn -0.004448 -0.737232 0.675625
vn -0.006791 -0.965616 0.259882
vn 0.002238 -0.183415 0.983033
vn -0.003569 -0.003487 0.999988
vn -0.002238 -0.183416 0.983033
vn 0.006791 0.965619 0.259872
vn 0.368734 0.914193 0.168185
vn 0.368729 0.914195 -0.168185
vn 0.006791 0.965618 -0.259877
vn 0.914197 0.368734 0.168166
vn 0.965613 0.006634 -0.259900
vn 0.914197 0.368732 -0.168170
vn 0.002238 0.183415 0.983033
vn -0.002238 0.183416 0.983033
vn -0.003569 0.003487 0.999988
vn 0.004448 0.737246 0.675610
vn -0.006791 0.965619 0.259872
vn -0.004448 0.737246 0.675610
vn -0.368765 -0.914178 0.168196
vn -0.368760 -0.914181 -0.168197
vn -0.006791 -0.965615 -0.259887
vn -0.914182 -0.368770 0.168164
vn -0.965616 -0.006635 0.259890
vn -0.965613 -0.006635 -0.259900
vn -0.914185 -0.368762 -0.168167
vn -0.737264 -0.004346 0.675591
vn -0.737264 0.004346 0.675591
vn -0.965616 0.006635 0.259890
vn -0.183410 -0.002187 0.983034
vn -0.183410 0.002186 0.983034
vn -0.914181 0.368771 0.168167
vn -0.914185 0.368762 -0.168167
vn -0.965613 0.006635 -0.259900
vn -0.368765 0.914181 0.168183
vn -0.006791 0.965618 -0.259877
vn -0.368761 0.914181 -0.168189
vn -0.004448 -0.737211 -0.675648
vn 0.004448 -0.737212 -0.675647
vn -0.002238 -0.183416 -0.983033
vn -0.003569 -0.003487 -0.999988
vn 0.003569 -0.003487 -0.999988
vn 0.002238 -0.183415 -0.983033
vn -0.183441 -0.002186 -0.983028
vn -0.183441 0.002186 -0.983028
vn -0.003569 0.003487 -0.999988
vn -0.737216 -0.004346 -0.675643
vn -0.737216 0.004346 -0.675643
vn -0.002238 0.183416 -0.983033
vn 0.002238 0.183415 -0.983033
vn 0.003569 0.003487 -0.999988
vn -0.004448 0.737225 -0.675633
vn 0.004448 0.737225 -0.675633
vn 0.737216 -0.004346 -0.675643
vn 0.737216 0.004346 -0.675644
vn 0.183430 -0.002186 -0.983030
vn 0.183431 0.002186 -0.983030
vn 0.273539 -0.746691 0.606324
vn 0.746723 -0.273541 0.606284
vn 0.160931 -0.160935 0.973756
vn 0.746727 0.273537 0.606280
vn 0.273542 0.746694 0.606319
vn 0.160924 0.160936 0.973757
vn -0.746723 -0.273563 0.606274
vn -0.273563 -0.746669 0.606340
vn -0.160934 -0.160949 0.973753
vn -0.273567 0.746695 0.606307
vn -0.746716 0.273565 0.606282
vn -0.160941 0.160949 0.973752
vn -0.160941 -0.160949 -0.973752
vn -0.273532 -0.746655 -0.606372
vn -0.746710 -0.273524 -0.606307
vn -0.273541 0.746667 -0.606352
vn -0.160934 0.160949 -0.973753
vn -0.746709 0.273523 -0.606309
vn 0.746710 -0.273524 -0.606307
vn 0.273515 -0.746677 -0.606352
vn 0.160924 -0.160936 -0.973757
vn 0.273517 0.746688 -0.606338
vn 0.746709 0.273524 -0.606309
vn 0.160931 0.160935 -0.973756
vn 0.965616 -0.006634 0.259890
vn 0.914196 -0.368735 0.168167
vn 0.914198 -0.368731 -0.168167
vn 0.965613 -0.006634 -0.259900
vn 0.368747 -0.914186 0.168197
vn 0.006791 -0.965619 0.259872
vn 0.006791 -0.965618 -0.259877
vn 0.368739 -0.914190 -0.168193
vn 0.003569 -0.003487 0.999988
vn 0.183400 -0.002186 0.983036
vn 0.183400 0.002186 0.983036
vn 0.003569 0.003487 0.999988
vn 0.737264 -0.004346 0.675591
vn 0.965616 0.006634 0.259890
vn 0.737263 0.004346 0.675591
vn 0.004448 -0.737246 0.675610
vn -0.004448 -0.737246 0.675610
vn -0.006791 -0.965619 0.259872
vn 0.002238 -0.183415 0.983033
vn -0.003569 -0.003487 0.999988
vn -0.002238 -0.183416 0.983033
vn 0.006791 0.965619 0.259872
vn 0.368746 0.914188 0.168187
vn 0.368740 0.914190 -0.168191
vn 0.006791 0.965618 -0.259877
vn 0.914197 0.368732 0.168171
vn 0.965613 0.006634 -0.259900
vn 0.914196 0.368732 -0.168174
vn 0.002238 0.183415 0.983033
vn -0.002238 0.183416 0.983033
vn -0.003569 0.003487 0.999988
vn 0.004448 0.737246 0.675610
vn -0.006791 0.965619 0.259873
vn -0.004449 0.737246 0.675610
vn -0.368761 -0.914181 0.168190
vn -0.368756 -0.914183 -0.168192
vn -0.006791 -0.965618 -0.259877
vn -0.914183 -0.368765 0.168172
vn -0.965616 -0.006635 0.259890
vn -0.965613 -0.006635 -0.259900
vn -0.914184 -0.368762 -0.168174
vn -0.737263 -0.004346 0.675591
vn -0.737263 0.004346 0.675592
vn -0.965615 0.006635 0.259890
vn -0.183405 -0.002186 0.983035
vn -0.183405 0.002186 0.983035
vn -0.914182 0.368764 0.168181
vn -0.914182 0.368763 -0.168180
vn -0.965613 0.006635 -0.259900
vn -0.368761 0.914181 0.168191
vn -0.006791 0.965618 -0.259877
vn -0.368756 0.914183 -0.168194
vn -0.004448 -0.737225 -0.675633
vn 0.004448 -0.737225 -0.675633
vn -0.002238 -0.183416 -0.983033
vn -0.003569 -0.003487 -0.999988
vn 0.003569 -0.003487 -0.999988
vn 0.002238 -0.183415 -0.983033
vn -0.183436 -0.002186 -0.983029
vn -0.183436 0.002186 -0.983029
vn -0.003569 0.003487 -0.999988
vn -0.737216 -0.004346 -0.675644
vn -0.737215 0.004346 -0.675644
vn -0.002238 0.183415 -0.983033
vn 0.002238 0.183415 -0.983033
vn 0.003569 0.003487 -0.999988
vn -0.004448 0.737224 -0.675633
vn 0.004448 0.737225 -0.675633
vn 0.737216 -0.004346 -0.675643
vn 0.737216 0.004346 -0.675644
vn 0.183431 -0.002186 -0.983030
vn 0.183431 0.002186 -0.983030
vn 0.273543 -0.746682 0.606333
vn 0.746727 -0.273542 0.606278
vn 0.160932 -0.160936 0.973756
vn 0.746723 0.273529 0.606290
vn 0.273543 0.746697 0.606315
vn 0.160921 0.160933 0.973758
vn -0.746720 -0.273541 0.606288
vn -0.273549 -0.746685 0.606327
vn -0.160931 -0.160943 0.973755
vn -0.273550 0.746688 0.606323
vn -0.746703 0.273533 0.606312
vn -0.160937 0.160941 0.973754
vn -0.160938 -0.160942 -0.973754
vn -0.273524 -0.746673 -0.606353
vn -0.746703 -0.273521 -0.606318
vn -0.273521 0.746667 -0.606362
vn -0.160929 0.160941 -0.973756
vn -0.746689 0.273523 -0.606333
vn 0.746716 -0.273520 -0.606302
vn 0.273509 -0.746687 -0.606342
vn 0.160924 -0.160936 -0.973757
vn 0.273515 0.746691 -0.606335
vn 0.746703 0.273521 -0.606318
vn 0.160929 0.160933 -0.973757
vn 0.965614 -0.006635 0.259895
vn 0.914191 -0.368747 0.168171
vn 0.914191 -0.368744 -0.168174
vn 0.965613 -0.006635 -0.259900
vn 0.368761 -0.914183 0.168184
vn 0.006791 -0.965614 0.259891
vn 0.006791 -0.965613 -0.259896
vn 0.368762 -0.914182 -0.168184
vn 0.003569 -0.003487 0.999988
vn 0.183400 -0.002186 0.983036
vn 0.183400 0.002186 0.983036
vn 0.003569 0.003487 0.999988
vn 0.737264 -0.004346 0.675591
vn 0.965614 0.006635 0.259895
vn 0.737264 0.004346 0.675591
vn 0.004448 -0.737220 0.675638
vn -0.004448 -0.737219 0.675639
vn -0.006791 -0.965614 0.259892
vn 0.002238 -0.183415 0.983033
vn -0.003569 -0.003487 0.999988
vn -0.002238 -0.183415 0.983033
vn 0.006791 0.965614 0.259892
vn 0.368759 0.914181 0.168194
vn 0.368762 0.914179 -0.168200
vn 0.006791 0.965613 -0.259896
vn 0.914191 0.368745 0.168173
vn 0.965613 0.006635 -0.259900
vn 0.914193 0.368740 -0.168174
vn 0.002238 0.183416 0.983033
vn -0.002238 0.183415 0.983033
vn -0.003569 0.003487 0.999988
vn 0.004448 0.737219 0.675639
vn -0.006791 0.965614 0.259892
vn -0.004448 0.737219 0.675639
vn -0.368780 -0.914174 0.168189
vn -0.368779 -0.914174 -0.168189
vn -0.006791 -0.965613 -0.259896
vn -0.914181 -0.368765 0.168182
vn -0.965614 -0.006635 0.259895
vn -0.965613 -0.006635 -0.259900
vn -0.914183 -0.368761 -0.168183
vn -0.737264 -0.004346 0.675591
vn -0.737264 0.004346 0.675591
vn -0.965614 0.006635 0.259895
vn -0.183405 -0.002186 0.983035
vn -0.183406 0.002186 0.983035
vn -0.914183 0.368761 0.168181
vn -0.914181 0.368764 -0.168184
vn -0.965613 0.006635 -0.259900
vn -0.368780 0.914174 0.168188
vn -0.006791 0.965613 -0.259896
vn -0.368779 0.914174 -0.168191
vn -0.004448 -0.737198 -0.675662
vn 0.004448 -0.737198 -0.675662
vn -0.002238 -0.183415 -0.983033
vn -0.003569 -0.003487 -0.999988
vn 0.003569 -0.003487 -0.999988
vn 0.002238 -0.183415 -0.983033
vn -0.183406 -0.002186 -0.983035
vn -0.183405 0.002186 -0.983035
vn -0.003569 0.003487 -0.999988
vn -0.737239 -0.004346 -0.675618
vn -0.737239 0.004346 -0.675618
vn -0.002238 0.183415 -0.983033
vn 0.002238 0.183416 -0.983033
vn 0.003569 0.003487 -0.999988
vn -0.004448 0.737198 -0.675662
vn 0.004448 0.737198 -0.675662
vn 0.737240 -0.004345 -0.675617
vn 0.737240 0.004345 -0.675617
vn 0.183400 -0.002186 -0.983036
vn 0.183400 0.002186 -0.983036
vn 0.273516 -0.746715 0.606306
vn 0.746733 -0.273535 0.606274
vn 0.160927 -0.160939 0.973756
vn 0.746733 0.273526 0.606278
vn 0.273508 0.746699 0.606328
vn 0.160924 0.160943 0.973756
vn -0.746712 -0.273545 0.606295
vn -0.273529 -0.746679 0.606343
vn -0.160927 -0.160934 0.973757
vn -0.273531 0.746682 0.606339
vn -0.746718 0.273529 0.606295
vn -0.160937 0.160937 0.973755
vn -0.160935 -0.160935 -0.973755
vn -0.273524 -0.746673 -0.606353
vn -0.746697 -0.273519 -0.606326
vn -0.273521 0.746667 -0.606362
vn -0.160929 0.160937 -0.973756
vn -0.746691 0.273530 -0.606328
vn 0.746712 -0.273511 -0.606311
vn 0.273513 -0.746697 -0.606329
vn 0.160919 -0.160939 -0.973758
vn 0.273505 0.746669 -0.606366
vn 0.746717 0.273500 -0.606309
vn 0.160930 0.160942 -0.973755
vn -0.001036 -0.994208 0.107466
vn -0.373707 -0.924793 0.071422
vn -0.373706 -0.924793 -0.071423
vn -0.001036 -0.994208 -0.107466
vn -0.924787 -0.373722 0.071422
vn -0.994213 -0.001768 0.107416
vn -0.994213 -0.001768 -0.107416
vn -0.924785 -0.373726 -0.071422
vn -0.001144 -0.001953 0.999997
vn -0.000708 -0.382604 0.923912
vn 0.000708 -0.382603 0.923912
vn 0.001144 -0.001953 0.999997
vn -0.000708 -0.923915 0.382596
vn 0.001036 -0.994208 0.107466
vn 0.000708 -0.923915 0.382596
vn -0.923926 -0.001208 0.382570
vn -0.923926 0.001208 0.382570
vn -0.994213 0.001768 0.107416
vn -0.382554 -0.001208 0.923932
vn -0.001144 0.001953 0.999997
vn -0.382554 0.001208 0.923933
vn 0.994213 -0.001768 0.107416
vn 0.924786 -0.373724 0.071422
vn 0.924786 -0.373724 -0.071422
vn 0.994213 -0.001768 -0.107416
vn 0.373707 -0.924793 0.071423
vn 0.001036 -0.994208 -0.107466
vn 0.373706 -0.924793 -0.071422
vn 0.382554 -0.001208 0.923932
vn 0.382554 0.001208 0.923933
vn 0.001144 0.001953 0.999997
vn 0.923926 -0.001208 0.382570
vn 0.994213 0.001768 0.107416
vn 0.923926 0.001208 0.382570
vn -0.924777 0.373747 0.071422
vn -0.924778 0.373745 -0.071421
vn -0.994213 0.001768 -0.107416
vn -0.373719 0.924789 0.071413
vn -0.001036 0.994207 0.107474
vn -0.001036 0.994207 -0.107474
vn -0.373718 0.924789 -0.071415
vn -0.000708 0.923905 0.382620
vn 0.000708 0.923905 0.382620
vn 0.001036 0.994207 0.107474
vn -0.000708 0.382638 0.923898
vn 0.000708 0.382638 0.923898
vn 0.373719 0.924789 0.071415
vn 0.373717 0.924789 -0.071414
vn 0.001036 0.994207 -0.107474
vn 0.924778 0.373745 0.071420
vn 0.994213 0.001768 -0.107416
vn 0.924777 0.373746 -0.071421
vn -0.923926 0.001208 -0.382570
vn -0.923926 -0.001208 -0.382570
vn -0.382554 0.001208 -0.923933
vn -0.001144 0.001953 -0.999997
vn -0.001144 -0.001953 -0.999997
vn -0.382554 -0.001208 -0.923932
vn -0.000708 0.382638 -0.923898
vn 0.000708 0.382638 -0.923898
vn 0.001144 0.001953 -0.999997
vn -0.000708 0.923905 -0.382620
vn 0.000708 0.923905 -0.382620
vn 0.382554 0.001208 -0.923933
vn 0.382554 -0.001208 -0.923932
vn 0.001144 -0.001953 -0.999997
vn 0.923926 0.001208 -0.382570
vn 0.923926 -0.001208 -0.382570
vn -0.000708 -0.923915 -0.382596
vn 0.000708 -0.923915 -0.382596
vn -0.000708 -0.382603 -0.923912
vn 0.000708 -0.382604 -0.923912
vn -0.887920 -0.325256 0.325279
vn -0.325267 -0.887919 0.325270
vn -0.325298 -0.325254 0.887914
vn 0.325266 -0.887919 0.325272
vn 0.887917 -0.325263 0.325280
vn 0.325299 -0.325255 0.887913
vn -0.325244 0.887938 0.325244
vn -0.887918 0.325282 0.325259
vn -0.325292 0.325271 0.887910
vn 0.887922 0.325274 0.325256
vn 0.325244 0.887935 0.325250
vn 0.325290 0.325270 0.887911
vn -0.325285 0.325270 -0.887913
vn -0.887922 0.325274 -0.325256
vn -0.325239 0.887937 -0.325250
vn 0.887920 0.325279 -0.325256
vn 0.325292 0.325271 -0.887910
vn 0.325238 0.887939 -0.325244
vn -0.325261 -0.887921 -0.325273
vn -0.887912 -0.325269 -0.325287
vn -0.325299 -0.325255 -0.887914
vn 0.887915 -0.325263 -0.325286
vn 0.325262 -0.887921 -0.325271
vn 0.325303 -0.325253 -0.887912
vn 0.999894 -0.001992 0.014422
vn 0.924254 -0.381673 0.009002
vn 0.924254 -0.381673 -0.009002
vn 0.999894 -0.001992 -0.014422
vn 0.381669 -0.924255 0.009002
vn 0.008881 -0.999858 0.014340
vn 0.008881 -0.999858 -0.014340
vn 0.381669 -0.924255 -0.009002
vn 0.008974 -0.002001 0.999958
vn 0.382543 -0.001247 0.923937
vn 0.382543 0.001247 0.923937
vn 0.008974 0.002001 0.999958
vn 0.923935 -0.001247 0.382548
vn 0.999894 0.001992 0.014422
vn 0.923935 0.001247 0.382548
vn 0.005582 -0.924119 0.382064
vn -0.005582 -0.924119 0.382065
vn -0.008881 -0.999858 0.014340
vn 0.005582 -0.382053 0.924124
vn -0.008974 -0.002001 0.999958
vn -0.005582 -0.382053 0.924124
vn 0.008881 0.999858 0.014339
vn 0.381660 0.924259 0.009001
vn 0.381660 0.924259 -0.009001
vn 0.008881 0.999858 -0.014339
vn 0.924254 0.381673 0.009001
vn 0.999894 0.001992 -0.014422
vn 0.924254 0.381673 -0.009001
vn 0.005582 0.382048 0.924126
vn -0.005582 0.382048 0.924126
vn -0.008974 0.002001 0.999958
vn 0.005582 0.924128 0.382043
vn -0.008881 0.999858 0.014339
vn -0.005582 0.924128 0.382043
vn -0.381663 -0.924258 0.009001
vn -0.381663 -0.924258 -0.009001
vn -0.008881 -0.999858 -0.014340
vn -0.924260 -0.381656 0.009001
vn -0.999894 -0.001992 0.014422
vn -0.999894 -0.001992 -0.014422
vn -0.924260 -0.381657 -0.009001
vn -0.923939 -0.001247 0.382539
vn -0.923939 0.001247 0.382539
vn -0.999894 0.001992 0.014422
vn -0.382543 -0.001247 0.923937
vn -0.382543 0.001247 0.923937
vn -0.924260 0.381657 0.009001
vn -0.924260 0.381657 -0.009001
vn -0.999894 0.001992 -0.014422
vn -0.381654 0.924262 0.009000
vn -0.008881 0.999858 -0.014339
vn -0.381654 0.924262 -0.009000
vn -0.005582 -0.924119 -0.382064
vn 0.005582 -0.924119 -0.382064
vn -0.005582 -0.382053 -0.924124
vn -0.008973 -0.002001 -0.999958
vn 0.008973 -0.002001 -0.999958
vn 0.005582 -0.382053 -0.924124
vn -0.382525 -0.001247 -0.923944
vn -0.382525 0.001247 -0.923944
vn -0.008973 0.002001 -0.999958
vn -0.923939 -0.001247 -0.382539
vn -0.923939 0.001247 -0.382539
vn -0.005582 0.382048 -0.924126
vn 0.005582 0.382048 -0.924126
vn 0.008973 0.002001 -0.999958
vn -0.005582 0.924128 -0.382043
vn 0.005582 0.924128 -0.382043
vn 0.923935 -0.001247 -0.382548
vn 0.923935 0.001247 -0.382548
vn 0.382525 -0.001247 -0.923944
vn 0.382525 0.001247 -0.923945
vn 0.999876 -0.002006 0.015627
vn 0.924285 -0.381577 0.009762
vn 0.924285 -0.381578 -0.009762
vn 0.999876 -0.002006 -0.015627
vn 0.381579 -0.924285 0.009761
vn 0.009574 -0.999834 0.015530
vn 0.009574 -0.999834 -0.015530
vn 0.381580 -0.924285 -0.009761
vn 0.009683 -0.002017 0.999951
vn 0.382535 -0.001257 0.923940
vn 0.382535 0.001257 0.923940
vn 0.009683 0.002017 0.999951
vn 0.923938 -0.001257 0.382539
vn 0.999876 0.002006 0.015627
vn 0.923938 0.001257 0.382539
vn 0.006026 -0.924139 0.382009
vn -0.006026 -0.924139 0.382009
vn -0.009574 -0.999834 0.015530
vn 0.006026 -0.381997 0.924144
vn -0.009683 -0.002017 0.999951
vn -0.006026 -0.381997 0.924144
vn 0.009573 0.999834 0.015530
vn 0.381570 0.924288 0.009761
vn 0.381570 0.924288 -0.009761
vn 0.009573 0.999834 -0.015530
vn 0.924285 0.381578 0.009762
vn 0.999876 0.002006 -0.015627
vn 0.924285 0.381578 -0.009762
vn 0.006025 0.382002 0.924142
vn -0.006026 0.382002 0.924142
vn -0.009683 0.002017 0.999951
vn 0.006026 0.924139 0.382009
vn -0.009573 0.999834 0.015530
vn -0.006026 0.924139 0.382009
vn -0.381579 -0.924285 0.009762
vn -0.381579 -0.924285 -0.009762
vn -0.009574 -0.999834 -0.015530
vn -0.924285 -0.381578 0.009761
vn -0.999876 -0.002006 0.015628
vn -0.999876 -0.002006 -0.015628
vn -0.924285 -0.381578 -0.009761
vn -0.923935 -0.001257 0.382549
vn -0.923935 0.001257 0.382549
vn -0.999876 0.002006 0.015628
vn -0.382535 -0.001257 0.923940
vn -0.382535 0.001257 0.923940
vn -0.924285 0.381578 0.009761
vn -0.924285 0.381578 -0.009761
vn -0.999876 0.002006 -0.015628
vn -0.381570 0.924288 0.009761
vn -0.009573 0.999834 -0.015530
vn -0.381570 0.924288 -0.009761
vn -0.006026 -0.924139 -0.382009
vn 0.006026 -0.924139 -0.382009
vn -0.006026 -0.381997 -0.924144
vn -0.009683 -0.002017 -0.999951
vn 0.009683 -0.002017 -0.999951
vn 0.006026 -0.381997 -0.924144
vn -0.382535 -0.001257 -0.923940
vn -0.382535 0.001257 -0.923940
vn -0.009683 0.002017 -0.999951
vn -0.923935 -0.001257 -0.382549
vn -0.923935 0.001257 -0.382549
vn -0.006026 0.382002 -0.924142
vn 0.006026 0.382002 -0.924142
vn 0.009683 0.002017 -0.999951
vn -0.006026 0.924139 -0.382009
vn 0.006026 0.924139 -0.382009
vn 0.923938 -0.001257 -0.382539
vn 0.923938 0.001257 -0.382539
vn 0.382535 -0.001257 -0.923940
vn 0.382535 0.001257 -0.923940
vn -0.001161 -0.999895 0.014432
vn -0.381657 -0.924260 0.009001
vn -0.381657 -0.924260 -0.009001
vn -0.001161 -0.999895 -0.014432
vn -0.924257 -0.381665 0.009002
vn -0.999856 -0.009116 0.014337
vn -0.999856 -0.009116 -0.014337
vn -0.924257 -0.381665 -0.009002
vn -0.001166 -0.009217 0.999957
vn -0.000726 -0.382593 0.923917
vn 0.000726 -0.382593 0.923917
vn 0.001166 -0.009217 0.999957
vn -0.000726 -0.923913 0.382603
vn 0.001161 -0.999895 0.014432
vn 0.000726 -0.923913 0.382603
vn -0.924127 -0.005730 0.382042
vn -0.924127 0.005730 0.382042
vn -0.999856 0.009116 0.014337
vn -0.382044 -0.005730 0.924126
vn -0.001166 0.009217 0.999957
vn -0.382045 0.005730 0.924126
vn 0.999856 -0.009116 0.014337
vn 0.924257 -0.381665 0.009002
vn 0.924257 -0.381665 -0.009002
vn 0.999856 -0.009116 -0.014337
vn 0.381657 -0.924260 0.009001
vn 0.001161 -0.999895 -0.014432
vn 0.381657 -0.924260 -0.009001
vn 0.382044 -0.005730 0.924126
vn 0.382044 0.005730 0.924126
vn 0.001166 0.009217 0.999957
vn 0.924127 -0.005730 0.382042
vn 0.999856 0.009116 0.014337
vn 0.924127 0.005730 0.382042
vn -0.924257 0.381665 0.009001
vn -0.924257 0.381665 -0.009001
vn -0.999856 0.009116 -0.014337
vn -0.381657 0.924260 0.009002
vn -0.001161 0.999895 0.014432
vn -0.001161 0.999895 -0.014432
vn -0.381657 0.924260 -0.009002
vn -0.000726 0.923913 0.382603
vn 0.000726 0.923913 0.382603
vn 0.001161 0.999895 0.014432
vn -0.000726 0.382593 0.923917
vn 0.000726 0.382593 0.923917
vn 0.381657 0.924260 0.009002
vn 0.381657 0.924260 -0.009002
vn 0.001161 0.999895 -0.014432
vn 0.924257 0.381665 0.009001
vn 0.999856 0.009116 -0.014337
vn 0.924257 0.381665 -0.009001
vn -0.924127 0.005730 -0.382042
vn -0.924127 -0.005730 -0.382042
vn -0.382023 0.005730 -0.924135
vn -0.001166 0.009217 -0.999957
vn -0.001166 -0.009217 -0.999957
vn -0.382023 -0.005730 -0.924135
vn -0.000726 0.382593 -0.923917
vn 0.000726 0.382593 -0.923917
vn 0.001166 0.009217 -0.999957
vn -0.000726 0.923913 -0.382603
vn 0.000726 0.923913 -0.382603
vn 0.382023 0.005730 -0.924135
vn 0.382023 -0.005730 -0.924135
vn 0.001166 -0.009217 -0.999957
vn 0.924127 0.005730 -0.382042
vn 0.924127 -0.005730 -0.382042
vn -0.000726 -0.923913 -0.382603
vn 0.000726 -0.923913 -0.382603
vn -0.000726 -0.382593 -0.923917
vn 0.000726 -0.382593 -0.923917
vn -0.001161 -0.999895 0.014432
vn -0.381662 -0.924258 0.009002
vn -0.381662 -0.924258 -0.009002
vn -0.001161 -0.999895 -0.014432
vn -0.924258 -0.381663 0.009001
vn -0.999862 -0.008431 0.014345
vn -0.999862 -0.008431 -0.014345
vn -0.924258 -0.381663 -0.009001
vn -0.001166 -0.008525 0.999963
vn -0.000726 -0.382595 0.923916
vn 0.000726 -0.382595 0.923916
vn 0.001166 -0.008525 0.999963
vn -0.000726 -0.923913 0.382603
vn 0.001161 -0.999895 0.014432
vn 0.000726 -0.923913 0.382603
vn -0.924108 -0.005298 0.382094
vn -0.924108 0.005298 0.382094
vn -0.999862 0.008431 0.014345
vn -0.382099 -0.005297 0.924106
vn -0.001166 0.008525 0.999963
vn -0.382099 0.005297 0.924106
vn 0.999862 -0.008431 0.014345
vn 0.924258 -0.381663 0.009001
vn 0.924258 -0.381663 -0.009001
vn 0.999862 -0.008431 -0.014345
vn 0.381662 -0.924258 0.009002
vn 0.001161 -0.999895 -0.014432
vn 0.381662 -0.924258 -0.009002
vn 0.382099 -0.005297 0.924106
vn 0.382099 0.005297 0.924106
vn 0.001166 0.008525 0.999963
vn 0.924108 -0.005298 0.382094
vn 0.999862 0.008431 0.014345
vn 0.924108 0.005297 0.382094
vn -0.924257 0.381665 0.009002
vn -0.924257 0.381665 -0.009002
vn -0.999862 0.008431 -0.014345
vn -0.381666 0.924257 0.009002
vn -0.001161 0.999895 0.014432
vn -0.001161 0.999895 -0.014432
vn -0.381666 0.924256 -0.009002
vn -0.000726 0.923913 0.382603
vn 0.000726 0.923913 0.382603
vn 0.001161 0.999895 0.014432
vn -0.000726 0.382593 0.923917
vn 0.000726 0.382593 0.923917
vn 0.381666 0.924257 0.009002
vn 0.381666 0.924257 -0.009002
vn 0.001161 0.999895 -0.014432
vn 0.924257 0.381665 0.009002
vn 0.999862 0.008431 -0.014345
vn 0.924257 0.381665 -0.009002
vn -0.924108 0.005298 -0.382094
vn -0.924108 -0.005298 -0.382094
vn -0.382080 0.005297 -0.924114
vn -0.001166 0.008525 -0.999963
vn -0.001166 -0.008525 -0.999963
vn -0.382080 -0.005297 -0.924114
vn -0.000726 0.382593 -0.923917
vn 0.000726 0.382593 -0.923917
vn 0.001166 0.008525 -0.999963
vn -0.000726 0.923913 -0.382603
vn 0.000726 0.923913 -0.382603
vn 0.382080 0.005297 -0.924114
vn 0.382080 -0.005297 -0.924114
vn 0.001166 -0.008525 -0.999963
vn 0.924108 0.005297 -0.382094
vn 0.924108 -0.005298 -0.382094
vn -0.000726 -0.923913 -0.382603
vn 0.000726 -0.923913 -0.382603
vn -0.000726 -0.382595 -0.923916
vn 0.000726 -0.382595 -0.923916
vn 0.325267 -0.887918 0.325273
vn 0.887920 -0.325267 0.325269
vn 0.325268 -0.325268 0.887920
vn 0.887921 0.325271 0.325261
vn 0.325267 0.887930 0.325241
vn 0.325254 0.325259 0.887929
vn -0.887918 -0.325278 0.325262
vn -0.325280 -0.887911 0.325280
vn -0.325265 -0.325270 0.887920
vn -0.325278 0.887927 0.325238
vn -0.887914 0.325287 0.325266
vn -0.325260 0.325260 0.887926
vn -0.325268 -0.325268 -0.887920
vn -0.325279 -0.887914 -0.325274
vn -0.887915 -0.325285 -0.325265
vn -0.325279 0.887924 -0.325244
vn -0.325258 0.325258 -0.887927
vn -0.887914 0.325283 -0.325268
vn 0.887918 -0.325270 -0.325272
vn 0.325267 -0.887918 -0.325275
vn 0.325265 -0.325270 -0.887920
vn 0.325266 0.887929 -0.325246
vn 0.887921 0.325271 -0.325261
vn 0.325260 0.325260 -0.887926
vn 0.325264 -0.887917 0.325279
vn 0.887911 -0.325284 0.325276
vn 0.325271 -0.325271 0.887917
vn 0.887908 0.325286 0.325281
vn 0.325270 0.887920 0.325265
vn 0.325261 0.325271 0.887921
vn -0.887916 -0.325282 0.325264
vn -0.325263 -0.887915 0.325286
vn -0.325262 -0.325267 0.887922
vn -0.325270 0.887918 0.325270
vn -0.887913 0.325284 0.325269
vn -0.325268 0.325268 0.887920
vn -0.325267 -0.325267 -0.887921
vn -0.325272 -0.887911 -0.325287
vn -0.887914 -0.325285 -0.325267
vn -0.325270 0.887918 -0.325270
vn -0.325265 0.325270 -0.887920
vn -0.887911 0.325287 -0.325272
vn 0.887909 -0.325287 -0.325279
vn 0.325273 -0.887913 -0.325281
vn 0.325265 -0.325270 -0.887920
vn 0.325270 0.887918 -0.325270
vn 0.887909 0.325285 -0.325280
vn 0.325273 0.325273 -0.887916
vn -0.887915 -0.325276 0.325274
vn -0.325275 -0.887924 0.325250
vn -0.325259 -0.325264 0.887924
vn 0.325269 -0.887927 0.325249
vn 0.887915 -0.325277 0.325272
vn 0.325261 -0.325261 0.887925
vn -0.325270 0.887911 0.325290
vn -0.887920 0.325279 0.325258
vn -0.325273 0.325273 0.887916
vn 0.887918 0.325280 0.325260
vn 0.325265 0.887915 0.325285
vn 0.325265 0.325270 0.887920
vn -0.325270 0.325270 -0.887918
vn -0.887919 0.325278 -0.325260
vn -0.325271 0.887910 -0.325291
vn 0.887918 0.325280 -0.325260
vn 0.325273 0.325273 -0.887916
vn 0.325265 0.887915 -0.325285
vn -0.325274 -0.887923 -0.325254
vn -0.887914 -0.325278 -0.325273
vn -0.325261 -0.325261 -0.887925
vn 0.887914 -0.325278 -0.325273
vn 0.325270 -0.887928 -0.325244
vn 0.325264 -0.325264 -0.887923
vn -0.887920 -0.325270 0.325265
vn -0.325272 -0.887913 0.325282
vn -0.325261 -0.325266 0.887923
vn 0.325266 -0.887918 0.325276
vn 0.887920 -0.325271 0.325264
vn 0.325265 -0.325265 0.887922
vn -0.325275 0.887912 0.325281
vn -0.887916 0.325275 0.325270
vn -0.325267 0.325267 0.887921
vn 0.887918 0.325273 0.325267
vn 0.325270 0.887915 0.325280
vn 0.325262 0.325267 0.887922
vn -0.325262 0.325267 -0.887922
vn -0.887915 0.325276 -0.325274
vn -0.325276 0.887910 -0.325286
vn 0.887916 0.325275 -0.325270
vn 0.325267 0.325267 -0.887921
vn 0.325270 0.887916 -0.325275
vn -0.325271 -0.887914 -0.325281
vn -0.887915 -0.325279 -0.325271
vn -0.325265 -0.325265 -0.887922
vn 0.887915 -0.325279 -0.325271
vn 0.325266 -0.887918 -0.325276
vn 0.325265 -0.325265 -0.887922
vn 0.965616 -0.006634 0.259890
vn 0.914190 -0.368740 0.168190
vn 0.914192 -0.368734 -0.168189
vn 0.965613 -0.006634 -0.259900
vn 0.368750 -0.914187 0.168180
vn 0.006791 -0.965619 0.259872
vn 0.006791 -0.965618 -0.259877
vn 0.368745 -0.914189 -0.168180
vn 0.003569 -0.003487 0.999988
vn 0.183400 -0.002186 0.983036
vn 0.183400 0.002186 0.983036
vn 0.003569 0.003487 0.999988
vn 0.737263 -0.004346 0.675592
vn 0.965616 0.006634 0.259890
vn 0.737263 0.004346 0.675592
vn 0.004449 -0.737246 0.675610
vn -0.004448 -0.737246 0.675610
vn -0.006791 -0.965619 0.259872
vn 0.002238 -0.183413 0.983033
vn -0.003569 -0.003487 0.999988
vn -0.002238 -0.183413 0.983034
vn 0.006791 0.965619 0.259872
vn 0.368750 0.914187 0.168183
vn 0.368746 0.914188 -0.168189
vn 0.006791 0.965618 -0.259877
vn 0.914190 0.368742 0.168182
vn 0.965613 0.006634 -0.259900
vn 0.914194 0.368731 -0.168187
vn 0.002238 0.183416 0.983033
vn -0.002238 0.183416 0.983033
vn -0.003569 0.003487 0.999988
vn 0.004448 0.737246 0.675610
vn -0.006791 0.965619 0.259872
vn -0.004448 0.737246 0.675610
vn -0.368747 -0.914188 0.168183
vn -0.368745 -0.914189 -0.168187
vn -0.006791 -0.965618 -0.259877
vn -0.914197 -0.368728 0.168177
vn -0.965616 -0.006634 0.259890
vn -0.965613 -0.006634 -0.259900
vn -0.914195 -0.368732 -0.168180
vn -0.737263 -0.004345 0.675592
vn -0.737263 0.004345 0.675592
vn -0.965616 0.006634 0.259890
vn -0.183405 -0.002186 0.983035
vn -0.183405 0.002186 0.983035
vn -0.914197 0.368728 0.168178
vn -0.914195 0.368734 -0.168176
vn -0.965613 0.006634 -0.259900
vn -0.368747 0.914188 0.168183
vn -0.006791 0.965618 -0.259877
vn -0.368745 0.914189 -0.168185
vn -0.004448 -0.737225 -0.675633
vn 0.004448 -0.737225 -0.675633
vn -0.002238 -0.183413 -0.983033
vn -0.003569 -0.003487 -0.999988
vn 0.003569 -0.003487 -0.999988
vn 0.002238 -0.183413 -0.983033
vn -0.183436 -0.002186 -0.983029
vn -0.183436 0.002186 -0.983029
vn -0.003569 0.003487 -0.999988
vn -0.737215 -0.004346 -0.675644
vn -0.737216 0.004346 -0.675644
vn -0.002238 0.183416 -0.983033
vn 0.002238 0.183416 -0.983033
vn 0.003569 0.003487 -0.999988
vn -0.004448 0.737225 -0.675633
vn 0.004448 0.737225 -0.675633
vn 0.737215 -0.004346 -0.675644
vn 0.737215 0.004346 -0.675644
vn 0.183431 -0.002186 -0.983030
vn 0.183431 0.002186 -0.983030
vn 0.273551 -0.746685 0.606326
vn 0.746692 -0.273556 0.606316
vn 0.160934 -0.160946 0.973754
vn 0.746701 0.273568 0.606299
vn 0.273547 0.746679 0.606335
vn 0.160929 0.160948 0.973754
vn -0.746719 -0.273514 0.606301
vn -0.273544 -0.746699 0.606312
vn -0.160929 -0.160941 0.973756
vn -0.273544 0.746700 0.606310
vn -0.746721 0.273513 0.606299
vn -0.160939 0.160943 0.973754
vn -0.160937 -0.160941 -0.973754
vn -0.273524 -0.746673 -0.606353
vn -0.746697 -0.273519 -0.606326
vn -0.273525 0.746676 -0.606349
vn -0.160931 0.160943 -0.973755
vn -0.746701 0.273527 -0.606316
vn 0.746682 -0.273527 -0.606341
vn 0.273524 -0.746673 -0.606353
vn 0.160926 -0.160946 -0.973755
vn 0.273521 0.746658 -0.606373
vn 0.746691 0.273517 -0.606334
vn 0.160936 0.160948 -0.973753
vn 0.965616 -0.006634 0.259890
vn 0.914198 -0.368730 0.168166
vn 0.914197 -0.368735 -0.168161
vn 0.965613 -0.006634 -0.259900
vn 0.368725 -0.914196 0.168187
vn 0.006790 -0.965622 0.259863
vn 0.006790 -0.965621 -0.259867
vn 0.368721 -0.914198 -0.168188
vn 0.003569 -0.003487 0.999988
vn 0.183400 -0.002186 0.983036
vn 0.183400 0.002186 0.983036
vn 0.003569 0.003487 0.999988
vn 0.737263 -0.004345 0.675592
vn 0.965616 0.006634 0.259890
vn 0.737263 0.004345 0.675591
vn 0.004449 -0.737260 0.675595
vn -0.004449 -0.737260 0.675595
vn -0.006790 -0.965622 0.259863
vn 0.002238 -0.183416 0.983033
vn -0.003569 -0.003487 0.999988
vn -0.002238 -0.183416 0.983033
vn 0.006790 0.965624 0.259853
vn 0.368725 0.914197 0.168185
vn 0.368721 0.914198 -0.168188
vn 0.006790 0.965623 -0.259858
vn 0.914199 0.368730 0.168160
vn 0.965613 0.006634 -0.259900
vn 0.914197 0.368734 -0.168166
vn 0.002238 0.183416 0.983033
vn -0.002238 0.183416 0.983033
vn -0.003569 0.003487 0.999988
vn 0.004449 0.737273 0.675580
vn -0.006790 0.965624 0.259853
vn -0.004449 0.737273 0.675581
vn -0.368748 -0.914187 0.168190
vn -0.368742 -0.914189 -0.168193
vn -0.006790 -0.965621 -0.259867
vn -0.914193 -0.368747 0.168157
vn -0.965616 -0.006635 0.259890
vn -0.965613 -0.006635 -0.259900
vn -0.914191 -0.368749 -0.168164
vn -0.737263 -0.004345 0.675591
vn -0.737263 0.004346 0.675592
vn -0.965616 0.006635 0.259890
vn -0.183410 -0.002186 0.983034
vn -0.183410 0.002186 0.983034
vn -0.914192 0.368745 0.168166
vn -0.914193 0.368745 -0.168162
vn -0.965613 0.006635 -0.259900
vn -0.368748 0.914185 0.168199
vn -0.006790 0.965623 -0.259858
vn -0.368741 0.914188 -0.168196
vn -0.004448 -0.737238 -0.675618
vn 0.004448 -0.737238 -0.675618
vn -0.002238 -0.183416 -0.983033
vn -0.003569 -0.003487 -0.999988
vn 0.003569 -0.003487 -0.999988
vn 0.002238 -0.183416 -0.983033
vn -0.183441 -0.002186 -0.983028
vn -0.183440 0.002186 -0.983028
vn -0.003569 0.003487 -0.999988
vn -0.737216 -0.004346 -0.675644
vn -0.737216 0.004346 -0.675644
vn -0.002238 0.183416 -0.983033
vn 0.002238 0.183416 -0.983033
vn 0.003569 0.003487 -0.999988
vn -0.004448 0.737251 -0.675604
vn 0.004448 0.737252 -0.675604
vn 0.737216 -0.004346 -0.675644
vn 0.737216 0.004346 -0.675644
vn 0.183430 -0.002186 -0.983030
vn 0.183431 0.002186 -0.983030
vn 0.273544 -0.746700 0.606310
vn 0.746724 -0.273519 0.606293
vn 0.160931 -0.160935 0.973756
vn 0.746734 0.273520 0.606279
vn 0.273547 0.746706 0.606302
vn 0.160932 0.160936 0.973756
vn -0.746733 -0.273526 0.606278
vn -0.273561 -0.746692 0.606313
vn -0.160944 -0.160948 0.973752
vn -0.273557 0.746674 0.606338
vn -0.746724 0.273519 0.606293
vn -0.160940 0.160944 0.973753
vn -0.160943 -0.160947 -0.973752
vn -0.273529 -0.746682 -0.606340
vn -0.746706 -0.273527 -0.606311
vn -0.273526 0.746679 -0.606345
vn -0.160926 0.160946 -0.973755
vn -0.746715 0.273512 -0.606307
vn 0.746711 -0.273531 -0.606304
vn 0.273519 -0.746688 -0.606337
vn 0.160916 -0.160936 -0.973759
vn 0.273518 0.746685 -0.606341
vn 0.746706 0.273527 -0.606311
vn 0.160930 0.160934 -0.973756
vn 0.965616 -0.006635 0.259890
vn 0.914190 -0.368750 0.168168
vn 0.914192 -0.368744 -0.168169
vn 0.965613 -0.006635 -0.259900
vn 0.368744 -0.914187 0.168194
vn 0.006791 -0.965617 0.259882
vn 0.006791 -0.965615 -0.259887
vn 0.368739 -0.914190 -0.168193
vn 0.003569 -0.003487 0.999988
vn 0.183400 -0.002186 0.983036
vn 0.183400 0.002186 0.983036
vn 0.003569 0.003487 0.999988
vn 0.737264 -0.004346 0.675591
vn 0.965616 0.006635 0.259890
vn 0.737264 0.004346 0.675591
vn 0.004448 -0.737233 0.675624
vn -0.004448 -0.737233 0.675624
vn -0.006791 -0.965617 0.259882
vn 0.002238 -0.183416 0.983033
vn -0.003569 -0.003487 0.999988
vn -0.002238 -0.183416 0.983033
vn 0.006791 0.965619 0.259872
vn 0.368744 0.914189 0.168188
vn 0.368740 0.914190 -0.168191
vn 0.006791 0.965618 -0.259877
vn 0.914192 0.368746 0.168166
vn 0.965613 0.006635 -0.259900
vn 0.914191 0.368748 -0.168168
vn 0.002238 0.183416 0.983033
vn -0.002238 0.183416 0.983033
vn -0.003569 0.003487 0.999988
vn 0.004448 0.737246 0.675610
vn -0.006791 0.965619 0.259872
vn -0.004448 0.737246 0.675610
vn -0.368755 -0.914184 0.168188
vn -0.368748 -0.914187 -0.168189
vn -0.006791 -0.965615 -0.259887
vn -0.914191 -0.368743 0.168176
vn -0.965616 -0.006635 0.259890
vn -0.965613 -0.006635 -0.259900
vn -0.914192 -0.368740 -0.168179
vn -0.737263 -0.004345 0.675591
vn -0.737263 0.004345 0.675592
vn -0.965616 0.006635 0.259890
vn -0.183405 -0.002186 0.983035
vn -0.183405 0.002186 0.983035
vn -0.914191 0.368743 0.168180
vn -0.914191 0.368742 -0.168178
vn -0.965613 0.006635 -0.259900
vn -0.368755 0.914184 0.168186
vn -0.006791 0.965618 -0.259877
vn -0.368748 0.914187 -0.168185
vn -0.004448 -0.737212 -0.675647
vn 0.004448 -0.737212 -0.675647
vn -0.002238 -0.183416 -0.983033
vn -0.003569 -0.003487 -0.999988
vn 0.003569 -0.003487 -0.999988
vn 0.002238 -0.183416 -0.983033
vn -0.183436 -0.002186 -0.983029
vn -0.183436 0.002186 -0.983029
vn -0.003569 0.003487 -0.999988
vn -0.737216 -0.004345 -0.675644
vn -0.737216 0.004345 -0.675644
vn -0.002238 0.183416 -0.983033
vn 0.002238 0.183416 -0.983033
vn 0.003569 0.003487 -0.999988
vn -0.004448 0.737225 -0.675633
vn 0.004448 0.737225 -0.675633
vn 0.737216 -0.004346 -0.675643
vn 0.737216 0.004346 -0.675643
vn 0.183430 -0.002186 -0.983030
vn 0.183431 0.002186 -0.983030
vn 0.273536 -0.746697 0.606318
vn 0.746723 -0.273541 0.606284
vn 0.160931 -0.160943 0.973755
vn 0.746730 0.273525 0.606283
vn 0.273537 0.746706 0.606307
vn 0.160924 0.160943 0.973756
vn -0.746719 -0.273514 0.606301
vn -0.273548 -0.746684 0.606329
vn -0.160931 -0.160943 0.973755
vn -0.273550 0.746688 0.606323
vn -0.746715 0.273511 0.606308
vn -0.160938 0.160942 0.973754
vn -0.160938 -0.160942 -0.973754
vn -0.273518 -0.746685 -0.606341
vn -0.746702 -0.273494 -0.606330
vn -0.273520 0.746691 -0.606333
vn -0.160931 0.160943 -0.973755
vn -0.746701 0.273500 -0.606329
vn 0.746713 -0.273512 -0.606309
vn 0.273510 -0.746689 -0.606340
vn 0.160924 -0.160943 -0.973756
vn 0.273514 0.746694 -0.606332
vn 0.746709 0.273524 -0.606309
vn 0.160931 0.160943 -0.973755
vn 0.965616 -0.006634 0.259890
vn 0.914199 -0.368729 0.168167
vn 0.914197 -0.368733 -0.168166
vn 0.965613 -0.006634 -0.259900
vn 0.368746 -0.914187 0.168195
vn 0.006791 -0.965619 0.259872
vn 0.006791 -0.965618 -0.259877
vn 0.368741 -0.914188 -0.168195
vn 0.003569 -0.003487 0.999988
vn 0.183400 -0.002186 0.983036
vn 0.183400 0.002186 0.983036
vn 0.003569 0.003487 0.999988
vn 0.737264 -0.004345 0.675591
vn 0.965616 0.006634 0.259890
vn 0.737263 0.004345 0.675591
vn 0.004448 -0.737246 0.675610
vn -0.004448 -0.737246 0.675610
vn -0.006791 -0.965619 0.259872
vn 0.002238 -0.183416 0.983033
vn -0.003569 -0.003487 0.999988
vn -0.002238 -0.183416 0.983033
vn 0.006791 0.965619 0.259872
vn 0.368746 0.914188 0.168188
vn 0.368742 0.914189 -0.168190
vn 0.006791 0.965618 -0.259877
vn 0.914199 0.368727 0.168171
vn 0.965613 0.006634 -0.259900
vn 0.914196 0.368732 -0.168174
vn 0.002238 0.183416 0.983033
vn -0.002238 0.183416 0.983033
vn -0.003569 0.003487 0.999988
vn 0.004448 0.737246 0.675610
vn -0.006791 0.965619 0.259872
vn -0.004448 0.737246 0.675610
vn -0.368757 -0.914183 0.168190
vn -0.368752 -0.914185 -0.168189
vn -0.006791 -0.965618 -0.259877
vn -0.914188 -0.368753 0.168173
vn -0.965616 -0.006635 0.259890
vn -0.965613 -0.006635 -0.259900
vn -0.914187 -0.368753 -0.168174
vn -0.737263 -0.004346 0.675591
vn -0.737263 0.004346 0.675592
vn -0.965615 0.006635 0.259890
vn -0.183405 -0.002186 0.983035
vn -0.183405 0.002186 0.983035
vn -0.914185 0.368755 0.168181
vn -0.914187 0.368751 -0.168182
vn -0.965613 0.006635 -0.259900
vn -0.368756 0.914184 0.168188
vn -0.006791 0.965618 -0.259877
vn -0.368753 0.914184 -0.168194
vn -0.004448 -0.737225 -0.675633
vn 0.004448 -0.737225 -0.675633
vn -0.002238 -0.183416 -0.983033
vn -0.003569 -0.003487 -0.999988
vn 0.003569 -0.003487 -0.999988
vn 0.002238 -0.183416 -0.983033
vn -0.183436 -0.002186 -0.983029
vn -0.183436 0.002186 -0.983029
vn -0.003569 0.003487 -0.999988
vn -0.737216 -0.004346 -0.675644
vn -0.737215 0.004346 -0.675644
vn -0.002238 0.183416 -0.983033
vn 0.002238 0.183416 -0.983033
vn 0.003569 0.003487 -0.999988
vn -0.004448 0.737224 -0.675634
vn 0.004448 0.737225 -0.675633
vn 0.737216 -0.004346 -0.675644
vn 0.737216 0.004346 -0.675644
vn 0.183431 -0.002186 -0.983030
vn 0.183431 0.002186 -0.983030
vn 0.273540 -0.746688 0.606327
vn 0.746733 -0.273518 0.606282
vn 0.160931 -0.160947 0.973754
vn 0.746727 0.273510 0.606293
vn 0.273543 0.746697 0.606315
vn 0.160921 0.160945 0.973756
vn -0.746717 -0.273554 0.606286
vn -0.273554 -0.746673 0.606339
vn -0.160931 -0.160943 0.973755
vn -0.273553 0.746682 0.606329
vn -0.746698 0.273558 0.606307
vn -0.160937 0.160941 0.973754
vn -0.160938 -0.160942 -0.973754
vn -0.273526 -0.746667 -0.606360
vn -0.746697 -0.273546 -0.606313
vn -0.273527 0.746655 -0.606374
vn -0.160929 0.160941 -0.973756
vn -0.746687 0.273535 -0.606331
vn 0.746715 -0.273526 -0.606301
vn 0.273515 -0.746676 -0.606354
vn 0.160924 -0.160947 -0.973755
vn 0.273518 0.746685 -0.606341
vn 0.746703 0.273521 -0.606318
vn 0.160929 0.160945 -0.973755
vn 0.965614 -0.006634 0.259895
vn 0.914196 -0.368732 0.168172
vn 0.914199 -0.368724 -0.168176
vn 0.965613 -0.006634 -0.259900
vn 0.368762 -0.914182 0.168183
vn 0.006791 -0.965614 0.259891
vn 0.006791 -0.965613 -0.259896
vn 0.368764 -0.914181 -0.168187
vn 0.003569 -0.003487 0.999988
vn 0.183400 -0.002186 0.983036
vn 0.183400 0.002187 0.983036
vn 0.003569 0.003487 0.999988
vn 0.737264 -0.004346 0.675591
vn 0.965614 0.006634 0.259895
vn 0.737264 0.004346 0.675591
vn 0.004448 -0.737220 0.675639
vn -0.004448 -0.737219 0.675639
vn -0.006791 -0.965614 0.259891
vn 0.002238 -0.183416 0.983033
vn -0.003569 -0.003487 0.999988
vn -0.002238 -0.183415 0.983033
vn 0.006791 0.965614 0.259892
vn 0.368762 0.914180 0.168197
vn 0.368763 0.914179 -0.168199
vn 0.006791 0.965613 -0.259896
vn 0.914196 0.368731 0.168174
vn 0.965613 0.006634 -0.259900
vn 0.914199 0.368725 -0.168174
vn 0.002238 0.183416 0.983033
vn -0.002238 0.183415 0.983033
vn -0.003569 0.003487 0.999988
vn 0.004448 0.737219 0.675639
vn -0.006791 0.965614 0.259891
vn -0.004448 0.737219 0.675639
vn -0.368765 -0.914181 0.168183
vn -0.368769 -0.914179 -0.168184
vn -0.006791 -0.965613 -0.259896
vn -0.914194 -0.368732 0.168185
vn -0.965614 -0.006634 0.259895
vn -0.965613 -0.006635 -0.259900
vn -0.914192 -0.368738 -0.168184
vn -0.737264 -0.004346 0.675591
vn -0.737264 0.004346 0.675591
vn -0.965614 0.006634 0.259895
vn -0.183405 -0.002186 0.983035
vn -0.183406 0.002186 0.983035
vn -0.914195 0.368731 0.168182
vn -0.914192 0.368737 -0.168186
vn -0.965613 0.006635 -0.259900
vn -0.368765 0.914181 0.168181
vn -0.006791 0.965613 -0.259896
vn -0.368770 0.914178 -0.168187
vn -0.004448 -0.737198 -0.675662
vn 0.004448 -0.737199 -0.675662
vn -0.002238 -0.183415 -0.983033
vn -0.003569 -0.003487 -0.999988
vn 0.003569 -0.003487 -0.999988
vn 0.002238 -0.183415 -0.983033
vn -0.183405 -0.002186 -0.983035
vn -0.183405 0.002186 -0.983035
vn -0.003569 0.003487 -0.999988
vn -0.737239 -0.004346 -0.675618
vn -0.737239 0.004346 -0.675618
vn -0.002238 0.183415 -0.983033
vn 0.002238 0.183416 -0.983033
vn 0.003569 0.003487 -0.999988
vn -0.004448 0.737198 -0.675662
vn 0.004448 0.737198 -0.675662
vn 0.737240 -0.004345 -0.675617
vn 0.737240 0.004345 -0.675617
vn 0.183400 -0.002186 -0.983036
vn 0.183400 0.002186 -0.983036
vn 0.273518 -0.746709 0.606312
vn 0.746733 -0.273535 0.606274
vn 0.160927 -0.160943 0.973756
vn 0.746732 0.273532 0.606277
vn 0.273513 0.746687 0.606340
vn 0.160924 0.160947 0.973755
vn -0.746715 -0.273533 0.606297
vn -0.273524 -0.746691 0.606331
vn -0.160927 -0.160931 0.973758
vn -0.273524 0.746697 0.606324
vn -0.746718 0.273529 0.606296
vn -0.160937 0.160933 0.973756
vn -0.160936 -0.160932 -0.973756
vn -0.273528 -0.746664 -0.606363
vn -0.746691 -0.273544 -0.606322
vn -0.273527 0.746655 -0.606374
vn -0.160929 0.160933 -0.973757
vn -0.746688 0.273543 -0.606326
vn 0.746716 -0.273492 -0.606315
vn 0.273518 -0.746685 -0.606341
vn 0.160919 -0.160942 -0.973757
vn 0.273508 0.746663 -0.606372
vn 0.746718 0.273500 -0.606309
vn 0.160930 0.160946 -0.973755
s 1
g pCube67
usemtl initialShadingGroup
f 2914/3953/4993 2913/4049/4994 2949/4078/4995 2954/4018/4996
s 2
f 2913/4050/4997 2918/4019/4998 2950/3960/4999 2949/4077/5000
s 3
f 2916/3954/5001 2915/4051/5002 2923/4058/5003 2922/4013/5004
s 1
f 2915/4052/5005 2914/3953/4993 2924/3955/5006 2923/4057/5007
s 2
f 2918/4019/4998 2917/4053/5008 2927/4061/5009 2926/4020/5010
s 3
f 2917/4053/5011 2916/3954/5001 2928/3957/5012 2927/4061/5013
s 4
f 2920/3956/5014 2919/4054/5015 2955/4083/5016 2960/3964/5017
s 1
f 2919/4055/5018 2924/3955/5006 2956/3965/5019 2955/4082/5020
s 3
f 2922/4013/5004 2921/4056/5021 2935/4066/5022 2934/3958/5023
s 4
f 2921/4056/5024 2920/3956/5014 2936/3959/5025 2935/4066/5026
s 2
f 2926/4020/5010 2925/4059/5027 2939/4070/5028 2938/4021/5029
s 5
f 2925/4060/5030 2930/4014/5031 2940/3961/5032 2939/4069/5033
f 2930/4014/5031 2929/4062/5034 2933/4065/5035 2932/4015/5036
s 3
f 2929/4062/5037 2928/3957/5012 2934/3958/5023 2933/4065/5038
s 5
f 2932/4015/5036 2931/4063/5039 2947/4076/5040 2946/3962/5041
s 4
f 2931/4064/5042 2936/3959/5025 2948/3963/5043 2947/4075/5044
s 2
f 2938/4021/5029 2937/4067/5045 2951/4080/5046 2950/3960/4999
s 6
f 2937/4068/5047 2942/4016/5048 2952/3966/5049 2951/4079/5050
f 2942/4016/5048 2941/4071/5051 2945/4074/5052 2944/4017/5053
s 5
f 2941/4071/5054 2940/3961/5032 2946/3962/5041 2945/4074/5055
s 6
f 2944/4017/5053 2943/4072/5056 2959/4086/5057 2958/3967/5058
s 4
f 2943/4073/5059 2948/3963/5043 2960/3964/5017 2959/4085/5060
s 1
f 2954/4018/4996 2953/4081/5061 2957/4084/5062 2956/3965/5019
s 6
f 2953/4081/5063 2952/3966/5049 2958/3967/5058 2957/4084/5064
s 7
f 2962/3968/5065 2961/4087/5066 2997/4116/5067 3002/4027/5068
s 8
f 2961/4088/5069 2966/4028/5070 2998/3975/5071 2997/4115/5072
s 9
f 2964/3969/5073 2963/4089/5074 2971/4096/5075 2970/4022/5076
s 7
f 2963/4090/5077 2962/3968/5065 2972/3970/5078 2971/4095/5079
s 8
f 2966/4028/5070 2965/4091/5080 2975/4099/5081 2974/4029/5082
s 9
f 2965/4091/5083 2964/3969/5073 2976/3972/5084 2975/4099/5085
s 10
f 2968/3971/5086 2967/4092/5087 3003/4121/5088 3008/3979/5089
s 7
f 2967/4093/5090 2972/3970/5078 3004/3980/5091 3003/4120/5092
s 9
f 2970/4022/5076 2969/4094/5093 2983/4104/5094 2982/3973/5095
s 10
f 2969/4094/5096 2968/3971/5086 2984/3974/5097 2983/4104/5098
s 8
f 2974/4029/5082 2973/4097/5099 2987/4108/5100 2986/4030/5101
s 11
f 2973/4098/5102 2978/4023/5103 2988/3976/5104 2987/4107/5105
f 2978/4023/5103 2977/4100/5106 2981/4103/5107 2980/4024/5108
s 9
f 2977/4100/5109 2976/3972/5084 2982/3973/5095 2981/4103/5110
s 11
f 2980/4024/5108 2979/4101/5111 2995/4114/5112 2994/3977/5113
s 10
f 2979/4102/5114 2984/3974/5097 2996/3978/5115 2995/4113/5116
s 8
f 2986/4030/5101 2985/4105/5117 2999/4118/5118 2998/3975/5071
s 12
f 2985/4106/5119 2990/4025/5120 3000/3981/5121 2999/4117/5122
f 2990/4025/5120 2989/4109/5123 2993/4112/5124 2992/4026/5125
s 11
f 2989/4109/5126 2988/3976/5104 2994/3977/5113 2993/4112/5127
s 12
f 2992/4026/5125 2991/4110/5128 3007/4124/5129 3006/3982/5130
s 10
f 2991/4111/5131 2996/3978/5115 3008/3979/5089 3007/4123/5132
s 7
f 3002/4027/5068 3001/4119/5133 3005/4122/5134 3004/3980/5091
s 12
f 3001/4119/5135 3000/3981/5121 3006/3982/5130 3005/4122/5136
s 13
f 3010/3983/5137 3009/4125/5138 3045/4154/5139 3050/4036/5140
s 14
f 3009/4126/5141 3014/4037/5142 3046/3990/5143 3045/4153/5144
s 15
f 3012/3984/5145 3011/4127/5146 3019/4134/5147 3018/4031/5148
s 13
f 3011/4128/5149 3010/3983/5137 3020/3985/5150 3019/4133/5151
s 14
f 3014/4037/5142 3013/4129/5152 3023/4137/5153 3022/4038/5154
s 15
f 3013/4129/5155 3012/3984/5145 3024/3987/5156 3023/4137/5157
s 16
f 3016/3986/5158 3015/4130/5159 3051/4159/5160 3056/3994/5161
s 13
f 3015/4131/5162 3020/3985/5150 3052/3995/5163 3051/4158/5164
s 15
f 3018/4031/5148 3017/4132/5165 3031/4142/5166 3030/3988/5167
s 16
f 3017/4132/5168 3016/3986/5158 3032/3989/5169 3031/4142/5170
s 14
f 3022/4038/5154 3021/4135/5171 3035/4146/5172 3034/4039/5173
s 17
f 3021/4136/5174 3026/4032/5175 3036/3991/5176 3035/4145/5177
f 3026/4032/5175 3025/4138/5178 3029/4141/5179 3028/4033/5180
s 15
f 3025/4138/5181 3024/3987/5156 3030/3988/5167 3029/4141/5182
s 17
f 3028/4033/5180 3027/4139/5183 3043/4152/5184 3042/3992/5185
s 16
f 3027/4140/5186 3032/3989/5169 3044/3993/5187 3043/4151/5188
s 14
f 3034/4039/5173 3033/4143/5189 3047/4156/5190 3046/3990/5143
s 18
f 3033/4144/5191 3038/4034/5192 3048/3996/5193 3047/4155/5194
f 3038/4034/5192 3037/4147/5195 3041/4150/5196 3040/4035/5197
s 17
f 3037/4147/5198 3036/3991/5176 3042/3992/5185 3041/4150/5199
s 18
f 3040/4035/5197 3039/4148/5200 3055/4162/5201 3054/3997/5202
s 16
f 3039/4149/5203 3044/3993/5187 3056/3994/5161 3055/4161/5204
s 13
f 3050/4036/5140 3049/4157/5205 3053/4160/5206 3052/3995/5163
s 18
f 3049/4157/5207 3048/3996/5193 3054/3997/5202 3053/4160/5208
s 19
f 3058/3998/5209 3057/4163/5210 3093/4192/5211 3098/4045/5212
s 20
f 3057/4164/5213 3062/4046/5214 3094/4005/5215 3093/4191/5216
s 21
f 3060/3999/5217 3059/4165/5218 3067/4172/5219 3066/4040/5220
s 19
f 3059/4166/5221 3058/3998/5209 3068/4000/5222 3067/4171/5223
s 20
f 3062/4046/5214 3061/4167/5224 3071/4175/5225 3070/4047/5226
s 21
f 3061/4167/5227 3060/3999/5217 3072/4002/5228 3071/4175/5229
s 22
f 3064/4001/5230 3063/4168/5231 3099/4197/5232 3104/4009/5233
s 19
f 3063/4169/5234 3068/4000/5222 3100/4010/5235 3099/4196/5236
s 21
f 3066/4040/5220 3065/4170/5237 3079/4180/5238 3078/4003/5239
s 22
f 3065/4170/5240 3064/4001/5230 3080/4004/5241 3079/4180/5242
s 20
f 3070/4047/5226 3069/4173/5243 3083/4184/5244 3082/4048/5245
s 23
f 3069/4174/5246 3074/4041/5247 3084/4006/5248 3083/4183/5249
f 3074/4041/5247 3073/4176/5250 3077/4179/5251 3076/4042/5252
s 21
f 3073/4176/5253 3072/4002/5228 3078/4003/5239 3077/4179/5254
s 23
f 3076/4042/5252 3075/4177/5255 3091/4190/5256 3090/4007/5257
s 22
f 3075/4178/5258 3080/4004/5241 3092/4008/5259 3091/4189/5260
s 20
f 3082/4048/5245 3081/4181/5261 3095/4194/5262 3094/4005/5215
s 24
f 3081/4182/5263 3086/4043/5264 3096/4011/5265 3095/4193/5266
f 3086/4043/5264 3085/4185/5267 3089/4188/5268 3088/4044/5269
s 23
f 3085/4185/5270 3084/4006/5248 3090/4007/5257 3089/4188/5271
s 24
f 3088/4044/5269 3087/4186/5272 3103/4200/5273 3102/4012/5274
s 22
f 3087/4187/5275 3092/4008/5259 3104/4009/5233 3103/4199/5276
s 19
f 3098/4045/5212 3097/4195/5277 3101/4198/5278 3100/4010/5235
s 24
f 3097/4195/5279 3096/4011/5265 3102/4012/5274 3101/4198/5280
s 3
f 2916/3954/5001 2922/4013/5004 2934/3958/5023 2928/3957/5012
s 5
f 2930/4014/5031 2932/4015/5036 2946/3962/5041 2940/3961/5032
s 6
f 2942/4016/5048 2944/4017/5053 2958/3967/5058 2952/3966/5049
s 1
f 2954/4018/4996 2956/3965/5019 2924/3955/5006 2914/3953/4993
s 4
f 2920/3956/5014 2960/3964/5017 2948/3963/5043 2936/3959/5025
s 2
f 2950/3960/4999 2918/4019/4998 2926/4020/5010 2938/4021/5029
s 9
f 2964/3969/5073 2970/4022/5076 2982/3973/5095 2976/3972/5084
s 11
f 2978/4023/5103 2980/4024/5108 2994/3977/5113 2988/3976/5104
s 12
f 2990/4025/5120 2992/4026/5125 3006/3982/5130 3000/3981/5121
s 7
f 3002/4027/5068 3004/3980/5091 2972/3970/5078 2962/3968/5065
s 10
f 2968/3971/5086 3008/3979/5089 2996/3978/5115 2984/3974/5097
s 8
f 2998/3975/5071 2966/4028/5070 2974/4029/5082 2986/4030/5101
s 15
f 3012/3984/5145 3018/4031/5148 3030/3988/5167 3024/3987/5156
s 17
f 3026/4032/5175 3028/4033/5180 3042/3992/5185 3036/3991/5176
s 18
f 3038/4034/5192 3040/4035/5197 3054/3997/5202 3048/3996/5193
s 13
f 3050/4036/5140 3052/3995/5163 3020/3985/5150 3010/3983/5137
s 16
f 3016/3986/5158 3056/3994/5161 3044/3993/5187 3032/3989/5169
s 14
f 3046/3990/5143 3014/4037/5142 3022/4038/5154 3034/4039/5173
s 21
f 3060/3999/5217 3066/4040/5220 3078/4003/5239 3072/4002/5228
s 23
f 3074/4041/5247 3076/4042/5252 3090/4007/5257 3084/4006/5248
s 24
f 3086/4043/5264 3088/4044/5269 3102/4012/5274 3096/4011/5265
s 19
f 3098/4045/5212 3100/4010/5235 3068/4000/5222 3058/3998/5209
s 22
f 3064/4001/5230 3104/4009/5233 3092/4008/5259 3080/4004/5241
s 20
f 3094/4005/5215 3062/4046/5214 3070/4047/5226 3082/4048/5245
s 2
f 2917/4053/5008 2918/4019/4998 2913/4050/4997 3105/4202/5281
s 1
f 2913/4049/4994 2914/3953/4993 2915/4052/5005 3105/4201/5282
s 3
f 2915/4051/5002 2916/3954/5001 2917/4053/5011 3105/4202/5283
s 1
f 2923/4057/5007 2924/3955/5006 2919/4055/5018 3106/4204/5284
s 4
f 2919/4054/5015 2920/3956/5014 2921/4056/5024 3106/4203/5285
s 3
f 2921/4056/5021 2922/4013/5004 2923/4058/5003 3106/4203/5286
s 5
f 2929/4062/5034 2930/4014/5031 2925/4060/5030 3107/4205/5287
s 2
f 2925/4059/5027 2926/4020/5010 2927/4061/5009 3107/4205/5288
s 3
f 2927/4061/5013 2928/3957/5012 2929/4062/5037 3107/4205/5289
s 4
f 2935/4066/5026 2936/3959/5025 2931/4064/5042 3108/4206/5290
s 5
f 2931/4063/5039 2932/4015/5036 2933/4065/5035 3108/4206/5291
s 3
f 2933/4065/5038 2934/3958/5023 2935/4066/5022 3108/4206/5292
s 6
f 2941/4071/5051 2942/4016/5048 2937/4068/5047 3109/4208/5293
s 2
f 2937/4067/5045 2938/4021/5029 2939/4070/5028 3109/4207/5294
s 5
f 2939/4069/5033 2940/3961/5032 2941/4071/5054 3109/4208/5295
s 4
f 2947/4075/5044 2948/3963/5043 2943/4073/5059 3110/4210/5296
s 6
f 2943/4072/5056 2944/4017/5053 2945/4074/5052 3110/4209/5297
s 5
f 2945/4074/5055 2946/3962/5041 2947/4076/5040 3110/4209/5298
s 1
f 2953/4081/5061 2954/4018/4996 2949/4078/4995 3111/4212/5299
s 2
f 2949/4077/5000 2950/3960/4999 2951/4080/5046 3111/4211/5300
s 6
f 2951/4079/5050 2952/3966/5049 2953/4081/5063 3111/4212/5301
s 4
f 2959/4085/5060 2960/3964/5017 2955/4083/5016 3112/4214/5302
s 1
f 2955/4082/5020 2956/3965/5019 2957/4084/5062 3112/4213/5303
s 6
f 2957/4084/5064 2958/3967/5058 2959/4086/5057 3112/4213/5304
s 8
f 2965/4091/5080 2966/4028/5070 2961/4088/5069 3113/4216/5305
s 7
f 2961/4087/5066 2962/3968/5065 2963/4090/5077 3113/4215/5306
s 9
f 2963/4089/5074 2964/3969/5073 2965/4091/5083 3113/4216/5307
s 7
f 2971/4095/5079 2972/3970/5078 2967/4093/5090 3114/4218/5308
s 10
f 2967/4092/5087 2968/3971/5086 2969/4094/5096 3114/4217/5309
s 9
f 2969/4094/5093 2970/4022/5076 2971/4096/5075 3114/4217/5310
s 11
f 2977/4100/5106 2978/4023/5103 2973/4098/5102 3115/4219/5311
s 8
f 2973/4097/5099 2974/4029/5082 2975/4099/5081 3115/4219/5312
s 9
f 2975/4099/5085 2976/3972/5084 2977/4100/5109 3115/4219/5313
s 10
f 2983/4104/5098 2984/3974/5097 2979/4102/5114 3116/4220/5314
s 11
f 2979/4101/5111 2980/4024/5108 2981/4103/5107 3116/4220/5315
s 9
f 2981/4103/5110 2982/3973/5095 2983/4104/5094 3116/4220/5316
s 12
f 2989/4109/5123 2990/4025/5120 2985/4106/5119 3117/4222/5317
s 8
f 2985/4105/5117 2986/4030/5101 2987/4108/5100 3117/4221/5318
s 11
f 2987/4107/5105 2988/3976/5104 2989/4109/5126 3117/4222/5319
s 10
f 2995/4113/5116 2996/3978/5115 2991/4111/5131 3118/4224/5320
s 12
f 2991/4110/5128 2992/4026/5125 2993/4112/5124 3118/4223/5321
s 11
f 2993/4112/5127 2994/3977/5113 2995/4114/5112 3118/4223/5322
s 7
f 3001/4119/5133 3002/4027/5068 2997/4116/5067 3119/4226/5323
s 8
f 2997/4115/5072 2998/3975/5071 2999/4118/5118 3119/4225/5324
s 12
f 2999/4117/5122 3000/3981/5121 3001/4119/5135 3119/4226/5325
s 10
f 3007/4123/5132 3008/3979/5089 3003/4121/5088 3120/4228/5326
s 7
f 3003/4120/5092 3004/3980/5091 3005/4122/5134 3120/4227/5327
s 12
f 3005/4122/5136 3006/3982/5130 3007/4124/5129 3120/4227/5328
s 14
f 3013/4129/5152 3014/4037/5142 3009/4126/5141 3121/4230/5329
s 13
f 3009/4125/5138 3010/3983/5137 3011/4128/5149 3121/4229/5330
s 15
f 3011/4127/5146 3012/3984/5145 3013/4129/5155 3121/4230/5331
s 13
f 3019/4133/5151 3020/3985/5150 3015/4131/5162 3122/4232/5332
s 16
f 3015/4130/5159 3016/3986/5158 3017/4132/5168 3122/4231/5333
s 15
f 3017/4132/5165 3018/4031/5148 3019/4134/5147 3122/4231/5334
s 17
f 3025/4138/5178 3026/4032/5175 3021/4136/5174 3123/4233/5335
s 14
f 3021/4135/5171 3022/4038/5154 3023/4137/5153 3123/4233/5336
s 15
f 3023/4137/5157 3024/3987/5156 3025/4138/5181 3123/4233/5337
s 16
f 3031/4142/5170 3032/3989/5169 3027/4140/5186 3124/4234/5338
s 17
f 3027/4139/5183 3028/4033/5180 3029/4141/5179 3124/4234/5339
s 15
f 3029/4141/5182 3030/3988/5167 3031/4142/5166 3124/4234/5340
s 18
f 3037/4147/5195 3038/4034/5192 3033/4144/5191 3125/4236/5341
s 14
f 3033/4143/5189 3034/4039/5173 3035/4146/5172 3125/4235/5342
s 17
f 3035/4145/5177 3036/3991/5176 3037/4147/5198 3125/4236/5343
s 16
f 3043/4151/5188 3044/3993/5187 3039/4149/5203 3126/4238/5344
s 18
f 3039/4148/5200 3040/4035/5197 3041/4150/5196 3126/4237/5345
s 17
f 3041/4150/5199 3042/3992/5185 3043/4152/5184 3126/4237/5346
s 13
f 3049/4157/5205 3050/4036/5140 3045/4154/5139 3127/4240/5347
s 14
f 3045/4153/5144 3046/3990/5143 3047/4156/5190 3127/4239/5348
s 18
f 3047/4155/5194 3048/3996/5193 3049/4157/5207 3127/4240/5349
s 16
f 3055/4161/5204 3056/3994/5161 3051/4159/5160 3128/4242/5350
s 13
f 3051/4158/5164 3052/3995/5163 3053/4160/5206 3128/4241/5351
s 18
f 3053/4160/5208 3054/3997/5202 3055/4162/5201 3128/4241/5352
s 20
f 3061/4167/5224 3062/4046/5214 3057/4164/5213 3129/4244/5353
s 19
f 3057/4163/5210 3058/3998/5209 3059/4166/5221 3129/4243/5354
s 21
f 3059/4165/5218 3060/3999/5217 3061/4167/5227 3129/4244/5355
s 19
f 3067/4171/5223 3068/4000/5222 3063/4169/5234 3130/4246/5356
s 22
f 3063/4168/5231 3064/4001/5230 3065/4170/5240 3130/4245/5357
s 21
f 3065/4170/5237 3066/4040/5220 3067/4172/5219 3130/4245/5358
s 23
f 3073/4176/5250 3074/4041/5247 3069/4174/5246 3131/4247/5359
s 20
f 3069/4173/5243 3070/4047/5226 3071/4175/5225 3131/4247/5360
s 21
f 3071/4175/5229 3072/4002/5228 3073/4176/5253 3131/4247/5361
s 22
f 3079/4180/5242 3080/4004/5241 3075/4178/5258 3132/4248/5362
s 23
f 3075/4177/5255 3076/4042/5252 3077/4179/5251 3132/4248/5363
s 21
f 3077/4179/5254 3078/4003/5239 3079/4180/5238 3132/4248/5364
s 24
f 3085/4185/5267 3086/4043/5264 3081/4182/5263 3133/4250/5365
s 20
f 3081/4181/5261 3082/4048/5245 3083/4184/5244 3133/4249/5366
s 23
f 3083/4183/5249 3084/4006/5248 3085/4185/5270 3133/4250/5367
s 22
f 3091/4189/5260 3092/4008/5259 3087/4187/5275 3134/4252/5368
s 24
f 3087/4186/5272 3088/4044/5269 3089/4188/5268 3134/4251/5369
s 23
f 3089/4188/5271 3090/4007/5257 3091/4190/5256 3134/4251/5370
s 19
f 3097/4195/5277 3098/4045/5212 3093/4192/5211 3135/4254/5371
s 20
f 3093/4191/5216 3094/4005/5215 3095/4194/5262 3135/4253/5372
s 24
f 3095/4193/5266 3096/4011/5265 3097/4195/5279 3135/4254/5373
s 22
f 3103/4199/5276 3104/4009/5233 3099/4197/5232 3136/4256/5374
s 19
f 3099/4196/5236 3100/4010/5235 3101/4198/5278 3136/4255/5375
s 24
f 3101/4198/5280 3102/4012/5274 3103/4200/5273 3136/4255/5376
s 25
f 3138/4257/5377 3137/4258/5378 3173/4259/5379 3178/4260/5380
s 26
f 3137/4261/5381 3142/4262/5382 3174/4263/5383 3173/4264/5384
s 27
f 3140/4265/5385 3139/4266/5386 3147/4267/5387 3146/4268/5388
s 25
f 3139/4269/5389 3138/4257/5377 3148/4270/5390 3147/4271/5391
s 26
f 3142/4262/5382 3141/4272/5392 3151/4273/5393 3150/4274/5394
s 27
f 3141/4272/5395 3140/4265/5385 3152/4275/5396 3151/4273/5397
s 28
f 3144/4276/5398 3143/4277/5399 3179/4278/5400 3184/4279/5401
s 25
f 3143/4280/5402 3148/4270/5390 3180/4281/5403 3179/4282/5404
s 27
f 3146/4268/5388 3145/4283/5405 3159/4284/5406 3158/4285/5407
s 28
f 3145/4283/5408 3144/4276/5398 3160/4286/5409 3159/4284/5410
s 26
f 3150/4274/5394 3149/4287/5411 3163/4288/5412 3162/4289/5413
s 29
f 3149/4290/5414 3154/4291/5415 3164/4292/5416 3163/4293/5417
f 3154/4291/5415 3153/4294/5418 3157/4295/5419 3156/4296/5420
s 27
f 3153/4294/5421 3152/4275/5396 3158/4285/5407 3157/4295/5422
s 29
f 3156/4296/5420 3155/4297/5423 3171/4298/5424 3170/4299/5425
s 28
f 3155/4300/5426 3160/4286/5409 3172/4301/5427 3171/4302/5428
s 26
f 3162/4289/5413 3161/4303/5429 3175/4304/5430 3174/4263/5383
s 30
f 3161/4305/5431 3166/4306/5432 3176/4307/5433 3175/4308/5434
f 3166/4306/5432 3165/4309/5435 3169/4310/5436 3168/4311/5437
s 29
f 3165/4309/5438 3164/4292/5416 3170/4299/5425 3169/4310/5439
s 30
f 3168/4311/5437 3167/4312/5440 3183/4313/5441 3182/4314/5442
s 28
f 3167/4315/5443 3172/4301/5427 3184/4279/5401 3183/4316/5444
s 25
f 3178/4260/5380 3177/4317/5445 3181/4318/5446 3180/4281/5403
s 30
f 3177/4317/5447 3176/4307/5433 3182/4314/5442 3181/4318/5448
s 27
f 3140/4265/5385 3146/4268/5388 3158/4285/5407 3152/4275/5396
s 29
f 3154/4291/5415 3156/4296/5420 3170/4299/5425 3164/4292/5416
s 30
f 3166/4306/5432 3168/4311/5437 3182/4314/5442 3176/4307/5433
s 25
f 3178/4260/5380 3180/4281/5403 3148/4270/5390 3138/4257/5377
s 28
f 3144/4276/5398 3184/4279/5401 3172/4301/5427 3160/4286/5409
s 26
f 3174/4263/5383 3142/4262/5382 3150/4274/5394 3162/4289/5413
f 3141/4272/5392 3142/4262/5382 3137/4261/5381 3185/4319/5449
s 25
f 3137/4258/5378 3138/4257/5377 3139/4269/5389 3185/4320/5450
s 27
f 3139/4266/5386 3140/4265/5385 3141/4272/5395 3185/4319/5451
s 25
f 3147/4271/5391 3148/4270/5390 3143/4280/5402 3186/4321/5452
s 28
f 3143/4277/5399 3144/4276/5398 3145/4283/5408 3186/4322/5453
s 27
f 3145/4283/5405 3146/4268/5388 3147/4267/5387 3186/4322/5454
s 29
f 3153/4294/5418 3154/4291/5415 3149/4290/5414 3187/4323/5455
s 26
f 3149/4287/5411 3150/4274/5394 3151/4273/5393 3187/4323/5456
s 27
f 3151/4273/5397 3152/4275/5396 3153/4294/5421 3187/4323/5457
s 28
f 3159/4284/5410 3160/4286/5409 3155/4300/5426 3188/4324/5458
s 29
f 3155/4297/5423 3156/4296/5420 3157/4295/5419 3188/4324/5459
s 27
f 3157/4295/5422 3158/4285/5407 3159/4284/5406 3188/4324/5460
s 30
f 3165/4309/5435 3166/4306/5432 3161/4305/5431 3189/4325/5461
s 26
f 3161/4303/5429 3162/4289/5413 3163/4288/5412 3189/4326/5462
s 29
f 3163/4293/5417 3164/4292/5416 3165/4309/5438 3189/4325/5463
s 28
f 3171/4302/5428 3172/4301/5427 3167/4315/5443 3190/4327/5464
s 30
f 3167/4312/5440 3168/4311/5437 3169/4310/5436 3190/4328/5465
s 29
f 3169/4310/5439 3170/4299/5425 3171/4298/5424 3190/4328/5466
s 25
f 3177/4317/5445 3178/4260/5380 3173/4259/5379 3191/4329/5467
s 26
f 3173/4264/5384 3174/4263/5383 3175/4304/5430 3191/4330/5468
s 30
f 3175/4308/5434 3176/4307/5433 3177/4317/5447 3191/4329/5469
s 28
f 3183/4316/5444 3184/4279/5401 3179/4278/5400 3192/4331/5470
s 25
f 3179/4282/5404 3180/4281/5403 3181/4318/5446 3192/4332/5471
s 30
f 3181/4318/5448 3182/4314/5442 3183/4313/5441 3192/4332/5472
s 31
f 3194/4333/5473 3193/4334/5474 3229/4335/5475 3234/4336/5476
s 32
f 3193/4337/5477 3198/4338/5478 3230/4339/5479 3229/4340/5480
s 33
f 3196/4341/5481 3195/4342/5482 3203/4343/5483 3202/4344/5484
s 31
f 3195/4345/5485 3194/4333/5473 3204/4346/5486 3203/4347/5487
s 32
f 3198/4338/5478 3197/4348/5488 3207/4349/5489 3206/4350/5490
s 33
f 3197/4348/5491 3196/4341/5481 3208/4351/5492 3207/4349/5493
s 34
f 3200/4352/5494 3199/4353/5495 3235/4354/5496 3240/4355/5497
s 31
f 3199/4356/5498 3204/4346/5486 3236/4357/5499 3235/4358/5500
s 33
f 3202/4344/5484 3201/4359/5501 3215/4360/5502 3214/4361/5503
s 34
f 3201/4359/5504 3200/4352/5494 3216/4362/5505 3215/4360/5506
s 32
f 3206/4350/5490 3205/4363/5507 3219/4364/5508 3218/4365/5509
s 35
f 3205/4366/5510 3210/4367/5511 3220/4368/5512 3219/4369/5513
f 3210/4367/5511 3209/4370/5514 3213/4371/5515 3212/4372/5516
s 33
f 3209/4370/5517 3208/4351/5492 3214/4361/5503 3213/4371/5518
s 35
f 3212/4372/5516 3211/4373/5519 3227/4374/5520 3226/4375/5521
s 34
f 3211/4376/5522 3216/4362/5505 3228/4377/5523 3227/4378/5524
s 32
f 3218/4365/5509 3217/4379/5525 3231/4380/5526 3230/4339/5479
s 36
f 3217/4381/5527 3222/4382/5528 3232/4383/5529 3231/4384/5530
f 3222/4382/5528 3221/4385/5531 3225/4386/5532 3224/4387/5533
s 35
f 3221/4385/5534 3220/4368/5512 3226/4375/5521 3225/4386/5535
s 36
f 3224/4387/5533 3223/4388/5536 3239/4389/5537 3238/4390/5538
s 34
f 3223/4391/5539 3228/4377/5523 3240/4355/5497 3239/4392/5540
s 31
f 3234/4336/5476 3233/4393/5541 3237/4394/5542 3236/4357/5499
s 36
f 3233/4393/5543 3232/4383/5529 3238/4390/5538 3237/4394/5544
s 33
f 3196/4341/5481 3202/4344/5484 3214/4361/5503 3208/4351/5492
s 35
f 3210/4367/5511 3212/4372/5516 3226/4375/5521 3220/4368/5512
s 36
f 3222/4382/5528 3224/4387/5533 3238/4390/5538 3232/4383/5529
s 31
f 3234/4336/5476 3236/4357/5499 3204/4346/5486 3194/4333/5473
s 34
f 3200/4352/5494 3240/4355/5497 3228/4377/5523 3216/4362/5505
s 32
f 3230/4339/5479 3198/4338/5478 3206/4350/5490 3218/4365/5509
f 3197/4348/5488 3198/4338/5478 3193/4337/5477 3241/4395/5545
s 31
f 3193/4334/5474 3194/4333/5473 3195/4345/5485 3241/4396/5546
s 33
f 3195/4342/5482 3196/4341/5481 3197/4348/5491 3241/4395/5547
s 31
f 3203/4347/5487 3204/4346/5486 3199/4356/5498 3242/4397/5548
s 34
f 3199/4353/5495 3200/4352/5494 3201/4359/5504 3242/4398/5549
s 33
f 3201/4359/5501 3202/4344/5484 3203/4343/5483 3242/4398/5550
s 35
f 3209/4370/5514 3210/4367/5511 3205/4366/5510 3243/4399/5551
s 32
f 3205/4363/5507 3206/4350/5490 3207/4349/5489 3243/4399/5552
s 33
f 3207/4349/5493 3208/4351/5492 3209/4370/5517 3243/4399/5553
s 34
f 3215/4360/5506 3216/4362/5505 3211/4376/5522 3244/4400/5554
s 35
f 3211/4373/5519 3212/4372/5516 3213/4371/5515 3244/4400/5555
s 33
f 3213/4371/5518 3214/4361/5503 3215/4360/5502 3244/4400/5556
s 36
f 3221/4385/5531 3222/4382/5528 3217/4381/5527 3245/4401/5557
s 32
f 3217/4379/5525 3218/4365/5509 3219/4364/5508 3245/4402/5558
s 35
f 3219/4369/5513 3220/4368/5512 3221/4385/5534 3245/4401/5559
s 34
f 3227/4378/5524 3228/4377/5523 3223/4391/5539 3246/4403/5560
s 36
f 3223/4388/5536 3224/4387/5533 3225/4386/5532 3246/4404/5561
s 35
f 3225/4386/5535 3226/4375/5521 3227/4374/5520 3246/4404/5562
s 31
f 3233/4393/5541 3234/4336/5476 3229/4335/5475 3247/4405/5563
s 32
f 3229/4340/5480 3230/4339/5479 3231/4380/5526 3247/4406/5564
s 36
f 3231/4384/5530 3232/4383/5529 3233/4393/5543 3247/4405/5565
s 34
f 3239/4392/5540 3240/4355/5497 3235/4354/5496 3248/4407/5566
s 31
f 3235/4358/5500 3236/4357/5499 3237/4394/5542 3248/4408/5567
s 36
f 3237/4394/5544 3238/4390/5538 3239/4389/5537 3248/4408/5568
s 37
f 3250/4409/5569 3249/4410/5570 3285/4411/5571 3290/4412/5572
s 38
f 3249/4413/5573 3254/4414/5574 3286/4415/5575 3285/4416/5576
s 39
f 3252/4417/5577 3251/4418/5578 3259/4419/5579 3258/4420/5580
s 37
f 3251/4421/5581 3250/4409/5569 3260/4422/5582 3259/4423/5583
s 38
f 3254/4414/5574 3253/4424/5584 3263/4425/5585 3262/4426/5586
s 39
f 3253/4424/5587 3252/4417/5577 3264/4427/5588 3263/4425/5589
s 40
f 3256/4428/5590 3255/4429/5591 3291/4430/5592 3296/4431/5593
s 37
f 3255/4432/5594 3260/4422/5582 3292/4433/5595 3291/4434/5596
s 39
f 3258/4420/5580 3257/4435/5597 3271/4436/5598 3270/4437/5599
s 40
f 3257/4435/5600 3256/4428/5590 3272/4438/5601 3271/4436/5602
s 38
f 3262/4426/5586 3261/4439/5603 3275/4440/5604 3274/4441/5605
s 41
f 3261/4442/5606 3266/4443/5607 3276/4444/5608 3275/4445/5609
f 3266/4443/5607 3265/4446/5610 3269/4447/5611 3268/4448/5612
s 39
f 3265/4446/5613 3264/4427/5588 3270/4437/5599 3269/4447/5614
s 41
f 3268/4448/5612 3267/4449/5615 3283/4450/5616 3282/4451/5617
s 40
f 3267/4452/5618 3272/4438/5601 3284/4453/5619 3283/4454/5620
s 38
f 3274/4441/5605 3273/4455/5621 3287/4456/5622 3286/4415/5575
s 42
f 3273/4457/5623 3278/4458/5624 3288/4459/5625 3287/4460/5626
f 3278/4458/5624 3277/4461/5627 3281/4462/5628 3280/4463/5629
s 41
f 3277/4461/5630 3276/4444/5608 3282/4451/5617 3281/4462/5631
s 42
f 3280/4463/5629 3279/4464/5632 3295/4465/5633 3294/4466/5634
s 40
f 3279/4467/5635 3284/4453/5619 3296/4431/5593 3295/4468/5636
s 37
f 3290/4412/5572 3289/4469/5637 3293/4470/5638 3292/4433/5595
s 42
f 3289/4469/5639 3288/4459/5625 3294/4466/5634 3293/4470/5640
s 39
f 3252/4417/5577 3258/4420/5580 3270/4437/5599 3264/4427/5588
s 41
f 3266/4443/5607 3268/4448/5612 3282/4451/5617 3276/4444/5608
s 42
f 3278/4458/5624 3280/4463/5629 3294/4466/5634 3288/4459/5625
s 37
f 3290/4412/5572 3292/4433/5595 3260/4422/5582 3250/4409/5569
s 40
f 3256/4428/5590 3296/4431/5593 3284/4453/5619 3272/4438/5601
s 38
f 3286/4415/5575 3254/4414/5574 3262/4426/5586 3274/4441/5605
f 3253/4424/5584 3254/4414/5574 3249/4413/5573 3297/4471/5641
s 37
f 3249/4410/5570 3250/4409/5569 3251/4421/5581 3297/4472/5642
s 39
f 3251/4418/5578 3252/4417/5577 3253/4424/5587 3297/4471/5643
s 37
f 3259/4423/5583 3260/4422/5582 3255/4432/5594 3298/4473/5644
s 40
f 3255/4429/5591 3256/4428/5590 3257/4435/5600 3298/4474/5645
s 39
f 3257/4435/5597 3258/4420/5580 3259/4419/5579 3298/4474/5646
s 41
f 3265/4446/5610 3266/4443/5607 3261/4442/5606 3299/4475/5647
s 38
f 3261/4439/5603 3262/4426/5586 3263/4425/5585 3299/4475/5648
s 39
f 3263/4425/5589 3264/4427/5588 3265/4446/5613 3299/4475/5649
s 40
f 3271/4436/5602 3272/4438/5601 3267/4452/5618 3300/4476/5650
s 41
f 3267/4449/5615 3268/4448/5612 3269/4447/5611 3300/4476/5651
s 39
f 3269/4447/5614 3270/4437/5599 3271/4436/5598 3300/4476/5652
s 42
f 3277/4461/5627 3278/4458/5624 3273/4457/5623 3301/4477/5653
s 38
f 3273/4455/5621 3274/4441/5605 3275/4440/5604 3301/4478/5654
s 41
f 3275/4445/5609 3276/4444/5608 3277/4461/5630 3301/4477/5655
s 40
f 3283/4454/5620 3284/4453/5619 3279/4467/5635 3302/4479/5656
s 42
f 3279/4464/5632 3280/4463/5629 3281/4462/5628 3302/4480/5657
s 41
f 3281/4462/5631 3282/4451/5617 3283/4450/5616 3302/4480/5658
s 37
f 3289/4469/5637 3290/4412/5572 3285/4411/5571 3303/4481/5659
s 38
f 3285/4416/5576 3286/4415/5575 3287/4456/5622 3303/4482/5660
s 42
f 3287/4460/5626 3288/4459/5625 3289/4469/5639 3303/4481/5661
s 40
f 3295/4468/5636 3296/4431/5593 3291/4430/5592 3304/4483/5662
s 37
f 3291/4434/5596 3292/4433/5595 3293/4470/5638 3304/4484/5663
s 42
f 3293/4470/5640 3294/4466/5634 3295/4465/5633 3304/4484/5664
s 43
f 3306/4485/5665 3305/4486/5666 3341/4487/5667 3346/4488/5668
s 44
f 3305/4489/5669 3310/4490/5670 3342/4491/5671 3341/4492/5672
s 45
f 3308/4493/5673 3307/4494/5674 3315/4495/5675 3314/4496/5676
s 43
f 3307/4497/5677 3306/4485/5665 3316/4498/5678 3315/4499/5679
s 44
f 3310/4490/5670 3309/4500/5680 3319/4501/5681 3318/4502/5682
s 45
f 3309/4500/5683 3308/4493/5673 3320/4503/5684 3319/4501/5685
s 46
f 3312/4504/5686 3311/4505/5687 3347/4506/5688 3352/4507/5689
s 43
f 3311/4508/5690 3316/4498/5678 3348/4509/5691 3347/4510/5692
s 45
f 3314/4496/5676 3313/4511/5693 3327/4512/5694 3326/4513/5695
s 46
f 3313/4511/5696 3312/4504/5686 3328/4514/5697 3327/4512/5698
s 44
f 3318/4502/5682 3317/4515/5699 3331/4516/5700 3330/4517/5701
s 47
f 3317/4518/5702 3322/4519/5703 3332/4520/5704 3331/4521/5705
f 3322/4519/5703 3321/4522/5706 3325/4523/5707 3324/4524/5708
s 45
f 3321/4522/5709 3320/4503/5684 3326/4513/5695 3325/4523/5710
s 47
f 3324/4524/5708 3323/4525/5711 3339/4526/5712 3338/4527/5713
s 46
f 3323/4528/5714 3328/4514/5697 3340/4529/5715 3339/4530/5716
s 44
f 3330/4517/5701 3329/4531/5717 3343/4532/5718 3342/4491/5671
s 48
f 3329/4533/5719 3334/4534/5720 3344/4535/5721 3343/4536/5722
f 3334/4534/5720 3333/4537/5723 3337/4538/5724 3336/4539/5725
s 47
f 3333/4537/5726 3332/4520/5704 3338/4527/5713 3337/4538/5727
s 48
f 3336/4539/5725 3335/4540/5728 3351/4541/5729 3350/4542/5730
s 46
f 3335/4543/5731 3340/4529/5715 3352/4507/5689 3351/4544/5732
s 43
f 3346/4488/5668 3345/4545/5733 3349/4546/5734 3348/4509/5691
s 48
f 3345/4545/5735 3344/4535/5721 3350/4542/5730 3349/4546/5736
s 45
f 3308/4493/5673 3314/4496/5676 3326/4513/5695 3320/4503/5684
s 47
f 3322/4519/5703 3324/4524/5708 3338/4527/5713 3332/4520/5704
s 48
f 3334/4534/5720 3336/4539/5725 3350/4542/5730 3344/4535/5721
s 43
f 3346/4488/5668 3348/4509/5691 3316/4498/5678 3306/4485/5665
s 46
f 3312/4504/5686 3352/4507/5689 3340/4529/5715 3328/4514/5697
s 44
f 3342/4491/5671 3310/4490/5670 3318/4502/5682 3330/4517/5701
f 3309/4500/5680 3310/4490/5670 3305/4489/5669 3353/4547/5737
s 43
f 3305/4486/5666 3306/4485/5665 3307/4497/5677 3353/4548/5738
s 45
f 3307/4494/5674 3308/4493/5673 3309/4500/5683 3353/4547/5739
s 43
f 3315/4499/5679 3316/4498/5678 3311/4508/5690 3354/4549/5740
s 46
f 3311/4505/5687 3312/4504/5686 3313/4511/5696 3354/4550/5741
s 45
f 3313/4511/5693 3314/4496/5676 3315/4495/5675 3354/4550/5742
s 47
f 3321/4522/5706 3322/4519/5703 3317/4518/5702 3355/4551/5743
s 44
f 3317/4515/5699 3318/4502/5682 3319/4501/5681 3355/4551/5744
s 45
f 3319/4501/5685 3320/4503/5684 3321/4522/5709 3355/4551/5745
s 46
f 3327/4512/5698 3328/4514/5697 3323/4528/5714 3356/4552/5746
s 47
f 3323/4525/5711 3324/4524/5708 3325/4523/5707 3356/4552/5747
s 45
f 3325/4523/5710 3326/4513/5695 3327/4512/5694 3356/4552/5748
s 48
f 3333/4537/5723 3334/4534/5720 3329/4533/5719 3357/4553/5749
s 44
f 3329/4531/5717 3330/4517/5701 3331/4516/5700 3357/4554/5750
s 47
f 3331/4521/5705 3332/4520/5704 3333/4537/5726 3357/4553/5751
s 46
f 3339/4530/5716 3340/4529/5715 3335/4543/5731 3358/4555/5752
s 48
f 3335/4540/5728 3336/4539/5725 3337/4538/5724 3358/4556/5753
s 47
f 3337/4538/5727 3338/4527/5713 3339/4526/5712 3358/4556/5754
s 43
f 3345/4545/5733 3346/4488/5668 3341/4487/5667 3359/4557/5755
s 44
f 3341/4492/5672 3342/4491/5671 3343/4532/5718 3359/4558/5756
s 48
f 3343/4536/5722 3344/4535/5721 3345/4545/5735 3359/4557/5757
s 46
f 3351/4544/5732 3352/4507/5689 3347/4506/5688 3360/4559/5758
s 43
f 3347/4510/5692 3348/4509/5691 3349/4546/5734 3360/4560/5759
s 48
f 3349/4546/5736 3350/4542/5730 3351/4541/5729 3360/4560/5760
s 49
f 3362/4561/5761 3361/4562/5762 3397/4563/5763 3402/4564/5764
s 50
f 3361/4565/5765 3366/4566/5766 3398/4567/5767 3397/4568/5768
s 51
f 3364/4569/5769 3363/4570/5770 3371/4571/5771 3370/4572/5772
s 49
f 3363/4573/5773 3362/4561/5761 3372/4574/5774 3371/4575/5775
s 50
f 3366/4566/5766 3365/4576/5776 3375/4577/5777 3374/4578/5778
s 51
f 3365/4576/5779 3364/4569/5769 3376/4579/5780 3375/4577/5781
s 52
f 3368/4580/5782 3367/4581/5783 3403/4582/5784 3408/4583/5785
s 49
f 3367/4584/5786 3372/4574/5774 3404/4585/5787 3403/4586/5788
s 51
f 3370/4572/5772 3369/4587/5789 3383/4588/5790 3382/4589/5791
s 52
f 3369/4587/5792 3368/4580/5782 3384/4590/5793 3383/4588/5794
s 50
f 3374/4578/5778 3373/4591/5795 3387/4592/5796 3386/4593/5797
s 53
f 3373/4594/5798 3378/4595/5799 3388/4596/5800 3387/4597/5801
f 3378/4595/5799 3377/4598/5802 3381/4599/5803 3380/4600/5804
s 51
f 3377/4598/5805 3376/4579/5780 3382/4589/5791 3381/4599/5806
s 53
f 3380/4600/5804 3379/4601/5807 3395/4602/5808 3394/4603/5809
s 52
f 3379/4604/5810 3384/4590/5793 3396/4605/5811 3395/4606/5812
s 50
f 3386/4593/5797 3385/4607/5813 3399/4608/5814 3398/4567/5767
s 54
f 3385/4609/5815 3390/4610/5816 3400/4611/5817 3399/4612/5818
f 3390/4610/5816 3389/4613/5819 3393/4614/5820 3392/4615/5821
s 53
f 3389/4613/5822 3388/4596/5800 3394/4603/5809 3393/4614/5823
s 54
f 3392/4615/5821 3391/4616/5824 3407/4617/5825 3406/4618/5826
s 52
f 3391/4619/5827 3396/4605/5811 3408/4583/5785 3407/4620/5828
s 49
f 3402/4564/5764 3401/4621/5829 3405/4622/5830 3404/4585/5787
s 54
f 3401/4621/5831 3400/4611/5817 3406/4618/5826 3405/4622/5832
s 51
f 3364/4569/5769 3370/4572/5772 3382/4589/5791 3376/4579/5780
s 53
f 3378/4595/5799 3380/4600/5804 3394/4603/5809 3388/4596/5800
s 54
f 3390/4610/5816 3392/4615/5821 3406/4618/5826 3400/4611/5817
s 49
f 3402/4564/5764 3404/4585/5787 3372/4574/5774 3362/4561/5761
s 52
f 3368/4580/5782 3408/4583/5785 3396/4605/5811 3384/4590/5793
s 50
f 3398/4567/5767 3366/4566/5766 3374/4578/5778 3386/4593/5797
f 3365/4576/5776 3366/4566/5766 3361/4565/5765 3409/4623/5833
s 49
f 3361/4562/5762 3362/4561/5761 3363/4573/5773 3409/4624/5834
s 51
f 3363/4570/5770 3364/4569/5769 3365/4576/5779 3409/4623/5835
s 49
f 3371/4575/5775 3372/4574/5774 3367/4584/5786 3410/4625/5836
s 52
f 3367/4581/5783 3368/4580/5782 3369/4587/5792 3410/4626/5837
s 51
f 3369/4587/5789 3370/4572/5772 3371/4571/5771 3410/4626/5838
s 53
f 3377/4598/5802 3378/4595/5799 3373/4594/5798 3411/4627/5839
s 50
f 3373/4591/5795 3374/4578/5778 3375/4577/5777 3411/4627/5840
s 51
f 3375/4577/5781 3376/4579/5780 3377/4598/5805 3411/4627/5841
s 52
f 3383/4588/5794 3384/4590/5793 3379/4604/5810 3412/4628/5842
s 53
f 3379/4601/5807 3380/4600/5804 3381/4599/5803 3412/4628/5843
s 51
f 3381/4599/5806 3382/4589/5791 3383/4588/5790 3412/4628/5844
s 54
f 3389/4613/5819 3390/4610/5816 3385/4609/5815 3413/4629/5845
s 50
f 3385/4607/5813 3386/4593/5797 3387/4592/5796 3413/4630/5846
s 53
f 3387/4597/5801 3388/4596/5800 3389/4613/5822 3413/4629/5847
s 52
f 3395/4606/5812 3396/4605/5811 3391/4619/5827 3414/4631/5848
s 54
f 3391/4616/5824 3392/4615/5821 3393/4614/5820 3414/4632/5849
s 53
f 3393/4614/5823 3394/4603/5809 3395/4602/5808 3414/4632/5850
s 49
f 3401/4621/5829 3402/4564/5764 3397/4563/5763 3415/4633/5851
s 50
f 3397/4568/5768 3398/4567/5767 3399/4608/5814 3415/4634/5852
s 54
f 3399/4612/5818 3400/4611/5817 3401/4621/5831 3415/4633/5853
s 52
f 3407/4620/5828 3408/4583/5785 3403/4582/5784 3416/4635/5854
s 49
f 3403/4586/5788 3404/4585/5787 3405/4622/5830 3416/4636/5855
s 54
f 3405/4622/5832 3406/4618/5826 3407/4617/5825 3416/4636/5856
s 55
f 3418/4637/5857 3417/4638/5858 3453/4639/5859 3458/4640/5860
s 56
f 3417/4641/5861 3422/4642/5862 3454/4643/5863 3453/4644/5864
s 57
f 3420/4645/5865 3419/4646/5866 3427/4647/5867 3426/4648/5868
s 55
f 3419/4649/5869 3418/4637/5857 3428/4650/5870 3427/4651/5871
s 56
f 3422/4642/5862 3421/4652/5872 3431/4653/5873 3430/4654/5874
s 57
f 3421/4652/5875 3420/4645/5865 3432/4655/5876 3431/4653/5877
s 58
f 3424/4656/5878 3423/4657/5879 3459/4658/5880 3464/4659/5881
s 55
f 3423/4660/5882 3428/4650/5870 3460/4661/5883 3459/4662/5884
s 57
f 3426/4648/5868 3425/4663/5885 3439/4664/5886 3438/4665/5887
s 58
f 3425/4663/5888 3424/4656/5878 3440/4666/5889 3439/4664/5890
s 56
f 3430/4654/5874 3429/4667/5891 3443/4668/5892 3442/4669/5893
s 59
f 3429/4670/5894 3434/4671/5895 3444/4672/5896 3443/4673/5897
f 3434/4671/5895 3433/4674/5898 3437/4675/5899 3436/4676/5900
s 57
f 3433/4674/5901 3432/4655/5876 3438/4665/5887 3437/4675/5902
s 59
f 3436/4676/5900 3435/4677/5903 3451/4678/5904 3450/4679/5905
s 58
f 3435/4680/5906 3440/4666/5889 3452/4681/5907 3451/4682/5908
s 56
f 3442/4669/5893 3441/4683/5909 3455/4684/5910 3454/4643/5863
s 60
f 3441/4685/5911 3446/4686/5912 3456/4687/5913 3455/4688/5914
f 3446/4686/5912 3445/4689/5915 3449/4690/5916 3448/4691/5917
s 59
f 3445/4689/5918 3444/4672/5896 3450/4679/5905 3449/4690/5919
s 60
f 3448/4691/5917 3447/4692/5920 3463/4693/5921 3462/4694/5922
s 58
f 3447/4695/5923 3452/4681/5907 3464/4659/5881 3463/4696/5924
s 55
f 3458/4640/5860 3457/4697/5925 3461/4698/5926 3460/4661/5883
s 60
f 3457/4697/5927 3456/4687/5913 3462/4694/5922 3461/4698/5928
s 57
f 3420/4645/5865 3426/4648/5868 3438/4665/5887 3432/4655/5876
s 59
f 3434/4671/5895 3436/4676/5900 3450/4679/5905 3444/4672/5896
s 60
f 3446/4686/5912 3448/4691/5917 3462/4694/5922 3456/4687/5913
s 55
f 3458/4640/5860 3460/4661/5883 3428/4650/5870 3418/4637/5857
s 58
f 3424/4656/5878 3464/4659/5881 3452/4681/5907 3440/4666/5889
s 56
f 3454/4643/5863 3422/4642/5862 3430/4654/5874 3442/4669/5893
f 3421/4652/5872 3422/4642/5862 3417/4641/5861 3465/4699/5929
s 55
f 3417/4638/5858 3418/4637/5857 3419/4649/5869 3465/4700/5930
s 57
f 3419/4646/5866 3420/4645/5865 3421/4652/5875 3465/4699/5931
s 55
f 3427/4651/5871 3428/4650/5870 3423/4660/5882 3466/4701/5932
s 58
f 3423/4657/5879 3424/4656/5878 3425/4663/5888 3466/4702/5933
s 57
f 3425/4663/5885 3426/4648/5868 3427/4647/5867 3466/4702/5934
s 59
f 3433/4674/5898 3434/4671/5895 3429/4670/5894 3467/4703/5935
s 56
f 3429/4667/5891 3430/4654/5874 3431/4653/5873 3467/4703/5936
s 57
f 3431/4653/5877 3432/4655/5876 3433/4674/5901 3467/4703/5937
s 58
f 3439/4664/5890 3440/4666/5889 3435/4680/5906 3468/4704/5938
s 59
f 3435/4677/5903 3436/4676/5900 3437/4675/5899 3468/4704/5939
s 57
f 3437/4675/5902 3438/4665/5887 3439/4664/5886 3468/4704/5940
s 60
f 3445/4689/5915 3446/4686/5912 3441/4685/5911 3469/4705/5941
s 56
f 3441/4683/5909 3442/4669/5893 3443/4668/5892 3469/4706/5942
s 59
f 3443/4673/5897 3444/4672/5896 3445/4689/5918 3469/4705/5943
s 58
f 3451/4682/5908 3452/4681/5907 3447/4695/5923 3470/4707/5944
s 60
f 3447/4692/5920 3448/4691/5917 3449/4690/5916 3470/4708/5945
s 59
f 3449/4690/5919 3450/4679/5905 3451/4678/5904 3470/4708/5946
s 55
f 3457/4697/5925 3458/4640/5860 3453/4639/5859 3471/4709/5947
s 56
f 3453/4644/5864 3454/4643/5863 3455/4684/5910 3471/4710/5948
s 60
f 3455/4688/5914 3456/4687/5913 3457/4697/5927 3471/4709/5949
s 58
f 3463/4696/5924 3464/4659/5881 3459/4658/5880 3472/4711/5950
s 55
f 3459/4662/5884 3460/4661/5883 3461/4698/5926 3472/4712/5951
s 60
f 3461/4698/5928 3462/4694/5922 3463/4693/5921 3472/4712/5952
s 61
f 3474/4713/5953 3473/4714/5954 3509/4715/5955 3514/4716/5956
s 62
f 3473/4717/5957 3478/4718/5958 3510/4719/5959 3509/4720/5960
s 63
f 3476/4721/5961 3475/4722/5962 3483/4723/5963 3482/4724/5964
s 61
f 3475/4725/5965 3474/4713/5953 3484/4726/5966 3483/4727/5967
s 62
f 3478/4718/5958 3477/4728/5968 3487/4729/5969 3486/4730/5970
s 63
f 3477/4728/5971 3476/4721/5961 3488/4731/5972 3487/4729/5973
s 64
f 3480/4732/5974 3479/4733/5975 3515/4734/5976 3520/4735/5977
s 61
f 3479/4736/5978 3484/4726/5966 3516/4737/5979 3515/4738/5980
s 63
f 3482/4724/5964 3481/4739/5981 3495/4740/5982 3494/4741/5983
s 64
f 3481/4739/5984 3480/4732/5974 3496/4742/5985 3495/4740/5986
s 62
f 3486/4730/5970 3485/4743/5987 3499/4744/5988 3498/4745/5989
s 65
f 3485/4746/5990 3490/4747/5991 3500/4748/5992 3499/4749/5993
f 3490/4747/5991 3489/4750/5994 3493/4751/5995 3492/4752/5996
s 63
f 3489/4750/5997 3488/4731/5972 3494/4741/5983 3493/4751/5998
s 65
f 3492/4752/5996 3491/4753/5999 3507/4754/6000 3506/4755/6001
s 64
f 3491/4756/6002 3496/4742/5985 3508/4757/6003 3507/4758/6004
s 62
f 3498/4745/5989 3497/4759/6005 3511/4760/6006 3510/4719/5959
s 66
f 3497/4761/6007 3502/4762/6008 3512/4763/6009 3511/4764/6010
f 3502/4762/6008 3501/4765/6011 3505/4766/6012 3504/4767/6013
s 65
f 3501/4765/6014 3500/4748/5992 3506/4755/6001 3505/4766/6015
s 66
f 3504/4767/6013 3503/4768/6016 3519/4769/6017 3518/4770/6018
s 64
f 3503/4771/6019 3508/4757/6003 3520/4735/5977 3519/4772/6020
s 61
f 3514/4716/5956 3513/4773/6021 3517/4774/6022 3516/4737/5979
s 66
f 3513/4773/6023 3512/4763/6009 3518/4770/6018 3517/4774/6024
s 67
f 3522/4775/6025 3521/4776/6026 3557/4777/6027 3562/4778/6028
s 68
f 3521/4779/6029 3526/4780/6030 3558/4781/6031 3557/4782/6032
s 69
f 3524/4783/6033 3523/4784/6034 3531/4785/6035 3530/4786/6036
s 67
f 3523/4787/6037 3522/4775/6025 3532/4788/6038 3531/4789/6039
s 68
f 3526/4780/6030 3525/4790/6040 3535/4791/6041 3534/4792/6042
s 69
f 3525/4790/6043 3524/4783/6033 3536/4793/6044 3535/4791/6045
s 70
f 3528/4794/6046 3527/4795/6047 3563/4796/6048 3568/4797/6049
s 67
f 3527/4798/6050 3532/4788/6038 3564/4799/6051 3563/4800/6052
s 69
f 3530/4786/6036 3529/4801/6053 3543/4802/6054 3542/4803/6055
s 70
f 3529/4801/6056 3528/4794/6046 3544/4804/6057 3543/4802/6058
s 68
f 3534/4792/6042 3533/4805/6059 3547/4806/6060 3546/4807/6061
s 71
f 3533/4808/6062 3538/4809/6063 3548/4810/6064 3547/4811/6065
f 3538/4809/6063 3537/4812/6066 3541/4813/6067 3540/4814/6068
s 69
f 3537/4812/6069 3536/4793/6044 3542/4803/6055 3541/4813/6070
s 71
f 3540/4814/6068 3539/4815/6071 3555/4816/6072 3554/4817/6073
s 70
f 3539/4818/6074 3544/4804/6057 3556/4819/6075 3555/4820/6076
s 68
f 3546/4807/6061 3545/4821/6077 3559/4822/6078 3558/4781/6031
s 72
f 3545/4823/6079 3550/4824/6080 3560/4825/6081 3559/4826/6082
f 3550/4824/6080 3549/4827/6083 3553/4828/6084 3552/4829/6085
s 71
f 3549/4827/6086 3548/4810/6064 3554/4817/6073 3553/4828/6087
s 72
f 3552/4829/6085 3551/4830/6088 3567/4831/6089 3566/4832/6090
s 70
f 3551/4833/6091 3556/4819/6075 3568/4797/6049 3567/4834/6092
s 67
f 3562/4778/6028 3561/4835/6093 3565/4836/6094 3564/4799/6051
s 72
f 3561/4835/6095 3560/4825/6081 3566/4832/6090 3565/4836/6096
s 73
f 3570/4837/6097 3569/4838/6098 3605/4839/6099 3610/4840/6100
s 74
f 3569/4841/6101 3574/4842/6102 3606/4843/6103 3605/4844/6104
s 75
f 3572/4845/6105 3571/4846/6106 3579/4847/6107 3578/4848/6108
s 73
f 3571/4849/6109 3570/4837/6097 3580/4850/6110 3579/4851/6111
s 74
f 3574/4842/6102 3573/4852/6112 3583/4853/6113 3582/4854/6114
s 75
f 3573/4852/6115 3572/4845/6105 3584/4855/6116 3583/4853/6117
s 76
f 3576/4856/6118 3575/4857/6119 3611/4858/6120 3616/4859/6121
s 73
f 3575/4860/6122 3580/4850/6110 3612/4861/6123 3611/4862/6124
s 75
f 3578/4848/6108 3577/4863/6125 3591/4864/6126 3590/4865/6127
s 76
f 3577/4863/6128 3576/4856/6118 3592/4866/6129 3591/4864/6130
s 74
f 3582/4854/6114 3581/4867/6131 3595/4868/6132 3594/4869/6133
s 77
f 3581/4870/6134 3586/4871/6135 3596/4872/6136 3595/4873/6137
f 3586/4871/6135 3585/4874/6138 3589/4875/6139 3588/4876/6140
s 75
f 3585/4874/6141 3584/4855/6116 3590/4865/6127 3589/4875/6142
s 77
f 3588/4876/6140 3587/4877/6143 3603/4878/6144 3602/4879/6145
s 76
f 3587/4880/6146 3592/4866/6129 3604/4881/6147 3603/4882/6148
s 74
f 3594/4869/6133 3593/4883/6149 3607/4884/6150 3606/4843/6103
s 78
f 3593/4885/6151 3598/4886/6152 3608/4887/6153 3607/4888/6154
f 3598/4886/6152 3597/4889/6155 3601/4890/6156 3600/4891/6157
s 77
f 3597/4889/6158 3596/4872/6136 3602/4879/6145 3601/4890/6159
s 78
f 3600/4891/6157 3599/4892/6160 3615/4893/6161 3614/4894/6162
s 76
f 3599/4895/6163 3604/4881/6147 3616/4859/6121 3615/4896/6164
s 73
f 3610/4840/6100 3609/4897/6165 3613/4898/6166 3612/4861/6123
s 78
f 3609/4897/6167 3608/4887/6153 3614/4894/6162 3613/4898/6168
s 79
f 3618/4899/6169 3617/4900/6170 3653/4901/6171 3658/4902/6172
s 80
f 3617/4903/6173 3622/4904/6174 3654/4905/6175 3653/4906/6176
s 81
f 3620/4907/6177 3619/4908/6178 3627/4909/6179 3626/4910/6180
s 79
f 3619/4911/6181 3618/4899/6169 3628/4912/6182 3627/4913/6183
s 80
f 3622/4904/6174 3621/4914/6184 3631/4915/6185 3630/4916/6186
s 81
f 3621/4914/6187 3620/4907/6177 3632/4917/6188 3631/4915/6189
s 82
f 3624/4918/6190 3623/4919/6191 3659/4920/6192 3664/4921/6193
s 79
f 3623/4922/6194 3628/4912/6182 3660/4923/6195 3659/4924/6196
s 81
f 3626/4910/6180 3625/4925/6197 3639/4926/6198 3638/4927/6199
s 82
f 3625/4925/6200 3624/4918/6190 3640/4928/6201 3639/4926/6202
s 80
f 3630/4916/6186 3629/4929/6203 3643/4930/6204 3642/4931/6205
s 83
f 3629/4932/6206 3634/4933/6207 3644/4934/6208 3643/4935/6209
f 3634/4933/6207 3633/4936/6210 3637/4937/6211 3636/4938/6212
s 81
f 3633/4936/6213 3632/4917/6188 3638/4927/6199 3637/4937/6214
s 83
f 3636/4938/6212 3635/4939/6215 3651/4940/6216 3650/4941/6217
s 82
f 3635/4942/6218 3640/4928/6201 3652/4943/6219 3651/4944/6220
s 80
f 3642/4931/6205 3641/4945/6221 3655/4946/6222 3654/4905/6175
s 84
f 3641/4947/6223 3646/4948/6224 3656/4949/6225 3655/4950/6226
f 3646/4948/6224 3645/4951/6227 3649/4952/6228 3648/4953/6229
s 83
f 3645/4951/6230 3644/4934/6208 3650/4941/6217 3649/4952/6231
s 84
f 3648/4953/6229 3647/4954/6232 3663/4955/6233 3662/4956/6234
s 82
f 3647/4957/6235 3652/4943/6219 3664/4921/6193 3663/4958/6236
s 79
f 3658/4902/6172 3657/4959/6237 3661/4960/6238 3660/4923/6195
s 84
f 3657/4959/6239 3656/4949/6225 3662/4956/6234 3661/4960/6240
s 63
f 3476/4721/5961 3482/4724/5964 3494/4741/5983 3488/4731/5972
s 65
f 3490/4747/5991 3492/4752/5996 3506/4755/6001 3500/4748/5992
s 66
f 3502/4762/6008 3504/4767/6013 3518/4770/6018 3512/4763/6009
s 61
f 3514/4716/5956 3516/4737/5979 3484/4726/5966 3474/4713/5953
s 64
f 3480/4732/5974 3520/4735/5977 3508/4757/6003 3496/4742/5985
s 62
f 3510/4719/5959 3478/4718/5958 3486/4730/5970 3498/4745/5989
s 69
f 3524/4783/6033 3530/4786/6036 3542/4803/6055 3536/4793/6044
s 71
f 3538/4809/6063 3540/4814/6068 3554/4817/6073 3548/4810/6064
s 72
f 3550/4824/6080 3552/4829/6085 3566/4832/6090 3560/4825/6081
s 67
f 3562/4778/6028 3564/4799/6051 3532/4788/6038 3522/4775/6025
s 70
f 3528/4794/6046 3568/4797/6049 3556/4819/6075 3544/4804/6057
s 68
f 3558/4781/6031 3526/4780/6030 3534/4792/6042 3546/4807/6061
s 75
f 3572/4845/6105 3578/4848/6108 3590/4865/6127 3584/4855/6116
s 77
f 3586/4871/6135 3588/4876/6140 3602/4879/6145 3596/4872/6136
s 78
f 3598/4886/6152 3600/4891/6157 3614/4894/6162 3608/4887/6153
s 73
f 3610/4840/6100 3612/4861/6123 3580/4850/6110 3570/4837/6097
s 76
f 3576/4856/6118 3616/4859/6121 3604/4881/6147 3592/4866/6129
s 74
f 3606/4843/6103 3574/4842/6102 3582/4854/6114 3594/4869/6133
s 81
f 3620/4907/6177 3626/4910/6180 3638/4927/6199 3632/4917/6188
s 83
f 3634/4933/6207 3636/4938/6212 3650/4941/6217 3644/4934/6208
s 84
f 3646/4948/6224 3648/4953/6229 3662/4956/6234 3656/4949/6225
s 79
f 3658/4902/6172 3660/4923/6195 3628/4912/6182 3618/4899/6169
s 82
f 3624/4918/6190 3664/4921/6193 3652/4943/6219 3640/4928/6201
s 80
f 3654/4905/6175 3622/4904/6174 3630/4916/6186 3642/4931/6205
s 62
f 3477/4728/5968 3478/4718/5958 3473/4717/5957 3665/4961/6241
s 61
f 3473/4714/5954 3474/4713/5953 3475/4725/5965 3665/4962/6242
s 63
f 3475/4722/5962 3476/4721/5961 3477/4728/5971 3665/4961/6243
s 61
f 3483/4727/5967 3484/4726/5966 3479/4736/5978 3666/4963/6244
s 64
f 3479/4733/5975 3480/4732/5974 3481/4739/5984 3666/4964/6245
s 63
f 3481/4739/5981 3482/4724/5964 3483/4723/5963 3666/4964/6246
s 65
f 3489/4750/5994 3490/4747/5991 3485/4746/5990 3667/4965/6247
s 62
f 3485/4743/5987 3486/4730/5970 3487/4729/5969 3667/4965/6248
s 63
f 3487/4729/5973 3488/4731/5972 3489/4750/5997 3667/4965/6249
s 64
f 3495/4740/5986 3496/4742/5985 3491/4756/6002 3668/4966/6250
s 65
f 3491/4753/5999 3492/4752/5996 3493/4751/5995 3668/4966/6251
s 63
f 3493/4751/5998 3494/4741/5983 3495/4740/5982 3668/4966/6252
s 66
f 3501/4765/6011 3502/4762/6008 3497/4761/6007 3669/4967/6253
s 62
f 3497/4759/6005 3498/4745/5989 3499/4744/5988 3669/4968/6254
s 65
f 3499/4749/5993 3500/4748/5992 3501/4765/6014 3669/4967/6255
s 64
f 3507/4758/6004 3508/4757/6003 3503/4771/6019 3670/4969/6256
s 66
f 3503/4768/6016 3504/4767/6013 3505/4766/6012 3670/4970/6257
s 65
f 3505/4766/6015 3506/4755/6001 3507/4754/6000 3670/4970/6258
s 61
f 3513/4773/6021 3514/4716/5956 3509/4715/5955 3671/4971/6259
s 62
f 3509/4720/5960 3510/4719/5959 3511/4760/6006 3671/4972/6260
s 66
f 3511/4764/6010 3512/4763/6009 3513/4773/6023 3671/4971/6261
s 64
f 3519/4772/6020 3520/4735/5977 3515/4734/5976 3672/4973/6262
s 61
f 3515/4738/5980 3516/4737/5979 3517/4774/6022 3672/4974/6263
s 66
f 3517/4774/6024 3518/4770/6018 3519/4769/6017 3672/4974/6264
s 68
f 3525/4790/6040 3526/4780/6030 3521/4779/6029 3673/4975/6265
s 67
f 3521/4776/6026 3522/4775/6025 3523/4787/6037 3673/4976/6266
s 69
f 3523/4784/6034 3524/4783/6033 3525/4790/6043 3673/4975/6267
s 67
f 3531/4789/6039 3532/4788/6038 3527/4798/6050 3674/4977/6268
s 70
f 3527/4795/6047 3528/4794/6046 3529/4801/6056 3674/4978/6269
s 69
f 3529/4801/6053 3530/4786/6036 3531/4785/6035 3674/4978/6270
s 71
f 3537/4812/6066 3538/4809/6063 3533/4808/6062 3675/4979/6271
s 68
f 3533/4805/6059 3534/4792/6042 3535/4791/6041 3675/4979/6272
s 69
f 3535/4791/6045 3536/4793/6044 3537/4812/6069 3675/4979/6273
s 70
f 3543/4802/6058 3544/4804/6057 3539/4818/6074 3676/4980/6274
s 71
f 3539/4815/6071 3540/4814/6068 3541/4813/6067 3676/4980/6275
s 69
f 3541/4813/6070 3542/4803/6055 3543/4802/6054 3676/4980/6276
s 72
f 3549/4827/6083 3550/4824/6080 3545/4823/6079 3677/4981/6277
s 68
f 3545/4821/6077 3546/4807/6061 3547/4806/6060 3677/4982/6278
s 71
f 3547/4811/6065 3548/4810/6064 3549/4827/6086 3677/4981/6279
s 70
f 3555/4820/6076 3556/4819/6075 3551/4833/6091 3678/4983/6280
s 72
f 3551/4830/6088 3552/4829/6085 3553/4828/6084 3678/4984/6281
s 71
f 3553/4828/6087 3554/4817/6073 3555/4816/6072 3678/4984/6282
s 67
f 3561/4835/6093 3562/4778/6028 3557/4777/6027 3679/4985/6283
s 68
f 3557/4782/6032 3558/4781/6031 3559/4822/6078 3679/4986/6284
s 72
f 3559/4826/6082 3560/4825/6081 3561/4835/6095 3679/4985/6285
s 70
f 3567/4834/6092 3568/4797/6049 3563/4796/6048 3680/4987/6286
s 67
f 3563/4800/6052 3564/4799/6051 3565/4836/6094 3680/4988/6287
s 72
f 3565/4836/6096 3566/4832/6090 3567/4831/6089 3680/4988/6288
s 74
f 3573/4852/6112 3574/4842/6102 3569/4841/6101 3681/4989/6289
s 73
f 3569/4838/6098 3570/4837/6097 3571/4849/6109 3681/4990/6290
s 75
f 3571/4846/6106 3572/4845/6105 3573/4852/6115 3681/4989/6291
s 73
f 3579/4851/6111 3580/4850/6110 3575/4860/6122 3682/4991/6292
s 76
f 3575/4857/6119 3576/4856/6118 3577/4863/6128 3682/4992/6293
s 75
f 3577/4863/6125 3578/4848/6108 3579/4847/6107 3682/4992/6294
s 77
f 3585/4874/6138 3586/4871/6135 3581/4870/6134 3683/4993/6295
s 74
f 3581/4867/6131 3582/4854/6114 3583/4853/6113 3683/4993/6296
s 75
f 3583/4853/6117 3584/4855/6116 3585/4874/6141 3683/4993/6297
s 76
f 3591/4864/6130 3592/4866/6129 3587/4880/6146 3684/4994/6298
s 77
f 3587/4877/6143 3588/4876/6140 3589/4875/6139 3684/4994/6299
s 75
f 3589/4875/6142 3590/4865/6127 3591/4864/6126 3684/4994/6300
s 78
f 3597/4889/6155 3598/4886/6152 3593/4885/6151 3685/4995/6301
s 74
f 3593/4883/6149 3594/4869/6133 3595/4868/6132 3685/4996/6302
s 77
f 3595/4873/6137 3596/4872/6136 3597/4889/6158 3685/4995/6303
s 76
f 3603/4882/6148 3604/4881/6147 3599/4895/6163 3686/4997/6304
s 78
f 3599/4892/6160 3600/4891/6157 3601/4890/6156 3686/4998/6305
s 77
f 3601/4890/6159 3602/4879/6145 3603/4878/6144 3686/4998/6306
s 73
f 3609/4897/6165 3610/4840/6100 3605/4839/6099 3687/4999/6307
s 74
f 3605/4844/6104 3606/4843/6103 3607/4884/6150 3687/5000/6308
s 78
f 3607/4888/6154 3608/4887/6153 3609/4897/6167 3687/4999/6309
s 76
f 3615/4896/6164 3616/4859/6121 3611/4858/6120 3688/5001/6310
s 73
f 3611/4862/6124 3612/4861/6123 3613/4898/6166 3688/5002/6311
s 78
f 3613/4898/6168 3614/4894/6162 3615/4893/6161 3688/5002/6312
s 80
f 3621/4914/6184 3622/4904/6174 3617/4903/6173 3689/5003/6313
s 79
f 3617/4900/6170 3618/4899/6169 3619/4911/6181 3689/5004/6314
s 81
f 3619/4908/6178 3620/4907/6177 3621/4914/6187 3689/5003/6315
s 79
f 3627/4913/6183 3628/4912/6182 3623/4922/6194 3690/5005/6316
s 82
f 3623/4919/6191 3624/4918/6190 3625/4925/6200 3690/5006/6317
s 81
f 3625/4925/6197 3626/4910/6180 3627/4909/6179 3690/5006/6318
s 83
f 3633/4936/6210 3634/4933/6207 3629/4932/6206 3691/5007/6319
s 80
f 3629/4929/6203 3630/4916/6186 3631/4915/6185 3691/5007/6320
s 81
f 3631/4915/6189 3632/4917/6188 3633/4936/6213 3691/5007/6321
s 82
f 3639/4926/6202 3640/4928/6201 3635/4942/6218 3692/5008/6322
s 83
f 3635/4939/6215 3636/4938/6212 3637/4937/6211 3692/5008/6323
s 81
f 3637/4937/6214 3638/4927/6199 3639/4926/6198 3692/5008/6324
s 84
f 3645/4951/6227 3646/4948/6224 3641/4947/6223 3693/5009/6325
s 80
f 3641/4945/6221 3642/4931/6205 3643/4930/6204 3693/5010/6326
s 83
f 3643/4935/6209 3644/4934/6208 3645/4951/6230 3693/5009/6327
s 82
f 3651/4944/6220 3652/4943/6219 3647/4957/6235 3694/5011/6328
s 84
f 3647/4954/6232 3648/4953/6229 3649/4952/6228 3694/5012/6329
s 83
f 3649/4952/6231 3650/4941/6217 3651/4940/6216 3694/5012/6330
s 79
f 3657/4959/6237 3658/4902/6172 3653/4901/6171 3695/5013/6331
s 80
f 3653/4906/6176 3654/4905/6175 3655/4946/6222 3695/5014/6332
s 84
f 3655/4950/6226 3656/4949/6225 3657/4959/6239 3695/5013/6333
s 82
f 3663/4958/6236 3664/4921/6193 3659/4920/6192 3696/5015/6334
s 79
f 3659/4924/6196 3660/4923/6195 3661/4960/6238 3696/5016/6335
s 84
f 3661/4960/6240 3662/4956/6234 3663/4955/6233 3696/5016/6336
s 85
f 3698/5017/6337 3697/5018/6338 3733/5019/6339 3738/5020/6340
s 86
f 3697/5021/6341 3702/5022/6342 3734/5023/6343 3733/5024/6344
s 87
f 3700/5025/6345 3699/5026/6346 3707/5027/6347 3706/5028/6348
s 85
f 3699/5029/6349 3698/5017/6337 3708/5030/6350 3707/5031/6351
s 86
f 3702/5022/6342 3701/5032/6352 3711/5033/6353 3710/5034/6354
s 87
f 3701/5032/6355 3700/5025/6345 3712/5035/6356 3711/5033/6357
s 88
f 3704/5036/6358 3703/5037/6359 3739/5038/6360 3744/5039/6361
s 85
f 3703/5040/6362 3708/5030/6350 3740/5041/6363 3739/5042/6364
s 87
f 3706/5028/6348 3705/5043/6365 3719/5044/6366 3718/5045/6367
s 88
f 3705/5043/6368 3704/5036/6358 3720/5046/6369 3719/5044/6370
s 86
f 3710/5034/6354 3709/5047/6371 3723/5048/6372 3722/5049/6373
s 89
f 3709/5050/6374 3714/5051/6375 3724/5052/6376 3723/5053/6377
f 3714/5051/6375 3713/5054/6378 3717/5055/6379 3716/5056/6380
s 87
f 3713/5054/6381 3712/5035/6356 3718/5045/6367 3717/5055/6382
s 89
f 3716/5056/6380 3715/5057/6383 3731/5058/6384 3730/5059/6385
s 88
f 3715/5060/6386 3720/5046/6369 3732/5061/6387 3731/5062/6388
s 86
f 3722/5049/6373 3721/5063/6389 3735/5064/6390 3734/5023/6343
s 90
f 3721/5065/6391 3726/5066/6392 3736/5067/6393 3735/5068/6394
f 3726/5066/6392 3725/5069/6395 3729/5070/6396 3728/5071/6397
s 89
f 3725/5069/6398 3724/5052/6376 3730/5059/6385 3729/5070/6399
s 90
f 3728/5071/6397 3727/5072/6400 3743/5073/6401 3742/5074/6402
s 88
f 3727/5075/6403 3732/5061/6387 3744/5039/6361 3743/5076/6404
s 85
f 3738/5020/6340 3737/5077/6405 3741/5078/6406 3740/5041/6363
s 90
f 3737/5077/6407 3736/5067/6393 3742/5074/6402 3741/5078/6408
s 87
f 3700/5025/6345 3706/5028/6348 3718/5045/6367 3712/5035/6356
s 89
f 3714/5051/6375 3716/5056/6380 3730/5059/6385 3724/5052/6376
s 90
f 3726/5066/6392 3728/5071/6397 3742/5074/6402 3736/5067/6393
s 85
f 3738/5020/6340 3740/5041/6363 3708/5030/6350 3698/5017/6337
s 88
f 3704/5036/6358 3744/5039/6361 3732/5061/6387 3720/5046/6369
s 86
f 3734/5023/6343 3702/5022/6342 3710/5034/6354 3722/5049/6373
f 3701/5032/6352 3702/5022/6342 3697/5021/6341 3745/5079/6409
s 85
f 3697/5018/6338 3698/5017/6337 3699/5029/6349 3745/5080/6410
s 87
f 3699/5026/6346 3700/5025/6345 3701/5032/6355 3745/5079/6411
s 85
f 3707/5031/6351 3708/5030/6350 3703/5040/6362 3746/5081/6412
s 88
f 3703/5037/6359 3704/5036/6358 3705/5043/6368 3746/5082/6413
s 87
f 3705/5043/6365 3706/5028/6348 3707/5027/6347 3746/5082/6414
s 89
f 3713/5054/6378 3714/5051/6375 3709/5050/6374 3747/5083/6415
s 86
f 3709/5047/6371 3710/5034/6354 3711/5033/6353 3747/5083/6416
s 87
f 3711/5033/6357 3712/5035/6356 3713/5054/6381 3747/5083/6417
s 88
f 3719/5044/6370 3720/5046/6369 3715/5060/6386 3748/5084/6418
s 89
f 3715/5057/6383 3716/5056/6380 3717/5055/6379 3748/5084/6419
s 87
f 3717/5055/6382 3718/5045/6367 3719/5044/6366 3748/5084/6420
s 90
f 3725/5069/6395 3726/5066/6392 3721/5065/6391 3749/5085/6421
s 86
f 3721/5063/6389 3722/5049/6373 3723/5048/6372 3749/5086/6422
s 89
f 3723/5053/6377 3724/5052/6376 3725/5069/6398 3749/5085/6423
s 88
f 3731/5062/6388 3732/5061/6387 3727/5075/6403 3750/5087/6424
s 90
f 3727/5072/6400 3728/5071/6397 3729/5070/6396 3750/5088/6425
s 89
f 3729/5070/6399 3730/5059/6385 3731/5058/6384 3750/5088/6426
s 85
f 3737/5077/6405 3738/5020/6340 3733/5019/6339 3751/5089/6427
s 86
f 3733/5024/6344 3734/5023/6343 3735/5064/6390 3751/5090/6428
s 90
f 3735/5068/6394 3736/5067/6393 3737/5077/6407 3751/5089/6429
s 88
f 3743/5076/6404 3744/5039/6361 3739/5038/6360 3752/5091/6430
s 85
f 3739/5042/6364 3740/5041/6363 3741/5078/6406 3752/5092/6431
s 90
f 3741/5078/6408 3742/5074/6402 3743/5073/6401 3752/5092/6432
s 91
f 3754/5093/6433 3753/5094/6434 3789/5095/6435 3794/5096/6436
s 92
f 3753/5097/6437 3758/5098/6438 3790/5099/6439 3789/5100/6440
s 93
f 3756/5101/6441 3755/5102/6442 3763/5103/6443 3762/5104/6444
s 91
f 3755/5105/6445 3754/5093/6433 3764/5106/6446 3763/5107/6447
s 92
f 3758/5098/6438 3757/5108/6448 3767/5109/6449 3766/5110/6450
s 93
f 3757/5108/6451 3756/5101/6441 3768/5111/6452 3767/5109/6453
s 94
f 3760/5112/6454 3759/5113/6455 3795/5114/6456 3800/5115/6457
s 91
f 3759/5116/6458 3764/5106/6446 3796/5117/6459 3795/5118/6460
s 93
f 3762/5104/6444 3761/5119/6461 3775/5120/6462 3774/5121/6463
s 94
f 3761/5119/6464 3760/5112/6454 3776/5122/6465 3775/5120/6466
s 92
f 3766/5110/6450 3765/5123/6467 3779/5124/6468 3778/5125/6469
s 95
f 3765/5126/6470 3770/5127/6471 3780/5128/6472 3779/5129/6473
f 3770/5127/6471 3769/5130/6474 3773/5131/6475 3772/5132/6476
s 93
f 3769/5130/6477 3768/5111/6452 3774/5121/6463 3773/5131/6478
s 95
f 3772/5132/6476 3771/5133/6479 3787/5134/6480 3786/5135/6481
s 94
f 3771/5136/6482 3776/5122/6465 3788/5137/6483 3787/5138/6484
s 92
f 3778/5125/6469 3777/5139/6485 3791/5140/6486 3790/5099/6439
s 96
f 3777/5141/6487 3782/5142/6488 3792/5143/6489 3791/5144/6490
f 3782/5142/6488 3781/5145/6491 3785/5146/6492 3784/5147/6493
s 95
f 3781/5145/6494 3780/5128/6472 3786/5135/6481 3785/5146/6495
s 96
f 3784/5147/6493 3783/5148/6496 3799/5149/6497 3798/5150/6498
s 94
f 3783/5151/6499 3788/5137/6483 3800/5115/6457 3799/5152/6500
s 91
f 3794/5096/6436 3793/5153/6501 3797/5154/6502 3796/5117/6459
s 96
f 3793/5153/6503 3792/5143/6489 3798/5150/6498 3797/5154/6504
s 93
f 3756/5101/6441 3762/5104/6444 3774/5121/6463 3768/5111/6452
s 95
f 3770/5127/6471 3772/5132/6476 3786/5135/6481 3780/5128/6472
s 96
f 3782/5142/6488 3784/5147/6493 3798/5150/6498 3792/5143/6489
s 91
f 3794/5096/6436 3796/5117/6459 3764/5106/6446 3754/5093/6433
s 94
f 3760/5112/6454 3800/5115/6457 3788/5137/6483 3776/5122/6465
s 92
f 3790/5099/6439 3758/5098/6438 3766/5110/6450 3778/5125/6469
f 3757/5108/6448 3758/5098/6438 3753/5097/6437 3801/5155/6505
s 91
f 3753/5094/6434 3754/5093/6433 3755/5105/6445 3801/5156/6506
s 93
f 3755/5102/6442 3756/5101/6441 3757/5108/6451 3801/5155/6507
s 91
f 3763/5107/6447 3764/5106/6446 3759/5116/6458 3802/5157/6508
s 94
f 3759/5113/6455 3760/5112/6454 3761/5119/6464 3802/5158/6509
s 93
f 3761/5119/6461 3762/5104/6444 3763/5103/6443 3802/5158/6510
s 95
f 3769/5130/6474 3770/5127/6471 3765/5126/6470 3803/5159/6511
s 92
f 3765/5123/6467 3766/5110/6450 3767/5109/6449 3803/5159/6512
s 93
f 3767/5109/6453 3768/5111/6452 3769/5130/6477 3803/5159/6513
s 94
f 3775/5120/6466 3776/5122/6465 3771/5136/6482 3804/5160/6514
s 95
f 3771/5133/6479 3772/5132/6476 3773/5131/6475 3804/5160/6515
s 93
f 3773/5131/6478 3774/5121/6463 3775/5120/6462 3804/5160/6516
s 96
f 3781/5145/6491 3782/5142/6488 3777/5141/6487 3805/5161/6517
s 92
f 3777/5139/6485 3778/5125/6469 3779/5124/6468 3805/5162/6518
s 95
f 3779/5129/6473 3780/5128/6472 3781/5145/6494 3805/5161/6519
s 94
f 3787/5138/6484 3788/5137/6483 3783/5151/6499 3806/5163/6520
s 96
f 3783/5148/6496 3784/5147/6493 3785/5146/6492 3806/5164/6521
s 95
f 3785/5146/6495 3786/5135/6481 3787/5134/6480 3806/5164/6522
s 91
f 3793/5153/6501 3794/5096/6436 3789/5095/6435 3807/5165/6523
s 92
f 3789/5100/6440 3790/5099/6439 3791/5140/6486 3807/5166/6524
s 96
f 3791/5144/6490 3792/5143/6489 3793/5153/6503 3807/5165/6525
s 94
f 3799/5152/6500 3800/5115/6457 3795/5114/6456 3808/5167/6526
s 91
f 3795/5118/6460 3796/5117/6459 3797/5154/6502 3808/5168/6527
s 96
f 3797/5154/6504 3798/5150/6498 3799/5149/6497 3808/5168/6528
s 97
f 3810/5169/6529 3809/5170/6530 3845/5171/6531 3850/5172/6532
s 98
f 3809/5173/6533 3814/5174/6534 3846/5175/6535 3845/5176/6536
s 99
f 3812/5177/6537 3811/5178/6538 3819/5179/6539 3818/5180/6540
s 97
f 3811/5181/6541 3810/5169/6529 3820/5182/6542 3819/5183/6543
s 98
f 3814/5174/6534 3813/5184/6544 3823/5185/6545 3822/5186/6546
s 99
f 3813/5184/6547 3812/5177/6537 3824/5187/6548 3823/5185/6549
s 100
f 3816/5188/6550 3815/5189/6551 3851/5190/6552 3856/5191/6553
s 97
f 3815/5192/6554 3820/5182/6542 3852/5193/6555 3851/5194/6556
s 99
f 3818/5180/6540 3817/5195/6557 3831/5196/6558 3830/5197/6559
s 100
f 3817/5195/6560 3816/5188/6550 3832/5198/6561 3831/5196/6562
s 98
f 3822/5186/6546 3821/5199/6563 3835/5200/6564 3834/5201/6565
s 101
f 3821/5202/6566 3826/5203/6567 3836/5204/6568 3835/5205/6569
f 3826/5203/6567 3825/5206/6570 3829/5207/6571 3828/5208/6572
s 99
f 3825/5206/6573 3824/5187/6548 3830/5197/6559 3829/5207/6574
s 101
f 3828/5208/6572 3827/5209/6575 3843/5210/6576 3842/5211/6577
s 100
f 3827/5212/6578 3832/5198/6561 3844/5213/6579 3843/5214/6580
s 98
f 3834/5201/6565 3833/5215/6581 3847/5216/6582 3846/5175/6535
s 102
f 3833/5217/6583 3838/5218/6584 3848/5219/6585 3847/5220/6586
f 3838/5218/6584 3837/5221/6587 3841/5222/6588 3840/5223/6589
s 101
f 3837/5221/6590 3836/5204/6568 3842/5211/6577 3841/5222/6591
s 102
f 3840/5223/6589 3839/5224/6592 3855/5225/6593 3854/5226/6594
s 100
f 3839/5227/6595 3844/5213/6579 3856/5191/6553 3855/5228/6596
s 97
f 3850/5172/6532 3849/5229/6597 3853/5230/6598 3852/5193/6555
s 102
f 3849/5229/6599 3848/5219/6585 3854/5226/6594 3853/5230/6600
s 99
f 3812/5177/6537 3818/5180/6540 3830/5197/6559 3824/5187/6548
s 101
f 3826/5203/6567 3828/5208/6572 3842/5211/6577 3836/5204/6568
s 102
f 3838/5218/6584 3840/5223/6589 3854/5226/6594 3848/5219/6585
s 97
f 3850/5172/6532 3852/5193/6555 3820/5182/6542 3810/5169/6529
s 100
f 3816/5188/6550 3856/5191/6553 3844/5213/6579 3832/5198/6561
s 98
f 3846/5175/6535 3814/5174/6534 3822/5186/6546 3834/5201/6565
f 3813/5184/6544 3814/5174/6534 3809/5173/6533 3857/5231/6601
s 97
f 3809/5170/6530 3810/5169/6529 3811/5181/6541 3857/5232/6602
s 99
f 3811/5178/6538 3812/5177/6537 3813/5184/6547 3857/5231/6603
s 97
f 3819/5183/6543 3820/5182/6542 3815/5192/6554 3858/5233/6604
s 100
f 3815/5189/6551 3816/5188/6550 3817/5195/6560 3858/5234/6605
s 99
f 3817/5195/6557 3818/5180/6540 3819/5179/6539 3858/5234/6606
s 101
f 3825/5206/6570 3826/5203/6567 3821/5202/6566 3859/5235/6607
s 98
f 3821/5199/6563 3822/5186/6546 3823/5185/6545 3859/5235/6608
s 99
f 3823/5185/6549 3824/5187/6548 3825/5206/6573 3859/5235/6609
s 100
f 3831/5196/6562 3832/5198/6561 3827/5212/6578 3860/5236/6610
s 101
f 3827/5209/6575 3828/5208/6572 3829/5207/6571 3860/5236/6611
s 99
f 3829/5207/6574 3830/5197/6559 3831/5196/6558 3860/5236/6612
s 102
f 3837/5221/6587 3838/5218/6584 3833/5217/6583 3861/5237/6613
s 98
f 3833/5215/6581 3834/5201/6565 3835/5200/6564 3861/5238/6614
s 101
f 3835/5205/6569 3836/5204/6568 3837/5221/6590 3861/5237/6615
s 100
f 3843/5214/6580 3844/5213/6579 3839/5227/6595 3862/5239/6616
s 102
f 3839/5224/6592 3840/5223/6589 3841/5222/6588 3862/5240/6617
s 101
f 3841/5222/6591 3842/5211/6577 3843/5210/6576 3862/5240/6618
s 97
f 3849/5229/6597 3850/5172/6532 3845/5171/6531 3863/5241/6619
s 98
f 3845/5176/6536 3846/5175/6535 3847/5216/6582 3863/5242/6620
s 102
f 3847/5220/6586 3848/5219/6585 3849/5229/6599 3863/5241/6621
s 100
f 3855/5228/6596 3856/5191/6553 3851/5190/6552 3864/5243/6622
s 97
f 3851/5194/6556 3852/5193/6555 3853/5230/6598 3864/5244/6623
s 102
f 3853/5230/6600 3854/5226/6594 3855/5225/6593 3864/5244/6624
s 103
f 3866/5245/6625 3865/5246/6626 3901/5247/6627 3906/5248/6628
s 104
f 3865/5249/6629 3870/5250/6630 3902/5251/6631 3901/5252/6632
s 105
f 3868/5253/6633 3867/5254/6634 3875/5255/6635 3874/5256/6636
s 103
f 3867/5257/6637 3866/5245/6625 3876/5258/6638 3875/5259/6639
s 104
f 3870/5250/6630 3869/5260/6640 3879/5261/6641 3878/5262/6642
s 105
f 3869/5260/6643 3868/5253/6633 3880/5263/6644 3879/5261/6645
s 106
f 3872/5264/6646 3871/5265/6647 3907/5266/6648 3912/5267/6649
s 103
f 3871/5268/6650 3876/5258/6638 3908/5269/6651 3907/5270/6652
s 105
f 3874/5256/6636 3873/5271/6653 3887/5272/6654 3886/5273/6655
s 106
f 3873/5271/6656 3872/5264/6646 3888/5274/6657 3887/5272/6658
s 104
f 3878/5262/6642 3877/5275/6659 3891/5276/6660 3890/5277/6661
s 107
f 3877/5278/6662 3882/5279/6663 3892/5280/6664 3891/5281/6665
f 3882/5279/6663 3881/5282/6666 3885/5283/6667 3884/5284/6668
s 105
f 3881/5282/6669 3880/5263/6644 3886/5273/6655 3885/5283/6670
s 107
f 3884/5284/6668 3883/5285/6671 3899/5286/6672 3898/5287/6673
s 106
f 3883/5288/6674 3888/5274/6657 3900/5289/6675 3899/5290/6676
s 104
f 3890/5277/6661 3889/5291/6677 3903/5292/6678 3902/5251/6631
s 108
f 3889/5293/6679 3894/5294/6680 3904/5295/6681 3903/5296/6682
f 3894/5294/6680 3893/5297/6683 3897/5298/6684 3896/5299/6685
s 107
f 3893/5297/6686 3892/5280/6664 3898/5287/6673 3897/5298/6687
s 108
f 3896/5299/6685 3895/5300/6688 3911/5301/6689 3910/5302/6690
s 106
f 3895/5303/6691 3900/5289/6675 3912/5267/6649 3911/5304/6692
s 103
f 3906/5248/6628 3905/5305/6693 3909/5306/6694 3908/5269/6651
s 108
f 3905/5305/6695 3904/5295/6681 3910/5302/6690 3909/5306/6696
s 105
f 3868/5253/6633 3874/5256/6636 3886/5273/6655 3880/5263/6644
s 107
f 3882/5279/6663 3884/5284/6668 3898/5287/6673 3892/5280/6664
s 108
f 3894/5294/6680 3896/5299/6685 3910/5302/6690 3904/5295/6681
s 103
f 3906/5248/6628 3908/5269/6651 3876/5258/6638 3866/5245/6625
s 106
f 3872/5264/6646 3912/5267/6649 3900/5289/6675 3888/5274/6657
s 104
f 3902/5251/6631 3870/5250/6630 3878/5262/6642 3890/5277/6661
f 3869/5260/6640 3870/5250/6630 3865/5249/6629 3913/5307/6697
s 103
f 3865/5246/6626 3866/5245/6625 3867/5257/6637 3913/5308/6698
s 105
f 3867/5254/6634 3868/5253/6633 3869/5260/6643 3913/5307/6699
s 103
f 3875/5259/6639 3876/5258/6638 3871/5268/6650 3914/5309/6700
s 106
f 3871/5265/6647 3872/5264/6646 3873/5271/6656 3914/5310/6701
s 105
f 3873/5271/6653 3874/5256/6636 3875/5255/6635 3914/5310/6702
s 107
f 3881/5282/6666 3882/5279/6663 3877/5278/6662 3915/5311/6703
s 104
f 3877/5275/6659 3878/5262/6642 3879/5261/6641 3915/5311/6704
s 105
f 3879/5261/6645 3880/5263/6644 3881/5282/6669 3915/5311/6705
s 106
f 3887/5272/6658 3888/5274/6657 3883/5288/6674 3916/5312/6706
s 107
f 3883/5285/6671 3884/5284/6668 3885/5283/6667 3916/5312/6707
s 105
f 3885/5283/6670 3886/5273/6655 3887/5272/6654 3916/5312/6708
s 108
f 3893/5297/6683 3894/5294/6680 3889/5293/6679 3917/5313/6709
s 104
f 3889/5291/6677 3890/5277/6661 3891/5276/6660 3917/5314/6710
s 107
f 3891/5281/6665 3892/5280/6664 3893/5297/6686 3917/5313/6711
s 106
f 3899/5290/6676 3900/5289/6675 3895/5303/6691 3918/5315/6712
s 108
f 3895/5300/6688 3896/5299/6685 3897/5298/6684 3918/5316/6713
s 107
f 3897/5298/6687 3898/5287/6673 3899/5286/6672 3918/5316/6714
s 103
f 3905/5305/6693 3906/5248/6628 3901/5247/6627 3919/5317/6715
s 104
f 3901/5252/6632 3902/5251/6631 3903/5292/6678 3919/5318/6716
s 108
f 3903/5296/6682 3904/5295/6681 3905/5305/6695 3919/5317/6717
s 106
f 3911/5304/6692 3912/5267/6649 3907/5266/6648 3920/5319/6718
s 103
f 3907/5270/6652 3908/5269/6651 3909/5306/6694 3920/5320/6719
s 108
f 3909/5306/6696 3910/5302/6690 3911/5301/6689 3920/5320/6720
s 109
f 3922/5321/6721 3921/5322/6722 3957/5323/6723 3962/5324/6724
s 110
f 3921/5325/6725 3926/5326/6726 3958/5327/6727 3957/5328/6728
s 111
f 3924/5329/6729 3923/5330/6730 3931/5331/6731 3930/5332/6732
s 109
f 3923/5333/6733 3922/5321/6721 3932/5334/6734 3931/5335/6735
s 110
f 3926/5326/6726 3925/5336/6736 3935/5337/6737 3934/5338/6738
s 111
f 3925/5336/6739 3924/5329/6729 3936/5339/6740 3935/5337/6741
s 112
f 3928/5340/6742 3927/5341/6743 3963/5342/6744 3968/5343/6745
s 109
f 3927/5344/6746 3932/5334/6734 3964/5345/6747 3963/5346/6748
s 111
f 3930/5332/6732 3929/5347/6749 3943/5348/6750 3942/5349/6751
s 112
f 3929/5347/6752 3928/5340/6742 3944/5350/6753 3943/5348/6754
s 110
f 3934/5338/6738 3933/5351/6755 3947/5352/6756 3946/5353/6757
s 113
f 3933/5354/6758 3938/5355/6759 3948/5356/6760 3947/5357/6761
f 3938/5355/6759 3937/5358/6762 3941/5359/6763 3940/5360/6764
s 111
f 3937/5358/6765 3936/5339/6740 3942/5349/6751 3941/5359/6766
s 113
f 3940/5360/6764 3939/5361/6767 3955/5362/6768 3954/5363/6769
s 112
f 3939/5364/6770 3944/5350/6753 3956/5365/6771 3955/5366/6772
s 110
f 3946/5353/6757 3945/5367/6773 3959/5368/6774 3958/5327/6727
s 114
f 3945/5369/6775 3950/5370/6776 3960/5371/6777 3959/5372/6778
f 3950/5370/6776 3949/5373/6779 3953/5374/6780 3952/5375/6781
s 113
f 3949/5373/6782 3948/5356/6760 3954/5363/6769 3953/5374/6783
s 114
f 3952/5375/6781 3951/5376/6784 3967/5377/6785 3966/5378/6786
s 112
f 3951/5379/6787 3956/5365/6771 3968/5343/6745 3967/5380/6788
s 109
f 3962/5324/6724 3961/5381/6789 3965/5382/6790 3964/5345/6747
s 114
f 3961/5381/6791 3960/5371/6777 3966/5378/6786 3965/5382/6792
s 111
f 3924/5329/6729 3930/5332/6732 3942/5349/6751 3936/5339/6740
s 113
f 3938/5355/6759 3940/5360/6764 3954/5363/6769 3948/5356/6760
s 114
f 3950/5370/6776 3952/5375/6781 3966/5378/6786 3960/5371/6777
s 109
f 3962/5324/6724 3964/5345/6747 3932/5334/6734 3922/5321/6721
s 112
f 3928/5340/6742 3968/5343/6745 3956/5365/6771 3944/5350/6753
s 110
f 3958/5327/6727 3926/5326/6726 3934/5338/6738 3946/5353/6757
f 3925/5336/6736 3926/5326/6726 3921/5325/6725 3969/5383/6793
s 109
f 3921/5322/6722 3922/5321/6721 3923/5333/6733 3969/5384/6794
s 111
f 3923/5330/6730 3924/5329/6729 3925/5336/6739 3969/5383/6795
s 109
f 3931/5335/6735 3932/5334/6734 3927/5344/6746 3970/5385/6796
s 112
f 3927/5341/6743 3928/5340/6742 3929/5347/6752 3970/5386/6797
s 111
f 3929/5347/6749 3930/5332/6732 3931/5331/6731 3970/5386/6798
s 113
f 3937/5358/6762 3938/5355/6759 3933/5354/6758 3971/5387/6799
s 110
f 3933/5351/6755 3934/5338/6738 3935/5337/6737 3971/5387/6800
s 111
f 3935/5337/6741 3936/5339/6740 3937/5358/6765 3971/5387/6801
s 112
f 3943/5348/6754 3944/5350/6753 3939/5364/6770 3972/5388/6802
s 113
f 3939/5361/6767 3940/5360/6764 3941/5359/6763 3972/5388/6803
s 111
f 3941/5359/6766 3942/5349/6751 3943/5348/6750 3972/5388/6804
s 114
f 3949/5373/6779 3950/5370/6776 3945/5369/6775 3973/5389/6805
s 110
f 3945/5367/6773 3946/5353/6757 3947/5352/6756 3973/5390/6806
s 113
f 3947/5357/6761 3948/5356/6760 3949/5373/6782 3973/5389/6807
s 112
f 3955/5366/6772 3956/5365/6771 3951/5379/6787 3974/5391/6808
s 114
f 3951/5376/6784 3952/5375/6781 3953/5374/6780 3974/5392/6809
s 113
f 3953/5374/6783 3954/5363/6769 3955/5362/6768 3974/5392/6810
s 109
f 3961/5381/6789 3962/5324/6724 3957/5323/6723 3975/5393/6811
s 110
f 3957/5328/6728 3958/5327/6727 3959/5368/6774 3975/5394/6812
s 114
f 3959/5372/6778 3960/5371/6777 3961/5381/6791 3975/5393/6813
s 112
f 3967/5380/6788 3968/5343/6745 3963/5342/6744 3976/5395/6814
s 109
f 3963/5346/6748 3964/5345/6747 3965/5382/6790 3976/5396/6815
s 114
f 3965/5382/6792 3966/5378/6786 3967/5377/6785 3976/5396/6816
g default
v -25.942093 1.279561 7.876275
v -25.777359 1.211326 7.876275
v -25.777359 1.279561 8.041009
v -25.777359 1.444295 8.109244
v -25.942093 1.444295 8.041009
v -26.010328 1.444295 7.876275
v 25.942093 1.279561 7.876275
v 26.010328 1.444295 7.876275
v 25.942093 1.444295 8.041009
v 25.777359 1.444295 8.109244
v 25.777359 1.279561 8.041009
v 25.777359 1.211326 7.876275
v -25.942093 2.075061 7.876275
v -26.010328 1.910327 7.876275
v -25.942093 1.910327 8.041009
v -25.777359 1.910327 8.109244
v -25.777359 2.075061 8.041009
v -25.777359 2.143296 7.876275
v 25.942093 2.075061 7.876275
v 25.777359 2.143296 7.876275
v 25.777359 2.075061 8.041009
v 25.777359 1.910327 8.109244
v 25.942093 1.910327 8.041009
v 26.010328 1.910327 7.876275
v -25.942093 1.910327 4.491476
v -26.010328 1.910327 4.656210
v -25.942093 2.075061 4.656210
v -25.777359 2.143296 4.656210
v -25.777359 2.075061 4.491476
v -25.777359 1.910327 4.423241
v 25.942093 1.910327 4.491476
v 25.777359 1.910327 4.423241
v 25.777359 2.075061 4.491476
v 25.777359 2.143296 4.656210
v 25.942093 2.075061 4.656210
v 26.010328 1.910327 4.656210
v -25.942093 1.279561 4.656210
v -26.010328 1.444295 4.656210
v -25.942093 1.444295 4.491476
v -25.777359 1.444295 4.423241
v -25.777359 1.279561 4.491476
v -25.777359 1.211326 4.656210
v 25.942093 1.279561 4.656210
v 25.777359 1.211326 4.656210
v 25.777359 1.279561 4.491476
v 25.777359 1.444295 4.423241
v 25.942093 1.444295 4.491476
v 26.010328 1.444295 4.656210
v -25.942093 0.369047 8.865016
v -25.777359 0.300812 8.865016
v -25.777359 0.369047 9.029750
v -25.777359 0.533781 9.097985
v -25.942093 0.533781 9.029750
v -26.010328 0.533781 8.865016
v 25.942093 0.369047 8.865016
v 26.010328 0.533781 8.865016
v 25.942093 0.533781 9.029750
v 25.777359 0.533781 9.097985
v 25.777359 0.369047 9.029750
v 25.777359 0.300812 8.865016
v -25.942093 1.164547 8.865016
v -26.010328 0.999813 8.865016
v -25.942093 0.999813 9.029750
v -25.777359 0.999813 9.097985
v -25.777359 1.164547 9.029750
v -25.777359 1.232782 8.865016
v 25.942093 1.164547 8.865016
v 25.777359 1.232782 8.865016
v 25.777359 1.164547 9.029750
v 25.777359 0.999813 9.097985
v 25.942093 0.999813 9.029750
v 26.010328 0.999813 8.865016
v -25.942093 0.999813 5.480217
v -26.010328 0.999813 5.644951
v -25.942093 1.164547 5.644951
v -25.777359 1.232782 5.644951
v -25.777359 1.164547 5.480217
v -25.777359 0.999813 5.411982
v 25.942093 0.999813 5.480217
v 25.777359 0.999813 5.411982
v 25.777359 1.164547 5.480217
v 25.777359 1.232782 5.644951
v 25.942093 1.164547 5.644951
v 26.010328 0.999813 5.644951
v -25.942093 0.369047 5.644951
v -26.010328 0.533781 5.644951
v -25.942093 0.533781 5.480217
v -25.777359 0.533781 5.411982
v -25.777359 0.369047 5.480217
v -25.777359 0.300812 5.644951
v 25.942093 0.369047 5.644951
v 25.777359 0.300812 5.644951
v 25.777359 0.369047 5.480217
v 25.777359 0.533781 5.411982
v 25.942093 0.533781 5.480217
v 26.010328 0.533781 5.644951
v -28.871801 0.369616 6.796944
v -28.707067 0.301381 6.796944
v -28.707067 0.369616 6.961678
v -28.707067 0.534351 7.029913
v -28.871801 0.534351 6.961678
v -28.940037 0.534351 6.796944
v 28.871801 0.369616 6.796944
v 28.940037 0.534351 6.796944
v 28.871801 0.534351 6.961678
v 28.707067 0.534351 7.029913
v 28.707067 0.369616 6.961678
v 28.707067 0.301381 6.796944
v -28.871801 2.804826 6.796944
v -28.940037 2.640092 6.796944
v -28.871801 2.640092 6.961678
v -28.707067 2.640092 7.029913
v -28.707067 2.804826 6.961678
v -28.707067 2.873061 6.796944
v 28.871801 2.804826 6.796944
v 28.707067 2.873061 6.796944
v 28.707067 2.804826 6.961678
v 28.707067 2.640092 7.029913
v 28.871801 2.640092 6.961678
v 28.940037 2.640092 6.796944
v -28.871801 2.640092 -14.828005
v -28.940037 2.640092 -14.663271
v -28.871801 2.804826 -14.663271
v -28.707067 2.873061 -14.663271
v -28.707067 2.804826 -14.828005
v -28.707067 2.640092 -14.896240
v 28.871801 2.640092 -14.828005
v 28.707067 2.640092 -14.896240
v 28.707067 2.804826 -14.828005
v 28.707067 2.873061 -14.663271
v 28.871801 2.804826 -14.663271
v 28.940037 2.640092 -14.663271
v -28.871801 0.369616 -14.663271
v -28.940037 0.534351 -14.663271
v -28.871801 0.534351 -14.828005
v -28.707067 0.534351 -14.896240
v -28.707067 0.369616 -14.828005
v -28.707067 0.301381 -14.663271
v 28.871801 0.369616 -14.663271
v 28.707067 0.301381 -14.663271
v 28.707067 0.369616 -14.828005
v 28.707067 0.534351 -14.896240
v 28.871801 0.534351 -14.828005
v 28.940037 0.534351 -14.663271
v -25.911818 1.309838 8.010733
v 25.911818 1.309838 8.010733
v -25.911818 2.044785 8.010733
v 25.911818 2.044785 8.010733
v -25.911818 2.044785 4.521752
v 25.911818 2.044785 4.521752
v -25.911818 1.309838 4.521752
v 25.911818 1.309838 4.521752
v -25.911818 0.399323 8.999474
v 25.911818 0.399323 8.999474
v -25.911818 1.134271 8.999474
v 25.911818 1.134271 8.999474
v -25.911818 1.134271 5.510493
v 25.911818 1.134271 5.510493
v -25.911818 0.399323 5.510493
v 25.911818 0.399323 5.510493
v -28.841526 0.399893 6.931402
v 28.841526 0.399893 6.931402
v -28.841526 2.774549 6.931402
v 28.841526 2.774549 6.931402
v -28.841526 2.774549 -14.797729
v 28.841526 2.774549 -14.797729
v -28.841526 0.399893 -14.797729
v 28.841526 0.399893 -14.797729
vt 0.278106 0.985702
vt 0.270347 0.992530
vt 0.236357 0.938195
vt 0.229639 0.945381
vt 0.270772 0.992155
vt 0.229021 0.944798
vt 0.228158 0.945525
vt 0.272473 0.994736
vt 0.274052 0.989258
vt 0.232300 0.941846
vt 0.229622 0.958574
vt 0.231515 0.958328
vt 0.233385 0.940870
vt 0.274811 0.988593
vt 0.233056 0.941165
vt 0.062223 0.382354
vt 0.004605 0.380908
vt 0.071030 0.030495
vt 0.013543 0.026712
vt 0.007785 0.380989
vt 0.016598 0.029138
vt 0.016759 0.026826
vt 0.003159 0.405963
vt 0.032197 0.381602
vt 0.041007 0.029746
vt 0.017547 0.004584
vt 0.014330 0.004470
vt 0.049053 0.029947
vt 0.037811 0.381742
vt 0.046620 0.029886
vt 0.142407 0.895665
vt 0.101841 0.909686
vt 0.125775 0.847266
vt 0.085051 0.861034
vt 0.103616 0.909070
vt 0.086897 0.860698
vt 0.086774 0.860398
vt 0.108503 0.928294
vt 0.121981 0.902715
vt 0.105289 0.854334
vt 0.080210 0.843003
vt 0.078504 0.843646
vt 0.107666 0.853512
vt 0.124053 0.901998
vt 0.107366 0.853616
vt 0.228619 0.945168
vt 0.271099 0.991867
vt 0.229338 0.944504
vt 0.274380 0.988970
vt 0.232627 0.941551
vt 0.275139 0.988305
vt 0.270641 0.992727
vt 0.270954 0.992451
vt 0.272761 0.994475
vt 0.013419 0.029058
vt 0.010217 0.381051
vt 0.019029 0.029198
vt 0.034630 0.381663
vt 0.043439 0.029807
vt 0.040244 0.381803
vt 0.004525 0.383214
vt 0.007803 0.383384
vt 0.006452 0.406161
vt 0.085129 0.861314
vt 0.103916 0.908966
vt 0.087197 0.860593
vt 0.122280 0.902611
vt 0.105590 0.854230
vt 0.124352 0.901895
vt 0.101942 0.909994
vt 0.103733 0.909356
vt 0.110298 0.927650
vt 0.278247 0.985923
vt 0.270528 0.992831
vt 0.270184 0.992675
vt 0.279350 0.985736
vt 0.270500 0.992629
vt 0.230292 0.945235
vt 0.236205 0.938031
vt 0.229113 0.945154
vt 0.236522 0.938047
vt 0.228458 0.945309
vt 0.271071 0.992350
vt 0.271244 0.992035
vt 0.270876 0.992303
vt 0.270936 0.992011
vt 0.229150 0.944330
vt 0.227480 0.945531
vt 0.229177 0.944651
vt 0.228627 0.945041
vt 0.272867 0.994583
vt 0.274510 0.989171
vt 0.274202 0.989418
vt 0.272873 0.994377
vt 0.274216 0.989114
vt 0.232439 0.941407
vt 0.229698 0.959328
vt 0.232463 0.941699
vt 0.228895 0.958664
vt 0.232163 0.941678
vt 0.272362 0.994836
vt 0.275283 0.988470
vt 0.274986 0.988758
vt 0.272567 0.994858
vt 0.274975 0.988449
vt 0.233240 0.940706
vt 0.232238 0.958230
vt 0.233221 0.941017
vt 0.231640 0.959069
vt 0.232909 0.940964
vt 0.062201 0.383573
vt 0.003265 0.383123
vt 0.003388 0.380879
vt 0.063466 0.382388
vt 0.004584 0.382057
vt 0.012305 0.026685
vt 0.071069 0.029278
vt 0.013494 0.027886
vt 0.072247 0.030525
vt 0.012202 0.029026
vt 0.009077 0.383437
vt 0.010170 0.382284
vt 0.007815 0.382165
vt 0.009001 0.381020
vt 0.019042 0.027965
vt 0.018001 0.026886
vt 0.017813 0.029168
vt 0.016694 0.027998
vt 0.006414 0.407431
vt 0.034507 0.382942
vt 0.032185 0.382827
vt 0.007714 0.406243
vt 0.033414 0.381632
vt 0.043380 0.028523
vt 0.017629 0.003349
vt 0.042223 0.029777
vt 0.018780 0.004621
vt 0.041055 0.028522
vt 0.001898 0.405894
vt 0.040196 0.383027
vt 0.037871 0.383026
vt 0.003043 0.407229
vt 0.039028 0.381773
vt 0.049066 0.028723
vt 0.013097 0.004419
vt 0.047837 0.029917
vt 0.014337 0.003229
vt 0.046743 0.028607
vt 0.142458 0.895815
vt 0.101789 0.910048
vt 0.101691 0.909738
vt 0.142616 0.895696
vt 0.101892 0.909840
vt 0.084906 0.861089
vt 0.125723 0.847116
vt 0.085090 0.861173
vt 0.125925 0.847214
vt 0.084979 0.861366
vt 0.103885 0.909302
vt 0.103968 0.909117
vt 0.103675 0.909212
vt 0.103766 0.909018
vt 0.087145 0.860443
vt 0.086919 0.860343
vt 0.087047 0.860646
vt 0.086837 0.860548
vt 0.110354 0.927801
vt 0.122329 0.902764
vt 0.122033 0.902865
vt 0.110450 0.927596
vt 0.122130 0.902663
vt 0.105534 0.854079
vt 0.080158 0.842859
vt 0.105440 0.854282
vt 0.080355 0.842948
vt 0.105238 0.854183
vt 0.108351 0.928349
vt 0.124404 0.902045
vt 0.124109 0.902149
vt 0.108556 0.928447
vt 0.124202 0.901946
vt 0.107614 0.853362
vt 0.078359 0.843700
vt 0.107516 0.853564
vt 0.078448 0.843502
vt 0.107317 0.853462
vt 0.278817 0.986261
vt 0.270400 0.992745
vt 0.229220 0.944868
vt 0.236363 0.937939
vt 0.271025 0.992197
vt 0.228571 0.944651
vt 0.272938 0.994494
vt 0.274314 0.989255
vt 0.232333 0.941583
vt 0.229063 0.959276
vt 0.272463 0.994923
vt 0.275117 0.988579
vt 0.233109 0.940869
vt 0.232239 0.958875
vt 0.063243 0.383420
vt 0.003570 0.382007
vt 0.012470 0.027851
vt 0.072090 0.029493
vt 0.008945 0.382140
vt 0.017798 0.028078
vt 0.007473 0.407286
vt 0.033361 0.382657
vt 0.042220 0.028750
vt 0.018643 0.003591
vt 0.002008 0.406958
vt 0.039031 0.382799
vt 0.047890 0.028892
vt 0.013306 0.003395
vt 0.142572 0.895806
vt 0.101762 0.909884
vt 0.084969 0.861213
vt 0.125859 0.847095
vt 0.103810 0.909157
vt 0.086983 0.860502
vt 0.110473 0.927731
vt 0.122173 0.902790
vt 0.105394 0.854155
vt 0.080287 0.842837
vt 0.108419 0.928468
vt 0.124247 0.902073
vt 0.107473 0.853436
vt 0.078335 0.843572
vn -0.001297 -0.999796 0.020134
vn -0.381249 -0.924386 0.012605
vn -0.381249 -0.924386 -0.012605
vn -0.001297 -0.999797 -0.020134
vn -0.924385 -0.381254 0.012605
vn -0.994188 -0.106093 0.018293
vn -0.994188 -0.106093 -0.018293
vn -0.924384 -0.381254 -0.012605
vn -0.001194 -0.107457 0.994209
vn -0.000815 -0.382594 0.923916
vn 0.000815 -0.382594 0.923916
vn 0.001194 -0.107457 0.994209
vn -0.000815 -0.923917 0.382593
vn 0.001297 -0.999796 0.020134
vn 0.000815 -0.923917 0.382593
vn -0.924786 -0.071423 0.373725
vn -0.924786 0.071423 0.373725
vn -0.994188 0.106093 0.018293
vn -0.373725 -0.071421 0.924786
vn -0.001194 0.107457 0.994209
vn -0.373725 0.071422 0.924786
vn 0.994188 -0.106093 0.018293
vn 0.924384 -0.381254 0.012605
vn 0.924385 -0.381254 -0.012605
vn 0.994188 -0.106093 -0.018293
vn 0.381249 -0.924386 0.012605
vn 0.001297 -0.999797 -0.020134
vn 0.381249 -0.924386 -0.012605
vn 0.373725 -0.071422 0.924786
vn 0.373725 0.071421 0.924786
vn 0.001194 0.107457 0.994209
vn 0.924786 -0.071423 0.373725
vn 0.994188 0.106093 0.018293
vn 0.924786 0.071423 0.373724
vn -0.924384 0.381254 0.012605
vn -0.924384 0.381254 -0.012605
vn -0.994188 0.106093 -0.018293
vn -0.381250 0.924386 0.012605
vn -0.001297 0.999796 0.020134
vn -0.001297 0.999797 -0.020134
vn -0.381250 0.924386 -0.012605
vn -0.000815 0.923917 0.382593
vn 0.000815 0.923917 0.382593
vn 0.001297 0.999796 0.020134
vn -0.000815 0.382594 0.923916
vn 0.000815 0.382594 0.923916
vn 0.381250 0.924386 0.012605
vn 0.381250 0.924386 -0.012605
vn 0.001297 0.999797 -0.020134
vn 0.924384 0.381254 0.012605
vn 0.994188 0.106093 -0.018293
vn 0.924384 0.381254 -0.012605
vn -0.924786 0.071423 -0.373724
vn -0.924786 -0.071423 -0.373724
vn -0.373723 0.071421 -0.924787
vn -0.001194 0.107456 -0.994209
vn -0.001194 -0.107456 -0.994209
vn -0.373724 -0.071421 -0.924786
vn -0.000815 0.382592 -0.923917
vn 0.000815 0.382592 -0.923917
vn 0.001194 0.107456 -0.994209
vn -0.000815 0.923917 -0.382592
vn 0.000815 0.923917 -0.382592
vn 0.373723 0.071421 -0.924787
vn 0.373723 -0.071421 -0.924786
vn 0.001194 -0.107456 -0.994209
vn 0.924786 0.071423 -0.373724
vn 0.924786 -0.071423 -0.373724
vn -0.000815 -0.923917 -0.382592
vn 0.000815 -0.923917 -0.382592
vn -0.000815 -0.382591 -0.923917
vn 0.000815 -0.382591 -0.923917
vn -0.001297 -0.999796 0.020134
vn -0.381250 -0.924386 0.012605
vn -0.381250 -0.924386 -0.012605
vn -0.001297 -0.999797 -0.020134
vn -0.924385 -0.381254 0.012605
vn -0.994188 -0.106093 0.018293
vn -0.994188 -0.106093 -0.018293
vn -0.924384 -0.381254 -0.012605
vn -0.001194 -0.107457 0.994209
vn -0.000815 -0.382594 0.923916
vn 0.000815 -0.382594 0.923916
vn 0.001194 -0.107457 0.994209
vn -0.000815 -0.923917 0.382593
vn 0.001297 -0.999796 0.020134
vn 0.000815 -0.923917 0.382593
vn -0.924786 -0.071423 0.373724
vn -0.924786 0.071423 0.373724
vn -0.994188 0.106093 0.018293
vn -0.373723 -0.071421 0.924786
vn -0.001194 0.107457 0.994209
vn -0.373724 0.071421 0.924786
vn 0.994188 -0.106093 0.018293
vn 0.924385 -0.381254 0.012605
vn 0.924385 -0.381254 -0.012605
vn 0.994188 -0.106093 -0.018293
vn 0.381250 -0.924386 0.012605
vn 0.001297 -0.999797 -0.020134
vn 0.381250 -0.924386 -0.012605
vn 0.373723 -0.071422 0.924787
vn 0.373724 0.071421 0.924786
vn 0.001194 0.107457 0.994209
vn 0.924786 -0.071423 0.373724
vn 0.994188 0.106093 0.018293
vn 0.924786 0.071423 0.373724
vn -0.924385 0.381254 0.012605
vn -0.924385 0.381254 -0.012605
vn -0.994188 0.106093 -0.018293
vn -0.381249 0.924386 0.012605
vn -0.001297 0.999796 0.020134
vn -0.001297 0.999797 -0.020134
vn -0.381249 0.924386 -0.012605
vn -0.000815 0.923917 0.382593
vn 0.000815 0.923917 0.382593
vn 0.001297 0.999796 0.020134
vn -0.000815 0.382594 0.923916
vn 0.000815 0.382594 0.923916
vn 0.381249 0.924386 0.012605
vn 0.381249 0.924386 -0.012605
vn 0.001297 0.999797 -0.020134
vn 0.924385 0.381254 0.012605
vn 0.994188 0.106093 -0.018293
vn 0.924385 0.381254 -0.012605
vn -0.924786 0.071423 -0.373723
vn -0.924786 -0.071423 -0.373723
vn -0.373722 0.071422 -0.924787
vn -0.001194 0.107456 -0.994209
vn -0.001194 -0.107456 -0.994209
vn -0.373722 -0.071421 -0.924787
vn -0.000815 0.382591 -0.923917
vn 0.000815 0.382591 -0.923917
vn 0.001194 0.107456 -0.994209
vn -0.000815 0.923917 -0.382592
vn 0.000815 0.923917 -0.382592
vn 0.373722 0.071421 -0.924787
vn 0.373722 -0.071422 -0.924787
vn 0.001194 -0.107456 -0.994209
vn 0.924786 0.071423 -0.373723
vn 0.924786 -0.071423 -0.373723
vn -0.000815 -0.923917 -0.382592
vn 0.000815 -0.923917 -0.382592
vn -0.000815 -0.382591 -0.923917
vn 0.000815 -0.382591 -0.923917
vn -0.001182 -0.999994 0.003152
vn -0.382466 -0.923968 0.001952
vn -0.382466 -0.923968 -0.001952
vn -0.001182 -0.999994 -0.003152
vn -0.923967 -0.382468 0.001952
vn -0.999546 -0.029965 0.003075
vn -0.999546 -0.029965 -0.003075
vn -0.923967 -0.382468 -0.001952
vn -0.001155 -0.030011 0.999549
vn -0.000732 -0.382601 0.923914
vn 0.000732 -0.382601 0.923914
vn 0.001155 -0.030011 0.999549
vn -0.000732 -0.923913 0.382601
vn 0.001182 -0.999994 0.003152
vn 0.000732 -0.923913 0.382601
vn -0.924585 -0.018906 0.380506
vn -0.924585 0.018906 0.380506
vn -0.999546 0.029965 0.003075
vn -0.380505 -0.018907 0.924586
vn -0.001155 0.030011 0.999549
vn -0.380504 0.018907 0.924586
vn 0.999546 -0.029965 0.003075
vn 0.923967 -0.382468 0.001952
vn 0.923967 -0.382468 -0.001952
vn 0.999546 -0.029965 -0.003075
vn 0.382466 -0.923968 0.001952
vn 0.001182 -0.999994 -0.003152
vn 0.382466 -0.923968 -0.001952
vn 0.380505 -0.018907 0.924586
vn 0.380504 0.018907 0.924586
vn 0.001155 0.030011 0.999549
vn 0.924585 -0.018906 0.380506
vn 0.999546 0.029965 0.003075
vn 0.924585 0.018906 0.380506
vn -0.923967 0.382468 0.001952
vn -0.923967 0.382468 -0.001952
vn -0.999546 0.029965 -0.003075
vn -0.382466 0.923967 0.001952
vn -0.001182 0.999994 0.003152
vn -0.001182 0.999994 -0.003152
vn -0.382466 0.923967 -0.001952
vn -0.000732 0.923913 0.382601
vn 0.000732 0.923913 0.382601
vn 0.001182 0.999994 0.003152
vn -0.000732 0.382601 0.923914
vn 0.000732 0.382601 0.923914
vn 0.382466 0.923967 0.001952
vn 0.382466 0.923967 -0.001952
vn 0.001182 0.999994 -0.003152
vn 0.923967 0.382468 0.001952
vn 0.999546 0.029965 -0.003075
vn 0.923967 0.382468 -0.001952
vn -0.924585 0.018906 -0.380506
vn -0.924585 -0.018906 -0.380506
vn -0.380507 0.018907 -0.924585
vn -0.001155 0.030012 -0.999549
vn -0.001155 -0.030012 -0.999549
vn -0.380507 -0.018907 -0.924585
vn -0.000732 0.382603 -0.923913
vn 0.000732 0.382603 -0.923913
vn 0.001155 0.030012 -0.999549
vn -0.000732 0.923913 -0.382602
vn 0.000732 0.923913 -0.382602
vn 0.380507 0.018907 -0.924585
vn 0.380507 -0.018907 -0.924585
vn 0.001155 -0.030012 -0.999549
vn 0.924585 0.018906 -0.380506
vn 0.924585 -0.018906 -0.380506
vn -0.000732 -0.923913 -0.382602
vn 0.000732 -0.923913 -0.382602
vn -0.000732 -0.382603 -0.923913
vn 0.000732 -0.382603 -0.923913
vn -0.887917 -0.325276 0.325267
vn -0.325271 -0.887919 0.325268
vn -0.325267 -0.325270 0.887920
vn 0.325272 -0.887918 0.325269
vn 0.887917 -0.325278 0.325266
vn 0.325265 -0.325270 0.887920
vn -0.325271 0.887919 0.325268
vn -0.887917 0.325278 0.325266
vn -0.325265 0.325270 0.887920
vn 0.887918 0.325275 0.325265
vn 0.325271 0.887919 0.325267
vn 0.325266 0.325269 0.887920
vn -0.325266 0.325269 -0.887920
vn -0.887918 0.325275 -0.325265
vn -0.325269 0.887920 -0.325267
vn 0.887917 0.325277 -0.325266
vn 0.325265 0.325270 -0.887920
vn 0.325270 0.887919 -0.325268
vn -0.325269 -0.887919 -0.325269
vn -0.887917 -0.325278 -0.325266
vn -0.325267 -0.325270 -0.887919
vn 0.887918 -0.325276 -0.325266
vn 0.325269 -0.887919 -0.325269
vn 0.325266 -0.325270 -0.887920
vn -0.887917 -0.325276 0.325267
vn -0.325269 -0.887919 0.325269
vn -0.325266 -0.325270 0.887920
vn 0.325269 -0.887919 0.325270
vn 0.887917 -0.325278 0.325266
vn 0.325265 -0.325270 0.887920
vn -0.325269 0.887919 0.325270
vn -0.887916 0.325278 0.325267
vn -0.325269 0.325269 0.887919
vn 0.887917 0.325276 0.325267
vn 0.325269 0.887919 0.325269
vn 0.325268 0.325269 0.887919
vn -0.325268 0.325269 -0.887919
vn -0.887917 0.325276 -0.325267
vn -0.325269 0.887919 -0.325269
vn 0.887917 0.325278 -0.325267
vn 0.325267 0.325269 -0.887920
vn 0.325270 0.887918 -0.325270
vn -0.325269 -0.887919 -0.325270
vn -0.887916 -0.325279 -0.325267
vn -0.325267 -0.325270 -0.887920
vn 0.887917 -0.325276 -0.325267
vn 0.325268 -0.887919 -0.325269
vn 0.325267 -0.325270 -0.887920
vn -0.887923 -0.325261 0.325268
vn -0.325273 -0.887917 0.325272
vn -0.325267 -0.325267 0.887920
vn 0.325272 -0.887917 0.325271
vn 0.887922 -0.325261 0.325268
vn 0.325267 -0.325267 0.887920
vn -0.325272 0.887917 0.325272
vn -0.887923 0.325261 0.325268
vn -0.325265 0.325268 0.887921
vn 0.887922 0.325261 0.325268
vn 0.325272 0.887916 0.325273
vn 0.325266 0.325268 0.887921
vn -0.325271 0.325271 -0.887917
vn -0.887920 0.325264 -0.325272
vn -0.325273 0.887916 -0.325273
vn 0.887920 0.325264 -0.325271
vn 0.325273 0.325271 -0.887917
vn 0.325273 0.887917 -0.325272
vn -0.325268 -0.887919 -0.325271
vn -0.887921 -0.325263 -0.325270
vn -0.325278 -0.325270 -0.887915
vn 0.887921 -0.325263 -0.325270
vn 0.325268 -0.887918 -0.325272
vn 0.325278 -0.325270 -0.887915
s 1
g pCube61
usemtl initialShadingGroup
f 3978/5397/6817 3977/5469/6818 4013/5498/6819 4018/5447/6820
s 2
f 3977/5470/6821 3982/5448/6822 4014/5404/6823 4013/5497/6824
s 3
f 3980/5398/6825 3979/5471/6826 3987/5478/6827 3986/5442/6828
s 1
f 3979/5472/6829 3978/5397/6817 3988/5399/6830 3987/5477/6831
s 2
f 3982/5448/6822 3981/5473/6832 3991/5481/6833 3990/5449/6834
s 3
f 3981/5473/6835 3980/5398/6825 3992/5401/6836 3991/5481/6837
s 4
f 3984/5400/6838 3983/5474/6839 4019/5503/6840 4024/5408/6841
s 1
f 3983/5475/6842 3988/5399/6830 4020/5409/6843 4019/5502/6844
s 3
f 3986/5442/6828 3985/5476/6845 3999/5486/6846 3998/5402/6847
s 4
f 3985/5476/6848 3984/5400/6838 4000/5403/6849 3999/5486/6850
s 2
f 3990/5449/6834 3989/5479/6851 4003/5490/6852 4002/5450/6853
s 5
f 3989/5480/6854 3994/5443/6855 4004/5405/6856 4003/5489/6857
f 3994/5443/6855 3993/5482/6858 3997/5485/6859 3996/5444/6860
s 3
f 3993/5482/6861 3992/5401/6836 3998/5402/6847 3997/5485/6862
s 5
f 3996/5444/6860 3995/5483/6863 4011/5496/6864 4010/5406/6865
s 4
f 3995/5484/6866 4000/5403/6849 4012/5407/6867 4011/5495/6868
s 2
f 4002/5450/6853 4001/5487/6869 4015/5500/6870 4014/5404/6823
s 6
f 4001/5488/6871 4006/5445/6872 4016/5410/6873 4015/5499/6874
f 4006/5445/6872 4005/5491/6875 4009/5494/6876 4008/5446/6877
s 5
f 4005/5491/6878 4004/5405/6856 4010/5406/6865 4009/5494/6879
s 6
f 4008/5446/6877 4007/5492/6880 4023/5506/6881 4022/5411/6882
s 4
f 4007/5493/6883 4012/5407/6867 4024/5408/6841 4023/5505/6884
s 1
f 4018/5447/6820 4017/5501/6885 4021/5504/6886 4020/5409/6843
s 6
f 4017/5501/6887 4016/5410/6873 4022/5411/6882 4021/5504/6888
s 7
f 4026/5412/6889 4025/5507/6890 4061/5536/6891 4066/5456/6892
s 8
f 4025/5508/6893 4030/5457/6894 4062/5419/6895 4061/5535/6896
s 9
f 4028/5413/6897 4027/5509/6898 4035/5516/6899 4034/5451/6900
s 7
f 4027/5510/6901 4026/5412/6889 4036/5414/6902 4035/5515/6903
s 8
f 4030/5457/6894 4029/5511/6904 4039/5519/6905 4038/5458/6906
s 9
f 4029/5511/6907 4028/5413/6897 4040/5416/6908 4039/5519/6909
s 10
f 4032/5415/6910 4031/5512/6911 4067/5541/6912 4072/5423/6913
s 7
f 4031/5513/6914 4036/5414/6902 4068/5424/6915 4067/5540/6916
s 9
f 4034/5451/6900 4033/5514/6917 4047/5524/6918 4046/5417/6919
s 10
f 4033/5514/6920 4032/5415/6910 4048/5418/6921 4047/5524/6922
s 8
f 4038/5458/6906 4037/5517/6923 4051/5528/6924 4050/5459/6925
s 11
f 4037/5518/6926 4042/5452/6927 4052/5420/6928 4051/5527/6929
f 4042/5452/6927 4041/5520/6930 4045/5523/6931 4044/5453/6932
s 9
f 4041/5520/6933 4040/5416/6908 4046/5417/6919 4045/5523/6934
s 11
f 4044/5453/6932 4043/5521/6935 4059/5534/6936 4058/5421/6937
s 10
f 4043/5522/6938 4048/5418/6921 4060/5422/6939 4059/5533/6940
s 8
f 4050/5459/6925 4049/5525/6941 4063/5538/6942 4062/5419/6895
s 12
f 4049/5526/6943 4054/5454/6944 4064/5425/6945 4063/5537/6946
f 4054/5454/6944 4053/5529/6947 4057/5532/6948 4056/5455/6949
s 11
f 4053/5529/6950 4052/5420/6928 4058/5421/6937 4057/5532/6951
s 12
f 4056/5455/6949 4055/5530/6952 4071/5544/6953 4070/5426/6954
s 10
f 4055/5531/6955 4060/5422/6939 4072/5423/6913 4071/5543/6956
s 7
f 4066/5456/6892 4065/5539/6957 4069/5542/6958 4068/5424/6915
s 12
f 4065/5539/6959 4064/5425/6945 4070/5426/6954 4069/5542/6960
s 13
f 4074/5427/6961 4073/5545/6962 4109/5574/6963 4114/5465/6964
s 14
f 4073/5546/6965 4078/5466/6966 4110/5434/6967 4109/5573/6968
s 15
f 4076/5428/6969 4075/5547/6970 4083/5554/6971 4082/5460/6972
s 13
f 4075/5548/6973 4074/5427/6961 4084/5429/6974 4083/5553/6975
s 14
f 4078/5466/6966 4077/5549/6976 4087/5557/6977 4086/5467/6978
s 15
f 4077/5549/6979 4076/5428/6969 4088/5431/6980 4087/5557/6981
s 16
f 4080/5430/6982 4079/5550/6983 4115/5579/6984 4120/5438/6985
s 13
f 4079/5551/6986 4084/5429/6974 4116/5439/6987 4115/5578/6988
s 15
f 4082/5460/6972 4081/5552/6989 4095/5562/6990 4094/5432/6991
s 16
f 4081/5552/6992 4080/5430/6982 4096/5433/6993 4095/5562/6994
s 14
f 4086/5467/6978 4085/5555/6995 4099/5566/6996 4098/5468/6997
s 17
f 4085/5556/6998 4090/5461/6999 4100/5435/7000 4099/5565/7001
f 4090/5461/6999 4089/5558/7002 4093/5561/7003 4092/5462/7004
s 15
f 4089/5558/7005 4088/5431/6980 4094/5432/6991 4093/5561/7006
s 17
f 4092/5462/7004 4091/5559/7007 4107/5572/7008 4106/5436/7009
s 16
f 4091/5560/7010 4096/5433/6993 4108/5437/7011 4107/5571/7012
s 14
f 4098/5468/6997 4097/5563/7013 4111/5576/7014 4110/5434/6967
s 18
f 4097/5564/7015 4102/5463/7016 4112/5440/7017 4111/5575/7018
f 4102/5463/7016 4101/5567/7019 4105/5570/7020 4104/5464/7021
s 17
f 4101/5567/7022 4100/5435/7000 4106/5436/7009 4105/5570/7023
s 18
f 4104/5464/7021 4103/5568/7024 4119/5582/7025 4118/5441/7026
s 16
f 4103/5569/7027 4108/5437/7011 4120/5438/6985 4119/5581/7028
s 13
f 4114/5465/6964 4113/5577/7029 4117/5580/7030 4116/5439/6987
s 18
f 4113/5577/7031 4112/5440/7017 4118/5441/7026 4117/5580/7032
s 3
f 3980/5398/6825 3986/5442/6828 3998/5402/6847 3992/5401/6836
s 5
f 3994/5443/6855 3996/5444/6860 4010/5406/6865 4004/5405/6856
s 6
f 4006/5445/6872 4008/5446/6877 4022/5411/6882 4016/5410/6873
s 1
f 4018/5447/6820 4020/5409/6843 3988/5399/6830 3978/5397/6817
s 4
f 3984/5400/6838 4024/5408/6841 4012/5407/6867 4000/5403/6849
s 2
f 4014/5404/6823 3982/5448/6822 3990/5449/6834 4002/5450/6853
s 9
f 4028/5413/6897 4034/5451/6900 4046/5417/6919 4040/5416/6908
s 11
f 4042/5452/6927 4044/5453/6932 4058/5421/6937 4052/5420/6928
s 12
f 4054/5454/6944 4056/5455/6949 4070/5426/6954 4064/5425/6945
s 7
f 4066/5456/6892 4068/5424/6915 4036/5414/6902 4026/5412/6889
s 10
f 4032/5415/6910 4072/5423/6913 4060/5422/6939 4048/5418/6921
s 8
f 4062/5419/6895 4030/5457/6894 4038/5458/6906 4050/5459/6925
s 15
f 4076/5428/6969 4082/5460/6972 4094/5432/6991 4088/5431/6980
s 17
f 4090/5461/6999 4092/5462/7004 4106/5436/7009 4100/5435/7000
s 18
f 4102/5463/7016 4104/5464/7021 4118/5441/7026 4112/5440/7017
s 13
f 4114/5465/6964 4116/5439/6987 4084/5429/6974 4074/5427/6961
s 16
f 4080/5430/6982 4120/5438/6985 4108/5437/7011 4096/5433/6993
s 14
f 4110/5434/6967 4078/5466/6966 4086/5467/6978 4098/5468/6997
s 2
f 3981/5473/6832 3982/5448/6822 3977/5470/6821 4121/5584/7033
s 1
f 3977/5469/6818 3978/5397/6817 3979/5472/6829 4121/5583/7034
s 3
f 3979/5471/6826 3980/5398/6825 3981/5473/6835 4121/5584/7035
s 1
f 3987/5477/6831 3988/5399/6830 3983/5475/6842 4122/5586/7036
s 4
f 3983/5474/6839 3984/5400/6838 3985/5476/6848 4122/5585/7037
s 3
f 3985/5476/6845 3986/5442/6828 3987/5478/6827 4122/5585/7038
s 5
f 3993/5482/6858 3994/5443/6855 3989/5480/6854 4123/5587/7039
s 2
f 3989/5479/6851 3990/5449/6834 3991/5481/6833 4123/5587/7040
s 3
f 3991/5481/6837 3992/5401/6836 3993/5482/6861 4123/5587/7041
s 4
f 3999/5486/6850 4000/5403/6849 3995/5484/6866 4124/5588/7042
s 5
f 3995/5483/6863 3996/5444/6860 3997/5485/6859 4124/5588/7043
s 3
f 3997/5485/6862 3998/5402/6847 3999/5486/6846 4124/5588/7044
s 6
f 4005/5491/6875 4006/5445/6872 4001/5488/6871 4125/5590/7045
s 2
f 4001/5487/6869 4002/5450/6853 4003/5490/6852 4125/5589/7046
s 5
f 4003/5489/6857 4004/5405/6856 4005/5491/6878 4125/5590/7047
s 4
f 4011/5495/6868 4012/5407/6867 4007/5493/6883 4126/5592/7048
s 6
f 4007/5492/6880 4008/5446/6877 4009/5494/6876 4126/5591/7049
s 5
f 4009/5494/6879 4010/5406/6865 4011/5496/6864 4126/5591/7050
s 1
f 4017/5501/6885 4018/5447/6820 4013/5498/6819 4127/5594/7051
s 2
f 4013/5497/6824 4014/5404/6823 4015/5500/6870 4127/5593/7052
s 6
f 4015/5499/6874 4016/5410/6873 4017/5501/6887 4127/5594/7053
s 4
f 4023/5505/6884 4024/5408/6841 4019/5503/6840 4128/5596/7054
s 1
f 4019/5502/6844 4020/5409/6843 4021/5504/6886 4128/5595/7055
s 6
f 4021/5504/6888 4022/5411/6882 4023/5506/6881 4128/5595/7056
s 8
f 4029/5511/6904 4030/5457/6894 4025/5508/6893 4129/5598/7057
s 7
f 4025/5507/6890 4026/5412/6889 4027/5510/6901 4129/5597/7058
s 9
f 4027/5509/6898 4028/5413/6897 4029/5511/6907 4129/5598/7059
s 7
f 4035/5515/6903 4036/5414/6902 4031/5513/6914 4130/5600/7060
s 10
f 4031/5512/6911 4032/5415/6910 4033/5514/6920 4130/5599/7061
s 9
f 4033/5514/6917 4034/5451/6900 4035/5516/6899 4130/5599/7062
s 11
f 4041/5520/6930 4042/5452/6927 4037/5518/6926 4131/5601/7063
s 8
f 4037/5517/6923 4038/5458/6906 4039/5519/6905 4131/5601/7064
s 9
f 4039/5519/6909 4040/5416/6908 4041/5520/6933 4131/5601/7065
s 10
f 4047/5524/6922 4048/5418/6921 4043/5522/6938 4132/5602/7066
s 11
f 4043/5521/6935 4044/5453/6932 4045/5523/6931 4132/5602/7067
s 9
f 4045/5523/6934 4046/5417/6919 4047/5524/6918 4132/5602/7068
s 12
f 4053/5529/6947 4054/5454/6944 4049/5526/6943 4133/5604/7069
s 8
f 4049/5525/6941 4050/5459/6925 4051/5528/6924 4133/5603/7070
s 11
f 4051/5527/6929 4052/5420/6928 4053/5529/6950 4133/5604/7071
s 10
f 4059/5533/6940 4060/5422/6939 4055/5531/6955 4134/5606/7072
s 12
f 4055/5530/6952 4056/5455/6949 4057/5532/6948 4134/5605/7073
s 11
f 4057/5532/6951 4058/5421/6937 4059/5534/6936 4134/5605/7074
s 7
f 4065/5539/6957 4066/5456/6892 4061/5536/6891 4135/5608/7075
s 8
f 4061/5535/6896 4062/5419/6895 4063/5538/6942 4135/5607/7076
s 12
f 4063/5537/6946 4064/5425/6945 4065/5539/6959 4135/5608/7077
s 10
f 4071/5543/6956 4072/5423/6913 4067/5541/6912 4136/5610/7078
s 7
f 4067/5540/6916 4068/5424/6915 4069/5542/6958 4136/5609/7079
s 12
f 4069/5542/6960 4070/5426/6954 4071/5544/6953 4136/5609/7080
s 14
f 4077/5549/6976 4078/5466/6966 4073/5546/6965 4137/5612/7081
s 13
f 4073/5545/6962 4074/5427/6961 4075/5548/6973 4137/5611/7082
s 15
f 4075/5547/6970 4076/5428/6969 4077/5549/6979 4137/5612/7083
s 13
f 4083/5553/6975 4084/5429/6974 4079/5551/6986 4138/5614/7084
s 16
f 4079/5550/6983 4080/5430/6982 4081/5552/6992 4138/5613/7085
s 15
f 4081/5552/6989 4082/5460/6972 4083/5554/6971 4138/5613/7086
s 17
f 4089/5558/7002 4090/5461/6999 4085/5556/6998 4139/5615/7087
s 14
f 4085/5555/6995 4086/5467/6978 4087/5557/6977 4139/5615/7088
s 15
f 4087/5557/6981 4088/5431/6980 4089/5558/7005 4139/5615/7089
s 16
f 4095/5562/6994 4096/5433/6993 4091/5560/7010 4140/5616/7090
s 17
f 4091/5559/7007 4092/5462/7004 4093/5561/7003 4140/5616/7091
s 15
f 4093/5561/7006 4094/5432/6991 4095/5562/6990 4140/5616/7092
s 18
f 4101/5567/7019 4102/5463/7016 4097/5564/7015 4141/5618/7093
s 14
f 4097/5563/7013 4098/5468/6997 4099/5566/6996 4141/5617/7094
s 17
f 4099/5565/7001 4100/5435/7000 4101/5567/7022 4141/5618/7095
s 16
f 4107/5571/7012 4108/5437/7011 4103/5569/7027 4142/5620/7096
s 18
f 4103/5568/7024 4104/5464/7021 4105/5570/7020 4142/5619/7097
s 17
f 4105/5570/7023 4106/5436/7009 4107/5572/7008 4142/5619/7098
s 13
f 4113/5577/7029 4114/5465/6964 4109/5574/6963 4143/5622/7099
s 14
f 4109/5573/6968 4110/5434/6967 4111/5576/7014 4143/5621/7100
s 18
f 4111/5575/7018 4112/5440/7017 4113/5577/7031 4143/5622/7101
s 16
f 4119/5581/7028 4120/5438/6985 4115/5579/6984 4144/5624/7102
s 13
f 4115/5578/6988 4116/5439/6987 4117/5580/7030 4144/5623/7103
s 18
f 4117/5580/7032 4118/5441/7026 4119/5582/7025 4144/5623/7104
